<?xml version="1.0" encoding="UTF-8"?>
<kml xmlns="http://www.opengis.net/kml/2.2">
<Document>
<name>Phase 6: Alluvial Source Tracer — 5m DEM</name>
<description>Google Elevation API | Center: -15.395531, 31.416193 | Grid: 5m | Radius: 500m | Points: 40401</description>
<Style id="stream_major"><LineStyle><color>ff0000ff</color><width>4</width></LineStyle></Style>
<Style id="stream_medium"><LineStyle><color>ff0080ff</color><width>3</width></LineStyle></Style>
<Style id="stream_minor"><LineStyle><color>ff00aaff</color><width>2</width></LineStyle></Style>
<Style id="contour"><LineStyle><color>ff808080</color><width>1</width></LineStyle></Style>
<Folder><name>Drainage Network</name>
<Placemark>
  <name>Stream 1 (max acc: 11914, elev: 702m)</name>
  <styleUrl>#stream_major</styleUrl>
  <LineString><tessellate>1</tessellate>
    <coordinates>31.414932,-15.391207,713.3 31.414978,-15.391207,713.1 31.415025,-15.391207,713.0 31.415072,-15.391207,712.8 31.415118,-15.391207,712.6 31.415165,-15.391207,712.5 31.415212,-15.391207,712.3 31.415259,-15.391207,712.2 31.415305,-15.391207,712.0 31.415352,-15.391207,711.8 31.415399,-15.391207,711.7 31.415399,-15.391252,711.6 31.415399,-15.391297,711.6 31.415399,-15.391342,711.5 31.415399,-15.391387,711.4 31.415399,-15.391432,711.4 31.415399,-15.391477,711.3 31.415399,-15.391522,711.2 31.415399,-15.391567,711.2 31.415399,-15.391612,711.1 31.415399,-15.391657,711.1 31.415399,-15.391702,710.9 31.415399,-15.391747,710.8 31.415399,-15.391792,710.7 31.415399,-15.391837,710.5 31.415399,-15.391882,710.4 31.415399,-15.391927,710.3 31.415399,-15.391972,710.2 31.415399,-15.392017,710.0 31.415399,-15.392063,709.9 31.415399,-15.392108,709.8 31.415399,-15.392153,709.6 31.415445,-15.392198,709.5 31.415445,-15.392243,709.3 31.415445,-15.392288,709.2 31.415445,-15.392333,709.1 31.415445,-15.392378,708.9 31.415445,-15.392423,708.7 31.415445,-15.392468,708.5 31.415445,-15.392513,708.3 31.415445,-15.392558,708.1 31.415445,-15.392603,707.9 31.415445,-15.392648,707.7 31.415445,-15.392693,707.5 31.415445,-15.392738,707.3 31.415445,-15.392783,707.1 31.415445,-15.392828,707.0 31.415445,-15.392873,706.8 31.415445,-15.392918,706.6 31.415445,-15.392963,706.4 31.415445,-15.393008,706.2 31.415445,-15.393054,706.0 31.415445,-15.393099,705.7 31.415445,-15.393144,705.4 31.415445,-15.393189,705.2 31.415445,-15.393234,704.9 31.415445,-15.393279,704.7 31.415445,-15.393324,704.4 31.415445,-15.393369,704.1 31.415445,-15.393414,703.9 31.415445,-15.393459,703.6 31.415445,-15.393504,703.4 31.415445,-15.393549,703.1 31.415445,-15.393594,702.9 31.415445,-15.393639,702.6 31.415445,-15.393684,702.3 31.415445,-15.393729,702.1 31.415445,-15.393774,702.0 31.415445,-15.393819,701.8 31.415445,-15.393864,701.7 31.415445,-15.393909,701.5 31.415445,-15.393954,701.4 31.415445,-15.393999,701.2 31.415445,-15.394045,701.1 31.415445,-15.394090,701.0 31.415445,-15.394135,700.8 31.415445,-15.394180,700.7 31.415445,-15.394225,700.5 31.415445,-15.394270,700.4 31.415445,-15.394315,700.2 31.415445,-15.394360,700.1 31.415492,-15.394405,699.9 31.415492,-15.394450,699.7 31.415492,-15.394495,699.5 31.415492,-15.394540,699.3 31.415492,-15.394585,699.1 31.415492,-15.394630,698.9 31.415492,-15.394675,698.7 31.415492,-15.394720,698.5 31.415492,-15.394765,698.3 31.415492,-15.394810,698.1 31.415492,-15.394855,697.9 31.415492,-15.394900,697.7 31.415492,-15.394945,697.5 31.415492,-15.394990,697.3 31.415492,-15.395036,697.1 31.415492,-15.395081,696.9 31.415539,-15.395126,696.7 31.415586,-15.395171,696.5 31.415632,-15.395216,696.3 31.415679,-15.395261,696.0 31.415726,-15.395306,695.8 31.415773,-15.395351,695.5 31.415819,-15.395396,695.3 31.415866,-15.395441,695.0 31.415913,-15.395486,694.7 31.415959,-15.395531,694.4 31.416006,-15.395576,694.1 31.416053,-15.395621,693.8 31.416053,-15.395666,693.6 31.416100,-15.395711,693.3 31.416100,-15.395756,693.1 31.416100,-15.395801,692.9 31.416100,-15.395846,692.7 31.416100,-15.395891,692.6 31.416100,-15.395936,692.4 31.416100,-15.395981,692.2 31.416100,-15.396026,692.0 31.416100,-15.396072,691.8 31.416100,-15.396117,691.6 31.416100,-15.396162,691.4 31.416100,-15.396207,691.2 31.416100,-15.396252,691.0 31.416100,-15.396297,690.8 31.416100,-15.396342,690.6 31.416100,-15.396387,690.4 31.416100,-15.396432,690.2 31.416100,-15.396477,690.0 31.416053,-15.396432,690.2 31.416053,-15.396477,690.1 31.416100,-15.396477,690.0</coordinates>
  </LineString>
</Placemark>
<Placemark>
  <name>Stream 2 (max acc: 3388, elev: 708m)</name>
  <styleUrl>#stream_medium</styleUrl>
  <LineString><tessellate>1</tessellate>
    <coordinates>31.416660,-15.391657,714.5 31.416613,-15.391702,714.2 31.416567,-15.391702,714.0 31.416520,-15.391702,713.8 31.416473,-15.391702,713.6 31.416427,-15.391747,713.3 31.416380,-15.391792,712.9 31.416333,-15.391837,712.6 31.416286,-15.391882,712.2 31.416240,-15.391927,711.7 31.416193,-15.391972,711.3 31.416146,-15.392017,710.8 31.416100,-15.392063,710.3 31.416100,-15.392108,710.1 31.416100,-15.392153,709.9 31.416100,-15.392198,709.7 31.416100,-15.392243,709.5 31.416100,-15.392288,709.3 31.416100,-15.392333,709.1 31.416053,-15.392378,708.9 31.416053,-15.392423,708.8 31.416053,-15.392468,708.6 31.416053,-15.392513,708.5 31.416053,-15.392558,708.4 31.416053,-15.392603,708.2 31.416053,-15.392648,708.1 31.416053,-15.392693,708.0 31.416053,-15.392738,707.8 31.416053,-15.392783,707.7 31.416053,-15.392828,707.6 31.416053,-15.392873,707.4 31.416006,-15.392918,707.2 31.415959,-15.392963,707.0 31.415913,-15.393008,706.8 31.415913,-15.393054,706.7 31.415913,-15.393099,706.4 31.415913,-15.393144,706.2 31.415913,-15.393189,706.0 31.415913,-15.393234,705.8 31.415866,-15.393279,705.5 31.415819,-15.393324,705.2 31.415773,-15.393369,704.9 31.415726,-15.393414,704.5 31.415679,-15.393459,704.2 31.415632,-15.393504,703.8 31.415586,-15.393549,703.5 31.415539,-15.393594,703.1 31.415492,-15.393639,702.7 31.415445,-15.393684,702.3</coordinates>
  </LineString>
</Placemark>
<Placemark>
  <name>Stream 3 (max acc: 950, elev: 710m)</name>
  <styleUrl>#stream_medium</styleUrl>
  <LineString><tessellate>1</tessellate>
    <coordinates>31.415445,-15.391702,710.9 31.415445,-15.391747,710.8 31.415445,-15.391792,710.7 31.415445,-15.391837,710.5 31.415445,-15.391882,710.4 31.415445,-15.391927,710.3 31.415445,-15.391972,710.1 31.415445,-15.392017,710.0 31.415445,-15.392063,709.9 31.415445,-15.392108,709.7 31.415445,-15.392153,709.6 31.415445,-15.392198,709.5</coordinates>
  </LineString>
</Placemark>
<Placemark>
  <name>Stream 4 (max acc: 1275, elev: 710m)</name>
  <styleUrl>#stream_medium</styleUrl>
  <LineString><tessellate>1</tessellate>
    <coordinates>31.416053,-15.391702,711.8 31.416053,-15.391747,711.6 31.416053,-15.391792,711.4 31.416053,-15.391837,711.2 31.416053,-15.391882,711.0 31.416053,-15.391927,710.8 31.416053,-15.391972,710.6 31.416053,-15.392017,710.4 31.416053,-15.392063,710.2 31.416053,-15.392108,710.0 31.416053,-15.392153,709.8 31.416053,-15.392198,709.7 31.416053,-15.392243,709.5 31.416053,-15.392288,709.3 31.416053,-15.392333,709.1 31.416053,-15.392378,708.9</coordinates>
  </LineString>
</Placemark>
<Placemark>
  <name>Stream 5 (max acc: 702, elev: 712m)</name>
  <styleUrl>#stream_medium</styleUrl>
  <LineString><tessellate>1</tessellate>
    <coordinates>31.416427,-15.391837,713.1 31.416380,-15.391882,712.7 31.416333,-15.391927,712.3 31.416286,-15.391972,711.9 31.416240,-15.392017,711.4 31.416193,-15.392063,711.0 31.416146,-15.392108,710.4 31.416100,-15.392153,709.9</coordinates>
  </LineString>
</Placemark>
<Placemark>
  <name>Stream 6 (max acc: 604, elev: 714m)</name>
  <styleUrl>#stream_medium</styleUrl>
  <LineString><tessellate>1</tessellate>
    <coordinates>31.414604,-15.391882,718.1 31.414651,-15.391882,717.4 31.414698,-15.391882,716.6 31.414745,-15.391882,716.1 31.414791,-15.391882,715.7 31.414838,-15.391882,715.3 31.414885,-15.391882,714.9 31.414932,-15.391882,714.5 31.414978,-15.391882,714.1 31.415025,-15.391882,713.7 31.415072,-15.391882,713.3 31.415118,-15.391882,712.9 31.415165,-15.391882,712.4 31.415212,-15.391882,712.0 31.415259,-15.391882,711.6 31.415305,-15.391882,711.2 31.415352,-15.391882,710.8 31.415399,-15.391882,710.4</coordinates>
  </LineString>
</Placemark>
<Placemark>
  <name>Stream 7 (max acc: 764, elev: 711m)</name>
  <styleUrl>#stream_medium</styleUrl>
  <LineString><tessellate>1</tessellate>
    <coordinates>31.416380,-15.391927,712.6 31.416333,-15.391972,712.2 31.416286,-15.392017,711.7 31.416240,-15.392063,711.3 31.416193,-15.392108,710.8 31.416146,-15.392153,710.3 31.416100,-15.392198,709.7</coordinates>
  </LineString>
</Placemark>
<Placemark>
  <name>Stream 8 (max acc: 704, elev: 711m)</name>
  <styleUrl>#stream_medium</styleUrl>
  <LineString><tessellate>1</tessellate>
    <coordinates>31.415212,-15.391972,711.9 31.415259,-15.391972,711.5 31.415305,-15.391972,711.0 31.415352,-15.391972,710.6 31.415399,-15.391972,710.2</coordinates>
  </LineString>
</Placemark>
<Placemark>
  <name>Stream 9 (max acc: 765, elev: 712m)</name>
  <styleUrl>#stream_medium</styleUrl>
  <LineString><tessellate>1</tessellate>
    <coordinates>31.414932,-15.392017,714.5 31.414978,-15.392017,714.0 31.415025,-15.392017,713.6 31.415072,-15.392017,713.1 31.415118,-15.392017,712.7 31.415165,-15.392017,712.3 31.415212,-15.392017,711.8 31.415259,-15.392017,711.4 31.415305,-15.392017,710.9 31.415352,-15.392017,710.5 31.415399,-15.392017,710.0</coordinates>
  </LineString>
</Placemark>
<Placemark>
  <name>Stream 10 (max acc: 861, elev: 711m)</name>
  <styleUrl>#stream_medium</styleUrl>
  <LineString><tessellate>1</tessellate>
    <coordinates>31.416333,-15.392063,711.9 31.416286,-15.392108,711.5 31.416240,-15.392153,711.0 31.416193,-15.392198,710.4 31.416146,-15.392243,709.9 31.416100,-15.392288,709.3</coordinates>
  </LineString>
</Placemark>
<Placemark>
  <name>Stream 11 (max acc: 1058, elev: 710m)</name>
  <styleUrl>#stream_medium</styleUrl>
  <LineString><tessellate>1</tessellate>
    <coordinates>31.416286,-15.392153,711.3 31.416240,-15.392198,710.8 31.416193,-15.392243,710.3 31.416146,-15.392288,709.7 31.416100,-15.392333,709.1</coordinates>
  </LineString>
</Placemark>
<Placemark>
  <name>Stream 12 (max acc: 1058, elev: 710m)</name>
  <styleUrl>#stream_medium</styleUrl>
  <LineString><tessellate>1</tessellate>
    <coordinates>31.416286,-15.392243,711.0 31.416240,-15.392288,710.5 31.416193,-15.392333,709.9 31.416146,-15.392333,709.5 31.416100,-15.392333,709.1</coordinates>
  </LineString>
</Placemark>
<Placemark>
  <name>Stream 13 (max acc: 4958, elev: 705m)</name>
  <styleUrl>#stream_medium</styleUrl>
  <LineString><tessellate>1</tessellate>
    <coordinates>31.415399,-15.392378,709.0 31.415399,-15.392423,708.8 31.415399,-15.392468,708.6 31.415399,-15.392513,708.4 31.415399,-15.392558,708.2 31.415399,-15.392603,708.0 31.415399,-15.392648,707.8 31.415399,-15.392693,707.6 31.415399,-15.392738,707.4 31.415399,-15.392783,707.2 31.415399,-15.392828,707.0 31.415399,-15.392873,706.8 31.415399,-15.392918,706.6 31.415399,-15.392963,706.4 31.415399,-15.393008,706.2 31.415399,-15.393054,706.0 31.415399,-15.393099,705.7 31.415399,-15.393144,705.4 31.415399,-15.393189,705.2 31.415399,-15.393234,704.9 31.415399,-15.393279,704.7 31.415399,-15.393324,704.4 31.415399,-15.393369,704.1 31.415399,-15.393414,703.9 31.415399,-15.393459,703.6 31.415399,-15.393504,703.3 31.415399,-15.393549,703.1 31.415399,-15.393594,702.8 31.415399,-15.393639,702.5 31.415399,-15.393684,702.3 31.415399,-15.393729,702.0 31.415399,-15.393774,701.9 31.415399,-15.393819,701.8 31.415399,-15.393864,701.6 31.415399,-15.393909,701.5 31.415399,-15.393954,701.4 31.415399,-15.393999,701.2 31.415399,-15.394045,701.1 31.415399,-15.394090,701.0 31.415399,-15.394135,700.8 31.415399,-15.394180,700.7 31.415445,-15.394225,700.5</coordinates>
  </LineString>
</Placemark>
<Placemark>
  <name>Stream 14 (max acc: 1660, elev: 714m)</name>
  <styleUrl>#stream_medium</styleUrl>
  <LineString><tessellate>1</tessellate>
    <coordinates>31.418950,-15.392378,722.1 31.418996,-15.392423,721.6 31.419043,-15.392468,721.1 31.419090,-15.392513,720.6 31.419136,-15.392558,720.1 31.419183,-15.392603,719.6 31.419230,-15.392648,719.0 31.419277,-15.392693,718.5 31.419323,-15.392738,717.9 31.419370,-15.392783,717.4 31.419417,-15.392828,716.8 31.419464,-15.392873,716.2 31.419510,-15.392918,715.6 31.419557,-15.392963,715.1 31.419604,-15.393008,714.7 31.419650,-15.393054,714.3 31.419697,-15.393054,714.0 31.419744,-15.393054,713.7 31.419791,-15.393054,713.4 31.419837,-15.393054,713.1 31.419884,-15.393054,712.9 31.419931,-15.393099,712.5 31.419977,-15.393144,712.1 31.420024,-15.393189,711.6 31.420071,-15.393234,711.1 31.420118,-15.393279,710.6 31.420164,-15.393324,710.1 31.420211,-15.393369,709.6 31.420258,-15.393414,709.2 31.420305,-15.393459,708.8 31.420351,-15.393504,708.3 31.420398,-15.393549,707.6 31.420351,-15.393504,708.3</coordinates>
  </LineString>
</Placemark>
<Placemark>
  <name>Stream 15 (max acc: 536, elev: 717m)</name>
  <styleUrl>#stream_medium</styleUrl>
  <LineString><tessellate>1</tessellate>
    <coordinates>31.418996,-15.392558,721.2 31.419043,-15.392603,720.7 31.419090,-15.392648,720.1 31.419136,-15.392693,719.6 31.419183,-15.392738,719.1 31.419230,-15.392783,718.5 31.419277,-15.392828,718.0 31.419323,-15.392873,717.4 31.419370,-15.392918,716.8 31.419417,-15.392963,716.2 31.419464,-15.393008,715.7 31.419510,-15.393008,715.3 31.419557,-15.393008,714.9 31.419604,-15.393054,714.5 31.419650,-15.393054,714.3</coordinates>
  </LineString>
</Placemark>
<Placemark>
  <name>Stream 16 (max acc: 365, elev: 716m)</name>
  <styleUrl>#stream_minor</styleUrl>
  <LineString><tessellate>1</tessellate>
    <coordinates>31.419323,-15.392828,717.6 31.419370,-15.392873,717.0 31.419417,-15.392918,716.4 31.419464,-15.392963,715.8 31.419510,-15.393008,715.3</coordinates>
  </LineString>
</Placemark>
<Placemark>
  <name>Stream 17 (max acc: 310, elev: 717m)</name>
  <styleUrl>#stream_minor</styleUrl>
  <LineString><tessellate>1</tessellate>
    <coordinates>31.419183,-15.392918,718.4 31.419230,-15.392963,717.9 31.419277,-15.393008,717.3 31.419323,-15.393008,716.9 31.419370,-15.393008,716.5 31.419417,-15.393008,716.1 31.419464,-15.393008,715.7</coordinates>
  </LineString>
</Placemark>
<Placemark>
  <name>Stream 18 (max acc: 1575, elev: 705m)</name>
  <styleUrl>#stream_medium</styleUrl>
  <LineString><tessellate>1</tessellate>
    <coordinates>31.415913,-15.392963,707.0 31.415866,-15.393008,706.8 31.415866,-15.393054,706.6 31.415866,-15.393099,706.4 31.415866,-15.393144,706.1 31.415866,-15.393189,705.9 31.415866,-15.393234,705.7 31.415819,-15.393279,705.4 31.415773,-15.393324,705.1 31.415726,-15.393369,704.8 31.415679,-15.393414,704.4 31.415632,-15.393459,704.1 31.415586,-15.393504,703.7 31.415539,-15.393549,703.4 31.415492,-15.393594,703.0 31.415445,-15.393639,702.6</coordinates>
  </LineString>
</Placemark>
<Placemark>
  <name>Stream 19 (max acc: 173, elev: 706m)</name>
  <styleUrl>#stream_minor</styleUrl>
  <LineString><tessellate>1</tessellate>
    <coordinates>31.415819,-15.393008,706.7 31.415819,-15.393054,706.5 31.415819,-15.393099,706.3 31.415819,-15.393144,706.1 31.415819,-15.393189,705.8 31.415819,-15.393234,705.6 31.415819,-15.393279,705.4</coordinates>
  </LineString>
</Placemark>
<Placemark>
  <name>Stream 20 (max acc: 122, elev: 712m)</name>
  <styleUrl>#stream_minor</styleUrl>
  <LineString><tessellate>1</tessellate>
    <coordinates>31.420071,-15.393008,711.8 31.420118,-15.393054,711.3 31.420071,-15.393008,711.8</coordinates>
  </LineString>
</Placemark>
<Placemark>
  <name>Stream 21 (max acc: 3604, elev: 705m)</name>
  <styleUrl>#stream_medium</styleUrl>
  <LineString><tessellate>1</tessellate>
    <coordinates>31.415959,-15.393054,706.7 31.415959,-15.393099,706.5 31.415959,-15.393144,706.3 31.415959,-15.393189,706.1 31.415959,-15.393234,705.9 31.415913,-15.393279,705.6 31.415866,-15.393324,705.3 31.415819,-15.393369,705.0 31.415773,-15.393414,704.6 31.415726,-15.393459,704.3 31.415679,-15.393504,703.9 31.415632,-15.393549,703.6 31.415586,-15.393594,703.2 31.415539,-15.393639,702.9 31.415492,-15.393684,702.5 31.415445,-15.393729,702.1</coordinates>
  </LineString>
</Placemark>
<Placemark>
  <name>Stream 22 (max acc: 454, elev: 715m)</name>
  <styleUrl>#stream_minor</styleUrl>
  <LineString><tessellate>1</tessellate>
    <coordinates>31.419370,-15.393054,716.3 31.419417,-15.393054,715.9 31.419464,-15.393054,715.5 31.419510,-15.393054,715.1 31.419557,-15.393054,714.8 31.419604,-15.393054,714.5</coordinates>
  </LineString>
</Placemark>
<Placemark>
  <name>Stream 23 (max acc: 205, elev: 706m)</name>
  <styleUrl>#stream_minor</styleUrl>
  <LineString><tessellate>1</tessellate>
    <coordinates>31.416053,-15.393099,706.7 31.416053,-15.393144,706.5 31.416006,-15.393189,706.2 31.415959,-15.393234,705.9</coordinates>
  </LineString>
</Placemark>
<Placemark>
  <name>Stream 24 (max acc: 867, elev: 710m)</name>
  <styleUrl>#stream_medium</styleUrl>
  <LineString><tessellate>1</tessellate>
    <coordinates>31.419977,-15.393189,711.9 31.420024,-15.393234,711.5 31.420071,-15.393279,711.0 31.420118,-15.393324,710.5 31.420164,-15.393369,709.9 31.420211,-15.393414,709.4 31.420258,-15.393459,709.0 31.420305,-15.393504,708.5 31.420351,-15.393549,708.1 31.420398,-15.393549,707.6</coordinates>
  </LineString>
</Placemark>
<Placemark>
  <name>Stream 25 (max acc: 93, elev: 709m)</name>
  <styleUrl>#stream_minor</styleUrl>
  <LineString><tessellate>1</tessellate>
    <coordinates>31.420024,-15.393279,711.3 31.420071,-15.393324,710.8 31.420118,-15.393369,710.3 31.420164,-15.393414,709.7 31.420211,-15.393459,709.2 31.420258,-15.393504,708.8 31.420305,-15.393549,708.3 31.420351,-15.393594,707.9 31.420398,-15.393639,707.4 31.420445,-15.393639,706.9 31.420398,-15.393594,707.6 31.420445,-15.393639,706.9</coordinates>
  </LineString>
</Placemark>
<Placemark>
  <name>Stream 26 (max acc: 789, elev: 709m)</name>
  <styleUrl>#stream_medium</styleUrl>
  <LineString><tessellate>1</tessellate>
    <coordinates>31.420211,-15.393279,709.9 31.420258,-15.393324,709.6 31.420258,-15.393369,709.4 31.420305,-15.393414,709.0 31.420305,-15.393459,708.8</coordinates>
  </LineString>
</Placemark>
<Placemark>
  <name>Stream 27 (max acc: 1125, elev: 704m)</name>
  <styleUrl>#stream_medium</styleUrl>
  <LineString><tessellate>1</tessellate>
    <coordinates>31.415492,-15.393324,704.5 31.415492,-15.393369,704.3 31.415445,-15.393414,703.9</coordinates>
  </LineString>
</Placemark>
<Placemark>
  <name>Stream 28 (max acc: 1349, elev: 704m)</name>
  <styleUrl>#stream_medium</styleUrl>
  <LineString><tessellate>1</tessellate>
    <coordinates>31.415632,-15.393324,704.8 31.415632,-15.393369,704.6 31.415586,-15.393414,704.2 31.415539,-15.393459,703.9 31.415492,-15.393504,703.5 31.415445,-15.393549,703.1</coordinates>
  </LineString>
</Placemark>
<Placemark>
  <name>Stream 29 (max acc: 137, elev: 712m)</name>
  <styleUrl>#stream_minor</styleUrl>
  <LineString><tessellate>1</tessellate>
    <coordinates>31.412128,-15.393369,713.6 31.412081,-15.393414,712.7 31.412081,-15.393459,712.2 31.412035,-15.393504,711.4 31.411988,-15.393549,710.2 31.411941,-15.393504,711.4</coordinates>
  </LineString>
</Placemark>
<Placemark>
  <name>Stream 30 (max acc: 1201, elev: 704m)</name>
  <styleUrl>#stream_medium</styleUrl>
  <LineString><tessellate>1</tessellate>
    <coordinates>31.415539,-15.393369,704.4 31.415492,-15.393414,704.0 31.415445,-15.393459,703.6</coordinates>
  </LineString>
</Placemark>
<Placemark>
  <name>Stream 31 (max acc: 540, elev: 707m)</name>
  <styleUrl>#stream_medium</styleUrl>
  <LineString><tessellate>1</tessellate>
    <coordinates>31.420071,-15.393414,710.5 31.420118,-15.393459,710.0 31.420164,-15.393504,709.4 31.420211,-15.393549,708.8 31.420258,-15.393594,708.3 31.420305,-15.393639,707.9 31.420351,-15.393684,707.4 31.420398,-15.393729,706.9 31.420445,-15.393774,706.4 31.420491,-15.393819,706.0 31.420491,-15.393864,705.9 31.420538,-15.393909,705.5 31.420585,-15.393954,705.1 31.420538,-15.393909,705.5</coordinates>
  </LineString>
</Placemark>
<Placemark>
  <name>Stream 32 (max acc: 239, elev: 708m)</name>
  <styleUrl>#stream_minor</styleUrl>
  <LineString><tessellate>1</tessellate>
    <coordinates>31.420118,-15.393504,709.8 31.420164,-15.393549,709.2 31.420211,-15.393594,708.6 31.420258,-15.393639,708.1 31.420305,-15.393684,707.7 31.420351,-15.393729,707.2 31.420398,-15.393774,706.7 31.420445,-15.393819,706.3 31.420491,-15.393864,705.9</coordinates>
  </LineString>
</Placemark>
<Placemark>
  <name>Stream 33 (max acc: 205, elev: 706m)</name>
  <styleUrl>#stream_minor</styleUrl>
  <LineString><tessellate>1</tessellate>
    <coordinates>31.420164,-15.393639,708.8 31.420211,-15.393684,708.2 31.420258,-15.393729,707.7 31.420305,-15.393774,707.2 31.420351,-15.393819,706.7 31.420398,-15.393864,706.3 31.420445,-15.393909,705.9 31.420491,-15.393954,705.6 31.420538,-15.393999,705.3 31.420585,-15.394045,705.0 31.420632,-15.394090,704.6 31.420585,-15.394045,705.0</coordinates>
  </LineString>
</Placemark>
<Placemark>
  <name>Stream 34 (max acc: 1107, elev: 704m)</name>
  <styleUrl>#stream_medium</styleUrl>
  <LineString><tessellate>1</tessellate>
    <coordinates>31.414698,-15.393729,708.2 31.414745,-15.393729,707.7 31.414791,-15.393774,707.2 31.414838,-15.393819,706.6 31.414885,-15.393864,706.0 31.414932,-15.393909,705.4 31.414978,-15.393954,704.9 31.415025,-15.393999,704.3 31.415072,-15.394045,703.7 31.415118,-15.394090,703.2 31.415165,-15.394090,702.8 31.415212,-15.394090,702.5 31.415259,-15.394090,702.1 31.415305,-15.394090,701.7 31.415352,-15.394090,701.4 31.415399,-15.394090,701.0</coordinates>
  </LineString>
</Placemark>
<Placemark>
  <name>Stream 35 (max acc: 854, elev: 703m)</name>
  <styleUrl>#stream_medium</styleUrl>
  <LineString><tessellate>1</tessellate>
    <coordinates>31.415072,-15.393729,704.9 31.415118,-15.393729,704.5 31.415165,-15.393729,704.1 31.415212,-15.393729,703.7 31.415259,-15.393729,703.3 31.415305,-15.393729,702.9 31.415352,-15.393729,702.4 31.415399,-15.393729,702.0</coordinates>
  </LineString>
</Placemark>
<Placemark>
  <name>Stream 36 (max acc: 146, elev: 706m)</name>
  <styleUrl>#stream_minor</styleUrl>
  <LineString><tessellate>1</tessellate>
    <coordinates>31.420445,-15.393729,706.6 31.420491,-15.393774,706.2 31.420491,-15.393819,706.0</coordinates>
  </LineString>
</Placemark>
<Placemark>
  <name>Stream 37 (max acc: 143, elev: 707m)</name>
  <styleUrl>#stream_minor</styleUrl>
  <LineString><tessellate>1</tessellate>
    <coordinates>31.411895,-15.393819,707.6 31.411895,-15.393864,707.2 31.411848,-15.393909,706.5 31.411801,-15.393954,705.5 31.411754,-15.393909,706.5</coordinates>
  </LineString>
</Placemark>
<Placemark>
  <name>Stream 38 (max acc: 2309, elev: 699m)</name>
  <styleUrl>#stream_medium</styleUrl>
  <LineString><tessellate>1</tessellate>
    <coordinates>31.412502,-15.393864,710.3 31.412455,-15.393909,709.5 31.412455,-15.393954,709.0 31.412455,-15.393999,708.4 31.412455,-15.394045,707.9 31.412455,-15.394090,707.3 31.412455,-15.394135,706.8 31.412455,-15.394180,706.2 31.412455,-15.394225,705.7 31.412455,-15.394270,705.1 31.412455,-15.394315,704.6 31.412455,-15.394360,704.0 31.412455,-15.394405,703.5 31.412455,-15.394450,703.0 31.412455,-15.394495,702.5 31.412455,-15.394540,702.1 31.412455,-15.394585,701.6 31.412455,-15.394630,701.2 31.412455,-15.394675,700.7 31.412455,-15.394720,700.2 31.412455,-15.394765,699.8 31.412455,-15.394810,699.3 31.412455,-15.394855,698.9 31.412455,-15.394900,698.4 31.412455,-15.394945,698.0 31.412455,-15.394990,697.5 31.412455,-15.395036,697.0 31.412455,-15.395081,696.6 31.412455,-15.395126,696.2 31.412409,-15.395171,695.8 31.412409,-15.395216,695.6 31.412409,-15.395261,695.3 31.412409,-15.395306,695.1 31.412409,-15.395351,694.8 31.412409,-15.395396,694.6 31.412409,-15.395441,694.3 31.412409,-15.395486,694.1 31.412409,-15.395531,693.8 31.412409,-15.395576,693.5 31.412409,-15.395621,693.3 31.412409,-15.395666,693.0 31.412409,-15.395711,692.8 31.412409,-15.395756,692.5 31.412455,-15.395801,692.3 31.412502,-15.395801,692.2 31.412549,-15.395801,692.2 31.412595,-15.395801,692.1 31.412642,-15.395801,692.0 31.412595,-15.395756,692.3 31.412595,-15.395801,692.1</coordinates>
  </LineString>
</Placemark>
<Placemark>
  <name>Stream 39 (max acc: 2250, elev: 700m)</name>
  <styleUrl>#stream_medium</styleUrl>
  <LineString><tessellate>1</tessellate>
    <coordinates>31.412642,-15.393999,709.3 31.412642,-15.394045,708.7 31.412642,-15.394090,708.1 31.412642,-15.394135,707.5 31.412642,-15.394180,706.9 31.412642,-15.394225,706.4 31.412642,-15.394270,705.8 31.412642,-15.394315,705.2 31.412642,-15.394360,704.6 31.412642,-15.394405,704.0 31.412642,-15.394450,703.5 31.412642,-15.394495,703.1 31.412642,-15.394540,702.6 31.412642,-15.394585,702.2 31.412642,-15.394630,701.7 31.412642,-15.394675,701.2 31.412642,-15.394720,700.8 31.412642,-15.394765,700.3 31.412642,-15.394810,699.9 31.412642,-15.394855,699.4 31.412642,-15.394900,699.0 31.412642,-15.394945,698.5 31.412642,-15.394990,698.0 31.412642,-15.395036,697.6 31.412642,-15.395081,697.1 31.412642,-15.395126,696.7 31.412642,-15.395171,696.4 31.412642,-15.395216,696.1 31.412642,-15.395261,695.8 31.412642,-15.395306,695.4 31.412642,-15.395351,695.1 31.412642,-15.395396,694.8 31.412642,-15.395441,694.5 31.412642,-15.395486,694.2 31.412642,-15.395531,693.8 31.412642,-15.395576,693.5 31.412642,-15.395621,693.2 31.412642,-15.395666,692.9 31.412642,-15.395711,692.5 31.412642,-15.395756,692.2 31.412642,-15.395801,692.0</coordinates>
  </LineString>
</Placemark>
<Placemark>
  <name>Stream 40 (max acc: 1204, elev: 697m)</name>
  <styleUrl>#stream_medium</styleUrl>
  <LineString><tessellate>1</tessellate>
    <coordinates>31.411988,-15.394045,705.8 31.411988,-15.394090,705.3 31.411988,-15.394135,704.9 31.411988,-15.394180,704.4 31.411988,-15.394225,703.9 31.411988,-15.394270,703.5 31.411988,-15.394315,703.0 31.411988,-15.394360,702.6 31.411988,-15.394405,702.1 31.411988,-15.394450,701.6 31.411988,-15.394495,701.2 31.411988,-15.394540,700.7 31.411988,-15.394585,700.3 31.411988,-15.394630,699.8 31.411988,-15.394675,699.3 31.411988,-15.394720,698.9 31.411988,-15.394765,698.4 31.411988,-15.394810,698.0 31.411988,-15.394855,697.5 31.411988,-15.394900,697.0 31.411988,-15.394945,696.6 31.411988,-15.394990,696.1 31.411988,-15.395036,695.7 31.411988,-15.395081,695.2 31.411988,-15.395126,695.0 31.411988,-15.395171,694.8 31.411988,-15.395216,694.7 31.411988,-15.395261,694.6 31.411988,-15.395306,694.4 31.411988,-15.395351,694.3 31.411988,-15.395396,694.1 31.411988,-15.395441,694.0 31.411988,-15.395486,693.9 31.411988,-15.395531,693.7 31.411988,-15.395576,693.6 31.411988,-15.395621,693.5 31.411988,-15.395666,693.3 31.411988,-15.395711,693.2 31.412035,-15.395756,693.0 31.412081,-15.395801,692.9 31.412128,-15.395801,692.8 31.412175,-15.395801,692.7 31.412222,-15.395801,692.7 31.412268,-15.395801,692.6 31.412315,-15.395801,692.5 31.412362,-15.395801,692.4 31.412409,-15.395801,692.4 31.412455,-15.395801,692.3</coordinates>
  </LineString>
</Placemark>
<Placemark>
  <name>Stream 41 (max acc: 5787, elev: 697m)</name>
  <styleUrl>#stream_major</styleUrl>
  <LineString><tessellate>1</tessellate>
    <coordinates>31.416053,-15.394045,701.6 31.416053,-15.394090,701.3 31.416053,-15.394135,701.0 31.416053,-15.394180,700.7 31.416053,-15.394225,700.4 31.416053,-15.394270,700.0 31.416053,-15.394315,699.7 31.416053,-15.394360,699.4 31.416053,-15.394405,699.1 31.416053,-15.394450,698.9 31.416053,-15.394495,698.7 31.416053,-15.394540,698.5 31.416053,-15.394585,698.3 31.416053,-15.394630,698.1 31.416053,-15.394675,697.9 31.416053,-15.394720,697.7 31.416053,-15.394765,697.5 31.416053,-15.394810,697.3 31.416053,-15.394855,697.1 31.416053,-15.394900,696.9 31.416053,-15.394945,696.7 31.416053,-15.394990,696.5 31.416053,-15.395036,696.3 31.416053,-15.395081,696.1 31.416053,-15.395126,695.9 31.416053,-15.395171,695.7 31.416053,-15.395216,695.5 31.416053,-15.395261,695.4 31.416053,-15.395306,695.2 31.416053,-15.395351,695.0 31.416053,-15.395396,694.8 31.416053,-15.395441,694.6 31.416053,-15.395486,694.4 31.416053,-15.395531,694.2 31.416053,-15.395576,694.0 31.416053,-15.395621,693.8</coordinates>
  </LineString>
</Placemark>
<Placemark>
  <name>Stream 42 (max acc: 464, elev: 702m)</name>
  <styleUrl>#stream_minor</styleUrl>
  <LineString><tessellate>1</tessellate>
    <coordinates>31.412689,-15.394180,707.2 31.412689,-15.394225,706.6 31.412689,-15.394270,706.0 31.412689,-15.394315,705.4 31.412689,-15.394360,704.8 31.412689,-15.394405,704.2 31.412689,-15.394450,703.7 31.412689,-15.394495,703.3 31.412689,-15.394540,702.8 31.412689,-15.394585,702.3 31.412689,-15.394630,701.9 31.412689,-15.394675,701.4 31.412689,-15.394720,701.0 31.412689,-15.394765,700.5 31.412689,-15.394810,700.1 31.412689,-15.394855,699.6 31.412689,-15.394900,699.1 31.412689,-15.394945,698.7 31.412689,-15.394990,698.2 31.412689,-15.395036,697.7 31.412689,-15.395081,697.3 31.412642,-15.395126,696.7</coordinates>
  </LineString>
</Placemark>
<Placemark>
  <name>Stream 43 (max acc: 2912, elev: 697m)</name>
  <styleUrl>#stream_medium</styleUrl>
  <LineString><tessellate>1</tessellate>
    <coordinates>31.420632,-15.394225,704.4 31.420678,-15.394270,704.3 31.420678,-15.394315,704.2 31.420678,-15.394360,704.1 31.420678,-15.394405,704.0 31.420632,-15.394450,704.0 31.420585,-15.394495,704.0 31.420538,-15.394540,703.9 31.420491,-15.394585,703.8 31.420445,-15.394630,703.7 31.420398,-15.394675,703.5 31.420351,-15.394720,703.4 31.420305,-15.394765,703.2 31.420258,-15.394810,703.0 31.420211,-15.394855,702.7 31.420211,-15.394900,702.6 31.420211,-15.394945,702.4 31.420211,-15.394990,702.3 31.420211,-15.395036,702.2 31.420211,-15.395081,702.0 31.420211,-15.395126,701.9 31.420211,-15.395171,701.8 31.420211,-15.395216,701.7 31.420211,-15.395261,701.5 31.420211,-15.395306,701.4 31.420211,-15.395351,701.3 31.420211,-15.395396,701.1 31.420211,-15.395441,701.0 31.420211,-15.395486,700.9 31.420211,-15.395531,700.7 31.420211,-15.395576,700.6 31.420211,-15.395621,700.5 31.420211,-15.395666,700.3 31.420211,-15.395711,700.2 31.420211,-15.395756,700.1 31.420211,-15.395801,699.9 31.420211,-15.395846,699.6 31.420211,-15.395891,699.4 31.420211,-15.395936,699.1 31.420211,-15.395981,698.8 31.420211,-15.396026,698.6 31.420211,-15.396072,698.3 31.420211,-15.396117,698.1 31.420211,-15.396162,697.8 31.420211,-15.396207,697.5 31.420211,-15.396252,697.3 31.420211,-15.396297,697.0 31.420211,-15.396342,696.7 31.420211,-15.396387,696.5 31.420211,-15.396432,696.2 31.420211,-15.396477,696.0 31.420211,-15.396522,695.7 31.420211,-15.396567,695.4 31.420211,-15.396612,695.2 31.420211,-15.396657,694.9 31.420211,-15.396702,694.6 31.420211,-15.396747,694.4 31.420211,-15.396792,694.1 31.420211,-15.396837,693.9 31.420164,-15.396882,693.5 31.420118,-15.396927,693.1 31.420071,-15.396972,692.7 31.420024,-15.397017,692.3 31.419977,-15.397063,691.9 31.419931,-15.397108,691.5 31.419884,-15.397153,691.1 31.419837,-15.397198,690.8 31.419791,-15.397243,690.6 31.419744,-15.397288,690.3 31.419697,-15.397333,690.1 31.419650,-15.397378,689.9 31.419604,-15.397423,689.8 31.419557,-15.397468,689.6 31.419510,-15.397513,689.5 31.419510,-15.397558,689.4 31.419510,-15.397603,689.3 31.419510,-15.397648,689.3 31.419510,-15.397693,689.2 31.419510,-15.397738,689.2 31.419510,-15.397783,689.1 31.419510,-15.397828,689.0 31.419464,-15.397783,689.1 31.419464,-15.397828,689.0 31.419510,-15.397828,689.0</coordinates>
  </LineString>
</Placemark>
<Placemark>
  <name>Stream 44 (max acc: 718, elev: 697m)</name>
  <styleUrl>#stream_medium</styleUrl>
  <LineString><tessellate>1</tessellate>
    <coordinates>31.415539,-15.394270,700.3 31.415539,-15.394315,700.2 31.415539,-15.394360,700.0 31.415539,-15.394405,699.8 31.415539,-15.394450,699.6 31.415539,-15.394495,699.4 31.415539,-15.394540,699.2 31.415539,-15.394585,699.0 31.415539,-15.394630,698.8 31.415539,-15.394675,698.6 31.415539,-15.394720,698.4 31.415539,-15.394765,698.3 31.415539,-15.394810,698.1 31.415539,-15.394855,697.9 31.415539,-15.394900,697.7 31.415539,-15.394945,697.5 31.415539,-15.394990,697.3 31.415539,-15.395036,697.1 31.415539,-15.395081,696.9 31.415586,-15.395126,696.6 31.415632,-15.395171,696.4 31.415679,-15.395216,696.2 31.415726,-15.395261,695.9 31.415773,-15.395306,695.7 31.415819,-15.395351,695.4 31.415866,-15.395396,695.2 31.415913,-15.395441,694.9 31.415959,-15.395486,694.6 31.416006,-15.395531,694.3 31.416053,-15.395576,694.0</coordinates>
  </LineString>
</Placemark>
<Placemark>
  <name>Stream 45 (max acc: 7057, elev: 697m)</name>
  <styleUrl>#stream_major</styleUrl>
  <LineString><tessellate>1</tessellate>
    <coordinates>31.416100,-15.394270,700.1 31.416100,-15.394315,699.8 31.416100,-15.394360,699.5 31.416100,-15.394405,699.1 31.416100,-15.394450,698.9 31.416100,-15.394495,698.7 31.416100,-15.394540,698.5 31.416100,-15.394585,698.3 31.416100,-15.394630,698.1 31.416100,-15.394675,697.9 31.416100,-15.394720,697.7 31.416100,-15.394765,697.5 31.416100,-15.394810,697.3 31.416100,-15.394855,697.1 31.416100,-15.394900,696.9 31.416100,-15.394945,696.7 31.416100,-15.394990,696.5 31.416100,-15.395036,696.3 31.416100,-15.395081,696.1 31.416100,-15.395126,695.9 31.416100,-15.395171,695.7 31.416100,-15.395216,695.5 31.416100,-15.395261,695.3 31.416100,-15.395306,695.1 31.416100,-15.395351,694.9 31.416100,-15.395396,694.7 31.416100,-15.395441,694.5 31.416100,-15.395486,694.3 31.416100,-15.395531,694.1 31.416100,-15.395576,693.9 31.416100,-15.395621,693.7 31.416100,-15.395666,693.5 31.416100,-15.395711,693.3</coordinates>
  </LineString>
</Placemark>
<Placemark>
  <name>Stream 46 (max acc: 591, elev: 697m)</name>
  <styleUrl>#stream_medium</styleUrl>
  <LineString><tessellate>1</tessellate>
    <coordinates>31.415632,-15.394315,700.1 31.415632,-15.394360,699.9 31.415632,-15.394405,699.7 31.415632,-15.394450,699.5 31.415632,-15.394495,699.3 31.415632,-15.394540,699.1 31.415632,-15.394585,698.9 31.415632,-15.394630,698.7 31.415632,-15.394675,698.5 31.415632,-15.394720,698.3 31.415632,-15.394765,698.1 31.415632,-15.394810,697.9 31.415632,-15.394855,697.7 31.415632,-15.394900,697.5 31.415632,-15.394945,697.3 31.415632,-15.394990,697.1 31.415632,-15.395036,696.9 31.415632,-15.395081,696.7 31.415679,-15.395126,696.5 31.415726,-15.395171,696.3 31.415773,-15.395216,696.0 31.415819,-15.395261,695.8 31.415866,-15.395306,695.5 31.415913,-15.395351,695.2 31.415959,-15.395396,695.0 31.416006,-15.395441,694.7 31.416053,-15.395486,694.4</coordinates>
  </LineString>
</Placemark>
<Placemark>
  <name>Stream 47 (max acc: 518, elev: 704m)</name>
  <styleUrl>#stream_medium</styleUrl>
  <LineString><tessellate>1</tessellate>
    <coordinates>31.420211,-15.394315,704.6 31.420211,-15.394360,704.3 31.420211,-15.394405,704.0 31.420211,-15.394450,703.9 31.420211,-15.394495,703.8 31.420211,-15.394540,703.6 31.420211,-15.394585,703.5 31.420211,-15.394630,703.4 31.420211,-15.394675,703.2 31.420211,-15.394720,703.1 31.420211,-15.394765,703.0 31.420211,-15.394810,702.8 31.420211,-15.394855,702.7</coordinates>
  </LineString>
</Placemark>
<Placemark>
  <name>Stream 48 (max acc: 312, elev: 697m)</name>
  <styleUrl>#stream_minor</styleUrl>
  <LineString><tessellate>1</tessellate>
    <coordinates>31.415866,-15.394450,699.2 31.415866,-15.394495,699.0 31.415866,-15.394540,698.8 31.415866,-15.394585,698.6 31.415866,-15.394630,698.4 31.415866,-15.394675,698.2 31.415866,-15.394720,698.0 31.415866,-15.394765,697.8 31.415866,-15.394810,697.6 31.415866,-15.394855,697.4 31.415866,-15.394900,697.2 31.415866,-15.394945,697.0 31.415866,-15.394990,696.8 31.415866,-15.395036,696.6 31.415866,-15.395081,696.4 31.415866,-15.395126,696.2 31.415913,-15.395171,696.0 31.415959,-15.395216,695.7 31.416006,-15.395261,695.4 31.416053,-15.395306,695.2</coordinates>
  </LineString>
</Placemark>
<Placemark>
  <name>Stream 49 (max acc: 211, elev: 697m)</name>
  <styleUrl>#stream_minor</styleUrl>
  <LineString><tessellate>1</tessellate>
    <coordinates>31.415959,-15.394495,698.8 31.415959,-15.394540,698.6 31.415959,-15.394585,698.4 31.415959,-15.394630,698.2 31.415959,-15.394675,698.0 31.415959,-15.394720,697.8 31.415959,-15.394765,697.6 31.415959,-15.394810,697.4 31.415959,-15.394855,697.2 31.415959,-15.394900,697.1 31.415959,-15.394945,696.9 31.415959,-15.394990,696.7 31.415959,-15.395036,696.5 31.415959,-15.395081,696.3 31.415959,-15.395126,696.1 31.415959,-15.395171,695.9 31.416006,-15.395216,695.6 31.416053,-15.395261,695.4</coordinates>
  </LineString>
</Placemark>
<Placemark>
  <name>Stream 50 (max acc: 143, elev: 697m)</name>
  <styleUrl>#stream_minor</styleUrl>
  <LineString><tessellate>1</tessellate>
    <coordinates>31.416006,-15.394540,698.6 31.416006,-15.394585,698.4 31.416006,-15.394630,698.2 31.416006,-15.394675,698.0 31.416006,-15.394720,697.8 31.416006,-15.394765,697.6 31.416006,-15.394810,697.4 31.416006,-15.394855,697.2 31.416006,-15.394900,697.0 31.416006,-15.394945,696.8 31.416006,-15.394990,696.6 31.416006,-15.395036,696.4 31.416006,-15.395081,696.2 31.416006,-15.395126,696.0 31.416006,-15.395171,695.8 31.416053,-15.395216,695.5</coordinates>
  </LineString>
</Placemark>
<Placemark>
  <name>Stream 51 (max acc: 514, elev: 697m)</name>
  <styleUrl>#stream_medium</styleUrl>
  <LineString><tessellate>1</tessellate>
    <coordinates>31.415679,-15.394585,698.8 31.415679,-15.394630,698.6 31.415679,-15.394675,698.4 31.415679,-15.394720,698.2 31.415679,-15.394765,698.0 31.415679,-15.394810,697.9 31.415679,-15.394855,697.7 31.415679,-15.394900,697.5 31.415679,-15.394945,697.3 31.415679,-15.394990,697.1 31.415679,-15.395036,696.9 31.415679,-15.395081,696.7 31.415726,-15.395126,696.4 31.415773,-15.395171,696.2 31.415819,-15.395216,695.9 31.415866,-15.395261,695.7 31.415913,-15.395306,695.4 31.415959,-15.395351,695.2 31.416006,-15.395396,694.9 31.416053,-15.395441,694.6</coordinates>
  </LineString>
</Placemark>
<Placemark>
  <name>Stream 52 (max acc: 416, elev: 697m)</name>
  <styleUrl>#stream_minor</styleUrl>
  <LineString><tessellate>1</tessellate>
    <coordinates>31.415773,-15.394585,698.7 31.415773,-15.394630,698.5 31.415773,-15.394675,698.3 31.415773,-15.394720,698.1 31.415773,-15.394765,697.9 31.415773,-15.394810,697.7 31.415773,-15.394855,697.5 31.415773,-15.394900,697.3 31.415773,-15.394945,697.1 31.415773,-15.394990,696.9 31.415773,-15.395036,696.7 31.415773,-15.395081,696.5 31.415773,-15.395126,696.4 31.415819,-15.395171,696.1 31.415866,-15.395216,695.9 31.415913,-15.395261,695.6 31.415959,-15.395306,695.3 31.416006,-15.395351,695.1 31.416053,-15.395396,694.8</coordinates>
  </LineString>
</Placemark>
<Placemark>
  <name>Stream 53 (max acc: 6182, elev: 697m)</name>
  <styleUrl>#stream_major</styleUrl>
  <LineString><tessellate>1</tessellate>
    <coordinates>31.415445,-15.394630,699.0 31.415445,-15.394675,698.8 31.415445,-15.394720,698.6 31.415445,-15.394765,698.4 31.415445,-15.394810,698.2 31.415445,-15.394855,698.0 31.415445,-15.394900,697.8 31.415445,-15.394945,697.6 31.415445,-15.394990,697.4 31.415445,-15.395036,697.2 31.415445,-15.395081,697.0 31.415492,-15.395126,696.8 31.415539,-15.395171,696.6 31.415586,-15.395216,696.3 31.415632,-15.395261,696.1 31.415679,-15.395306,695.9 31.415726,-15.395351,695.6 31.415773,-15.395396,695.4 31.415819,-15.395441,695.1 31.415866,-15.395486,694.8 31.415913,-15.395531,694.5 31.415959,-15.395576,694.2 31.416006,-15.395621,693.9 31.416053,-15.395666,693.6</coordinates>
  </LineString>
</Placemark>
<Placemark>
  <name>Stream 54 (max acc: 665, elev: 695m)</name>
  <styleUrl>#stream_medium</styleUrl>
  <LineString><tessellate>1</tessellate>
    <coordinates>31.411848,-15.394810,697.9 31.411848,-15.394855,697.5 31.411848,-15.394900,697.1 31.411848,-15.394945,696.6 31.411848,-15.394990,696.2 31.411848,-15.395036,695.8 31.411848,-15.395081,695.3 31.411848,-15.395126,695.1 31.411895,-15.395171,694.9 31.411941,-15.395216,694.7 31.411941,-15.395261,694.6 31.411941,-15.395306,694.4 31.411941,-15.395351,694.3 31.411941,-15.395396,694.2 31.411941,-15.395441,694.0 31.411941,-15.395486,693.9 31.411941,-15.395531,693.8 31.411941,-15.395576,693.6 31.411941,-15.395621,693.5 31.411988,-15.395666,693.3</coordinates>
  </LineString>
</Placemark>
<Placemark>
  <name>Stream 55 (max acc: 174, elev: 696m)</name>
  <styleUrl>#stream_minor</styleUrl>
  <LineString><tessellate>1</tessellate>
    <coordinates>31.411895,-15.394855,697.5 31.411895,-15.394900,697.1 31.411895,-15.394945,696.6 31.411895,-15.394990,696.2 31.411895,-15.395036,695.7 31.411895,-15.395081,695.3 31.411895,-15.395126,695.0 31.411941,-15.395171,694.8 31.411941,-15.395216,694.7</coordinates>
  </LineString>
</Placemark>
<Placemark>
  <name>Stream 56 (max acc: 5650, elev: 695m)</name>
  <styleUrl>#stream_major</styleUrl>
  <LineString><tessellate>1</tessellate>
    <coordinates>31.413904,-15.394855,703.8 31.413904,-15.394900,703.4 31.413904,-15.394945,703.0 31.413904,-15.394990,702.6 31.413904,-15.395036,702.2 31.413904,-15.395081,701.8 31.413904,-15.395126,701.4 31.413904,-15.395171,701.0 31.413904,-15.395216,700.6 31.413904,-15.395261,700.2 31.413904,-15.395306,699.8 31.413904,-15.395351,699.4 31.413904,-15.395396,699.0 31.413904,-15.395441,698.6 31.413904,-15.395486,698.2 31.413904,-15.395531,697.8 31.413904,-15.395576,697.4 31.413904,-15.395621,697.0 31.413904,-15.395666,696.7 31.413904,-15.395711,696.3 31.413904,-15.395756,695.9 31.413904,-15.395801,695.5 31.413904,-15.395846,695.2 31.413904,-15.395891,694.9 31.413904,-15.395936,694.6 31.413904,-15.395981,694.3 31.413904,-15.396026,694.0 31.413904,-15.396072,693.7 31.413904,-15.396117,693.4 31.413904,-15.396162,693.1 31.413904,-15.396207,692.8 31.413904,-15.396252,692.5 31.413904,-15.396297,692.2 31.413904,-15.396342,691.9 31.413904,-15.396387,691.6 31.413904,-15.396432,691.3 31.413904,-15.396477,691.0 31.413950,-15.396522,691.0 31.413997,-15.396567,690.9 31.413997,-15.396612,690.8 31.414044,-15.396657,690.7 31.414044,-15.396702,690.7 31.414044,-15.396747,690.6 31.414044,-15.396792,690.5 31.414044,-15.396837,690.5 31.414044,-15.396882,690.4 31.414044,-15.396927,690.3 31.414044,-15.396972,690.3 31.414044,-15.397017,690.2 31.414044,-15.397063,690.1 31.414044,-15.397108,690.1 31.414044,-15.397153,690.0 31.413997,-15.397108,690.2 31.414044,-15.397153,690.0</coordinates>
  </LineString>
</Placemark>
<Placemark>
  <name>Stream 57 (max acc: 114, elev: 696m)</name>
  <styleUrl>#stream_minor</styleUrl>
  <LineString><tessellate>1</tessellate>
    <coordinates>31.411941,-15.394900,697.0 31.411941,-15.394945,696.6 31.411941,-15.394990,696.1 31.411941,-15.395036,695.7 31.411941,-15.395081,695.2 31.411941,-15.395126,695.0 31.411941,-15.395171,694.8</coordinates>
  </LineString>
</Placemark>
<Placemark>
  <name>Stream 58 (max acc: 2678, elev: 696m)</name>
  <styleUrl>#stream_medium</styleUrl>
  <LineString><tessellate>1</tessellate>
    <coordinates>31.413810,-15.394900,703.2 31.413810,-15.394945,702.7 31.413810,-15.394990,702.3 31.413810,-15.395036,701.9 31.413810,-15.395081,701.5 31.413810,-15.395126,701.1 31.413810,-15.395171,700.7 31.413810,-15.395216,700.3 31.413810,-15.395261,699.9 31.413810,-15.395306,699.5 31.413810,-15.395351,699.1 31.413810,-15.395396,698.7 31.413810,-15.395441,698.3 31.413810,-15.395486,697.9 31.413810,-15.395531,697.6 31.413810,-15.395576,697.2 31.413810,-15.395621,696.8 31.413810,-15.395666,696.4 31.413810,-15.395711,696.0 31.413810,-15.395756,695.6 31.413810,-15.395801,695.2 31.413763,-15.395846,694.8 31.413763,-15.395891,694.6 31.413763,-15.395936,694.3 31.413763,-15.395981,694.0 31.413763,-15.396026,693.7 31.413763,-15.396072,693.4 31.413763,-15.396117,693.2 31.413763,-15.396162,692.9 31.413763,-15.396207,692.6 31.413763,-15.396252,692.3 31.413763,-15.396297,692.1 31.413763,-15.396342,691.8 31.413763,-15.396387,691.5 31.413763,-15.396432,691.2 31.413763,-15.396477,691.0 31.413810,-15.396522,691.0 31.413857,-15.396567,691.0 31.413904,-15.396612,690.9 31.413950,-15.396657,690.8 31.413997,-15.396702,690.7 31.414044,-15.396747,690.6</coordinates>
  </LineString>
</Placemark>
<Placemark>
  <name>Stream 59 (max acc: 2026, elev: 696m)</name>
  <styleUrl>#stream_medium</styleUrl>
  <LineString><tessellate>1</tessellate>
    <coordinates>31.413763,-15.394945,702.6 31.413763,-15.394990,702.2 31.413763,-15.395036,701.8 31.413763,-15.395081,701.4 31.413763,-15.395126,701.0 31.413763,-15.395171,700.6 31.413763,-15.395216,700.2 31.413763,-15.395261,699.8 31.413763,-15.395306,699.4 31.413763,-15.395351,699.0 31.413763,-15.395396,698.6 31.413763,-15.395441,698.2 31.413763,-15.395486,697.8 31.413763,-15.395531,697.4 31.413763,-15.395576,697.0 31.413763,-15.395621,696.6 31.413763,-15.395666,696.2 31.413763,-15.395711,695.8 31.413763,-15.395756,695.5 31.413763,-15.395801,695.1 31.413717,-15.395846,694.7 31.413670,-15.395891,694.3 31.413670,-15.395936,694.1 31.413670,-15.395981,693.8 31.413670,-15.396026,693.5 31.413670,-15.396072,693.3 31.413670,-15.396117,693.0 31.413670,-15.396162,692.8 31.413670,-15.396207,692.5 31.413670,-15.396252,692.3 31.413670,-15.396297,692.0 31.413670,-15.396342,691.7 31.413670,-15.396387,691.5 31.413670,-15.396432,691.2 31.413670,-15.396477,691.0 31.413717,-15.396477,691.0 31.413763,-15.396477,691.0</coordinates>
  </LineString>
</Placemark>
<Placemark>
  <name>Stream 60 (max acc: 1925, elev: 696m)</name>
  <styleUrl>#stream_medium</styleUrl>
  <LineString><tessellate>1</tessellate>
    <coordinates>31.413717,-15.394990,702.1 31.413717,-15.395036,701.7 31.413717,-15.395081,701.2 31.413717,-15.395126,700.8 31.413717,-15.395171,700.4 31.413717,-15.395216,700.0 31.413717,-15.395261,699.6 31.413717,-15.395306,699.3 31.413717,-15.395351,698.9 31.413717,-15.395396,698.5 31.413717,-15.395441,698.1 31.413717,-15.395486,697.7 31.413717,-15.395531,697.3 31.413717,-15.395576,696.9 31.413717,-15.395621,696.5 31.413717,-15.395666,696.1 31.413717,-15.395711,695.7 31.413717,-15.395756,695.3 31.413717,-15.395801,695.0 31.413670,-15.395846,694.6 31.413623,-15.395891,694.2 31.413577,-15.395936,693.9 31.413577,-15.395981,693.6 31.413577,-15.396026,693.4 31.413577,-15.396072,693.1 31.413577,-15.396117,692.9 31.413577,-15.396162,692.6 31.413577,-15.396207,692.4 31.413577,-15.396252,692.2 31.413577,-15.396297,691.9 31.413577,-15.396342,691.7 31.413577,-15.396387,691.4 31.413577,-15.396432,691.2 31.413577,-15.396477,691.0 31.413623,-15.396477,691.0 31.413670,-15.396477,691.0</coordinates>
  </LineString>
</Placemark>
<Placemark>
  <name>Stream 61 (max acc: 1763, elev: 695m)</name>
  <styleUrl>#stream_medium</styleUrl>
  <LineString><tessellate>1</tessellate>
    <coordinates>31.413670,-15.395036,701.5 31.413670,-15.395081,701.1 31.413670,-15.395126,700.7 31.413670,-15.395171,700.3 31.413670,-15.395216,699.9 31.413670,-15.395261,699.5 31.413670,-15.395306,699.1 31.413670,-15.395351,698.7 31.413670,-15.395396,698.3 31.413670,-15.395441,697.9 31.413670,-15.395486,697.5 31.413670,-15.395531,697.1 31.413670,-15.395576,696.8 31.413670,-15.395621,696.4 31.413670,-15.395666,696.0 31.413670,-15.395711,695.6 31.413670,-15.395756,695.2 31.413670,-15.395801,694.8 31.413623,-15.395846,694.5 31.413577,-15.395891,694.1 31.413530,-15.395936,693.7 31.413483,-15.395981,693.4 31.413483,-15.396026,693.2 31.413483,-15.396072,693.0 31.413483,-15.396117,692.7 31.413483,-15.396162,692.5 31.413483,-15.396207,692.3 31.413483,-15.396252,692.1 31.413483,-15.396297,691.9 31.413483,-15.396342,691.6 31.413483,-15.396387,691.4 31.413483,-15.396432,691.2 31.413483,-15.396477,691.0 31.413530,-15.396477,691.0 31.413577,-15.396477,691.0</coordinates>
  </LineString>
</Placemark>
<Placemark>
  <name>Stream 62 (max acc: 189, elev: 695m)</name>
  <styleUrl>#stream_minor</styleUrl>
  <LineString><tessellate>1</tessellate>
    <coordinates>31.412081,-15.395081,695.5 31.412035,-15.395126,695.1 31.411988,-15.395171,694.8</coordinates>
  </LineString>
</Placemark>
<Placemark>
  <name>Stream 63 (max acc: 1634, elev: 695m)</name>
  <styleUrl>#stream_medium</styleUrl>
  <LineString><tessellate>1</tessellate>
    <coordinates>31.413623,-15.395081,701.0 31.413623,-15.395126,700.6 31.413623,-15.395171,700.2 31.413623,-15.395216,699.8 31.413623,-15.395261,699.4 31.413623,-15.395306,699.0 31.413623,-15.395351,698.6 31.413623,-15.395396,698.2 31.413623,-15.395441,697.8 31.413623,-15.395486,697.4 31.413623,-15.395531,697.0 31.413623,-15.395576,696.6 31.413623,-15.395621,696.2 31.413623,-15.395666,695.8 31.413623,-15.395711,695.4 31.413623,-15.395756,695.0 31.413623,-15.395801,694.7 31.413577,-15.395846,694.3 31.413530,-15.395891,694.0 31.413483,-15.395936,693.6 31.413436,-15.395981,693.3 31.413436,-15.396026,693.1 31.413436,-15.396072,692.9 31.413436,-15.396117,692.7 31.413436,-15.396162,692.5 31.413436,-15.396207,692.2 31.413436,-15.396252,692.0 31.413436,-15.396297,691.8 31.413436,-15.396342,691.6 31.413436,-15.396387,691.4 31.413436,-15.396432,691.2 31.413436,-15.396477,691.0 31.413483,-15.396477,691.0</coordinates>
  </LineString>
</Placemark>
<Placemark>
  <name>Stream 64 (max acc: 270, elev: 695m)</name>
  <styleUrl>#stream_minor</styleUrl>
  <LineString><tessellate>1</tessellate>
    <coordinates>31.412128,-15.395126,695.3 31.412081,-15.395171,695.0 31.412035,-15.395216,694.8 31.411988,-15.395261,694.6</coordinates>
  </LineString>
</Placemark>
<Placemark>
  <name>Stream 65 (max acc: 1548, elev: 695m)</name>
  <styleUrl>#stream_medium</styleUrl>
  <LineString><tessellate>1</tessellate>
    <coordinates>31.413577,-15.395126,700.4 31.413577,-15.395171,700.0 31.413577,-15.395216,699.6 31.413577,-15.395261,699.2 31.413577,-15.395306,698.8 31.413577,-15.395351,698.5 31.413577,-15.395396,698.1 31.413577,-15.395441,697.7 31.413577,-15.395486,697.3 31.413577,-15.395531,696.9 31.413577,-15.395576,696.5 31.413577,-15.395621,696.1 31.413577,-15.395666,695.7 31.413577,-15.395711,695.3 31.413577,-15.395756,694.9 31.413577,-15.395801,694.6 31.413530,-15.395846,694.2 31.413483,-15.395891,693.9 31.413436,-15.395936,693.5 31.413390,-15.395981,693.2 31.413343,-15.396026,692.9 31.413343,-15.396072,692.7 31.413343,-15.396117,692.5 31.413343,-15.396162,692.3 31.413343,-15.396207,692.1 31.413343,-15.396252,692.0 31.413343,-15.396297,691.8 31.413343,-15.396342,691.6 31.413343,-15.396387,691.4 31.413343,-15.396432,691.2 31.413343,-15.396477,691.0 31.413390,-15.396477,691.0 31.413436,-15.396477,691.0</coordinates>
  </LineString>
</Placemark>
<Placemark>
  <name>Stream 66 (max acc: 324, elev: 695m)</name>
  <styleUrl>#stream_minor</styleUrl>
  <LineString><tessellate>1</tessellate>
    <coordinates>31.412128,-15.395171,695.2 31.412081,-15.395216,694.9 31.412035,-15.395261,694.6 31.411988,-15.395306,694.4</coordinates>
  </LineString>
</Placemark>
<Placemark>
  <name>Stream 67 (max acc: 207, elev: 696m)</name>
  <styleUrl>#stream_minor</styleUrl>
  <LineString><tessellate>1</tessellate>
    <coordinates>31.413530,-15.395171,699.9 31.413530,-15.395216,699.5 31.413530,-15.395261,699.1 31.413530,-15.395306,698.7 31.413530,-15.395351,698.3 31.413530,-15.395396,697.9 31.413530,-15.395441,697.5 31.413530,-15.395486,697.1 31.413530,-15.395531,696.7 31.413530,-15.395576,696.3 31.413530,-15.395621,696.0 31.413530,-15.395666,695.6 31.413530,-15.395711,695.2 31.413530,-15.395756,694.8 31.413530,-15.395801,694.4 31.413483,-15.395846,694.1 31.413436,-15.395891,693.8 31.413390,-15.395936,693.4 31.413343,-15.395981,693.1 31.413343,-15.396026,692.9</coordinates>
  </LineString>
</Placemark>
<Placemark>
  <name>Stream 68 (max acc: 136, elev: 696m)</name>
  <styleUrl>#stream_minor</styleUrl>
  <LineString><tessellate>1</tessellate>
    <coordinates>31.413483,-15.395216,699.4 31.413483,-15.395261,699.0 31.413483,-15.395306,698.6 31.413483,-15.395351,698.2 31.413483,-15.395396,697.8 31.413483,-15.395441,697.4 31.413483,-15.395486,697.0 31.413483,-15.395531,696.6 31.413483,-15.395576,696.2 31.413483,-15.395621,695.8 31.413483,-15.395666,695.4 31.413483,-15.395711,695.0 31.413483,-15.395756,694.6 31.413483,-15.395801,694.3 31.413436,-15.395846,694.0 31.413390,-15.395891,693.6 31.413343,-15.395936,693.3 31.413343,-15.395981,693.1</coordinates>
  </LineString>
</Placemark>
<Placemark>
  <name>Stream 69 (max acc: 11469, elev: 694m)</name>
  <styleUrl>#stream_major</styleUrl>
  <LineString><tessellate>1</tessellate>
    <coordinates>31.418015,-15.395216,702.7 31.418015,-15.395261,702.3 31.418015,-15.395306,701.9 31.418015,-15.395351,701.5 31.418015,-15.395396,701.1 31.418015,-15.395441,700.7 31.418015,-15.395486,700.3 31.418015,-15.395531,699.9 31.418015,-15.395576,699.5 31.418015,-15.395621,699.1 31.418015,-15.395666,698.7 31.418015,-15.395711,698.3 31.418015,-15.395756,697.8 31.418015,-15.395801,697.5 31.417968,-15.395846,697.1 31.417922,-15.395891,696.7 31.417875,-15.395936,696.3 31.417828,-15.395981,695.9 31.417782,-15.396026,695.5 31.417735,-15.396072,695.1 31.417688,-15.396117,694.7 31.417641,-15.396162,694.3 31.417595,-15.396207,693.9 31.417548,-15.396252,693.5 31.417501,-15.396297,693.1 31.417454,-15.396342,692.7 31.417454,-15.396387,692.5 31.417454,-15.396432,692.2 31.417454,-15.396477,692.0 31.417408,-15.396522,691.9 31.417361,-15.396567,691.8 31.417314,-15.396612,691.7 31.417268,-15.396612,691.7 31.417221,-15.396612,691.7 31.417174,-15.396567,691.6 31.417127,-15.396522,691.5 31.417081,-15.396477,691.4 31.417034,-15.396477,691.4 31.416987,-15.396477,691.3 31.416941,-15.396477,691.3 31.416894,-15.396477,691.2 31.416847,-15.396477,691.1 31.416800,-15.396477,691.1 31.416754,-15.396477,691.0 31.416707,-15.396477,690.9 31.416660,-15.396477,690.8 31.416613,-15.396477,690.8 31.416567,-15.396477,690.7 31.416520,-15.396477,690.6 31.416473,-15.396477,690.6 31.416427,-15.396477,690.5 31.416380,-15.396477,690.4 31.416333,-15.396477,690.4 31.416286,-15.396477,690.3 31.416240,-15.396477,690.2 31.416193,-15.396477,690.2 31.416146,-15.396477,690.1 31.416100,-15.396477,690.0</coordinates>
  </LineString>
</Placemark>
<Placemark>
  <name>Stream 70 (max acc: 1394, elev: 694m)</name>
  <styleUrl>#stream_medium</styleUrl>
  <LineString><tessellate>1</tessellate>
    <coordinates>31.413436,-15.395261,698.8 31.413436,-15.395306,698.4 31.413436,-15.395351,698.0 31.413436,-15.395396,697.6 31.413436,-15.395441,697.3 31.413436,-15.395486,696.9 31.413436,-15.395531,696.5 31.413436,-15.395576,696.1 31.413436,-15.395621,695.7 31.413436,-15.395666,695.3 31.413436,-15.395711,694.9 31.413436,-15.395756,694.5 31.413436,-15.395801,694.2 31.413390,-15.395846,693.8 31.413343,-15.395891,693.5 31.413296,-15.395936,693.2 31.413250,-15.395981,693.0 31.413250,-15.396026,692.8 31.413250,-15.396072,692.6 31.413250,-15.396117,692.5 31.413250,-15.396162,692.3 31.413250,-15.396207,692.1 31.413250,-15.396252,692.0 31.413250,-15.396297,691.8 31.413250,-15.396342,691.6 31.413250,-15.396387,691.5 31.413250,-15.396432,691.3 31.413296,-15.396477,691.1 31.413343,-15.396477,691.0</coordinates>
  </LineString>
</Placemark>
<Placemark>
  <name>Stream 71 (max acc: 840, elev: 697m)</name>
  <styleUrl>#stream_medium</styleUrl>
  <LineString><tessellate>1</tessellate>
    <coordinates>31.417782,-15.395261,701.9 31.417782,-15.395306,701.5 31.417782,-15.395351,701.0 31.417782,-15.395396,700.6 31.417782,-15.395441,700.2 31.417782,-15.395486,699.8 31.417782,-15.395531,699.3 31.417782,-15.395576,698.9 31.417782,-15.395621,698.5 31.417782,-15.395666,698.0 31.417782,-15.395711,697.6 31.417782,-15.395756,697.2 31.417782,-15.395801,696.8 31.417735,-15.395846,696.4 31.417688,-15.395891,696.0 31.417641,-15.395936,695.6 31.417595,-15.395981,695.2 31.417548,-15.396026,694.8 31.417501,-15.396072,694.4 31.417454,-15.396117,694.0 31.417454,-15.396162,693.8 31.417454,-15.396207,693.5 31.417454,-15.396252,693.3 31.417454,-15.396297,693.0 31.417454,-15.396342,692.7</coordinates>
  </LineString>
</Placemark>
<Placemark>
  <name>Stream 72 (max acc: 545, elev: 698m)</name>
  <styleUrl>#stream_medium</styleUrl>
  <LineString><tessellate>1</tessellate>
    <coordinates>31.417828,-15.395261,702.0 31.417828,-15.395306,701.6 31.417828,-15.395351,701.1 31.417828,-15.395396,700.7 31.417828,-15.395441,700.3 31.417828,-15.395486,699.9 31.417828,-15.395531,699.4 31.417828,-15.395576,699.0 31.417828,-15.395621,698.6 31.417828,-15.395666,698.2 31.417828,-15.395711,697.7 31.417828,-15.395756,697.3 31.417828,-15.395801,697.0 31.417782,-15.395846,696.6 31.417735,-15.395891,696.2 31.417688,-15.395936,695.8 31.417641,-15.395981,695.4 31.417595,-15.396026,695.0 31.417548,-15.396072,694.6 31.417501,-15.396117,694.2 31.417454,-15.396162,693.8</coordinates>
  </LineString>
</Placemark>
<Placemark>
  <name>Stream 73 (max acc: 617, elev: 698m)</name>
  <styleUrl>#stream_medium</styleUrl>
  <LineString><tessellate>1</tessellate>
    <coordinates>31.417875,-15.395261,702.1 31.417875,-15.395306,701.6 31.417875,-15.395351,701.2 31.417875,-15.395396,700.8 31.417875,-15.395441,700.4 31.417875,-15.395486,700.0 31.417875,-15.395531,699.5 31.417875,-15.395576,699.1 31.417875,-15.395621,698.7 31.417875,-15.395666,698.3 31.417875,-15.395711,697.9 31.417875,-15.395756,697.4 31.417875,-15.395801,697.1 31.417828,-15.395846,696.7 31.417782,-15.395891,696.3 31.417735,-15.395936,695.9 31.417688,-15.395981,695.5 31.417641,-15.396026,695.1 31.417595,-15.396072,694.7 31.417548,-15.396117,694.3 31.417501,-15.396162,693.9 31.417454,-15.396207,693.5</coordinates>
  </LineString>
</Placemark>
<Placemark>
  <name>Stream 74 (max acc: 690, elev: 698m)</name>
  <styleUrl>#stream_medium</styleUrl>
  <LineString><tessellate>1</tessellate>
    <coordinates>31.417922,-15.395261,702.1 31.417922,-15.395306,701.7 31.417922,-15.395351,701.3 31.417922,-15.395396,700.9 31.417922,-15.395441,700.5 31.417922,-15.395486,700.1 31.417922,-15.395531,699.7 31.417922,-15.395576,699.2 31.417922,-15.395621,698.8 31.417922,-15.395666,698.4 31.417922,-15.395711,698.0 31.417922,-15.395756,697.6 31.417922,-15.395801,697.2 31.417875,-15.395846,696.8 31.417828,-15.395891,696.4 31.417782,-15.395936,696.0 31.417735,-15.395981,695.6 31.417688,-15.396026,695.2 31.417641,-15.396072,694.8 31.417595,-15.396117,694.4 31.417548,-15.396162,694.0 31.417501,-15.396207,693.6 31.417454,-15.396252,693.3</coordinates>
  </LineString>
</Placemark>
<Placemark>
  <name>Stream 75 (max acc: 764, elev: 698m)</name>
  <styleUrl>#stream_medium</styleUrl>
  <LineString><tessellate>1</tessellate>
    <coordinates>31.417968,-15.395261,702.2 31.417968,-15.395306,701.8 31.417968,-15.395351,701.4 31.417968,-15.395396,701.0 31.417968,-15.395441,700.6 31.417968,-15.395486,700.2 31.417968,-15.395531,699.8 31.417968,-15.395576,699.4 31.417968,-15.395621,698.9 31.417968,-15.395666,698.5 31.417968,-15.395711,698.1 31.417968,-15.395756,697.7 31.417968,-15.395801,697.4 31.417922,-15.395846,697.0 31.417875,-15.395891,696.6 31.417828,-15.395936,696.2 31.417782,-15.395981,695.8 31.417735,-15.396026,695.4 31.417688,-15.396072,695.0 31.417641,-15.396117,694.6 31.417595,-15.396162,694.2 31.417548,-15.396207,693.8 31.417501,-15.396252,693.4 31.417454,-15.396297,693.0</coordinates>
  </LineString>
</Placemark>
<Placemark>
  <name>Stream 76 (max acc: 916, elev: 697m)</name>
  <styleUrl>#stream_medium</styleUrl>
  <LineString><tessellate>1</tessellate>
    <coordinates>31.418062,-15.395261,702.4 31.418062,-15.395306,702.0 31.418062,-15.395351,701.6 31.418062,-15.395396,701.2 31.418062,-15.395441,700.8 31.418062,-15.395486,700.4 31.418062,-15.395531,700.0 31.418062,-15.395576,699.6 31.418062,-15.395621,699.2 31.418062,-15.395666,698.8 31.418062,-15.395711,698.4 31.418062,-15.395756,698.0 31.418062,-15.395801,697.6 31.418015,-15.395846,697.2 31.417968,-15.395891,696.8 31.417922,-15.395936,696.4 31.417875,-15.395981,696.0 31.417828,-15.396026,695.6 31.417782,-15.396072,695.2 31.417735,-15.396117,694.8 31.417688,-15.396162,694.4 31.417641,-15.396207,694.0 31.417595,-15.396252,693.6 31.417548,-15.396297,693.2 31.417501,-15.396342,692.8 31.417454,-15.396387,692.5</coordinates>
  </LineString>
</Placemark>
<Placemark>
  <name>Stream 77 (max acc: 1023, elev: 694m)</name>
  <styleUrl>#stream_medium</styleUrl>
  <LineString><tessellate>1</tessellate>
    <coordinates>31.413390,-15.395306,698.3 31.413390,-15.395351,697.9 31.413390,-15.395396,697.5 31.413390,-15.395441,697.1 31.413390,-15.395486,696.7 31.413390,-15.395531,696.3 31.413390,-15.395576,695.9 31.413390,-15.395621,695.5 31.413390,-15.395666,695.2 31.413390,-15.395711,694.8 31.413390,-15.395756,694.4 31.413343,-15.395801,693.9 31.413296,-15.395846,693.6 31.413250,-15.395891,693.3 31.413203,-15.395936,693.1 31.413156,-15.395981,692.8 31.413109,-15.396026,692.6 31.413109,-15.396072,692.5 31.413109,-15.396117,692.4 31.413109,-15.396162,692.2 31.413109,-15.396207,692.1 31.413109,-15.396252,692.0 31.413109,-15.396297,691.8 31.413109,-15.396342,691.7 31.413109,-15.396387,691.6 31.413156,-15.396432,691.4 31.413203,-15.396477,691.2 31.413250,-15.396477,691.2 31.413296,-15.396477,691.1</coordinates>
  </LineString>
</Placemark>
<Placemark>
  <name>Stream 78 (max acc: 474, elev: 697m)</name>
  <styleUrl>#stream_minor</styleUrl>
  <LineString><tessellate>1</tessellate>
    <coordinates>31.417548,-15.395306,701.0 31.417548,-15.395351,700.6 31.417548,-15.395396,700.1 31.417548,-15.395441,699.7 31.417548,-15.395486,699.2 31.417548,-15.395531,698.8 31.417548,-15.395576,698.3 31.417548,-15.395621,697.9 31.417548,-15.395666,697.4 31.417548,-15.395711,697.0 31.417548,-15.395756,696.5 31.417548,-15.395801,696.1 31.417501,-15.395846,695.7 31.417454,-15.395891,695.4 31.417454,-15.395936,695.1 31.417454,-15.395981,694.8 31.417454,-15.396026,694.6 31.417454,-15.396072,694.3 31.417454,-15.396117,694.0</coordinates>
  </LineString>
</Placemark>
<Placemark>
  <name>Stream 79 (max acc: 203, elev: 698m)</name>
  <styleUrl>#stream_minor</styleUrl>
  <LineString><tessellate>1</tessellate>
    <coordinates>31.417595,-15.395306,701.1 31.417595,-15.395351,700.7 31.417595,-15.395396,700.2 31.417595,-15.395441,699.8 31.417595,-15.395486,699.3 31.417595,-15.395531,698.9 31.417595,-15.395576,698.4 31.417595,-15.395621,698.0 31.417595,-15.395666,697.5 31.417595,-15.395711,697.1 31.417595,-15.395756,696.6 31.417595,-15.395801,696.3 31.417548,-15.395846,695.9 31.417501,-15.395891,695.5 31.417454,-15.395936,695.1</coordinates>
  </LineString>
</Placemark>
<Placemark>
  <name>Stream 80 (max acc: 269, elev: 698m)</name>
  <styleUrl>#stream_minor</styleUrl>
  <LineString><tessellate>1</tessellate>
    <coordinates>31.417641,-15.395306,701.2 31.417641,-15.395351,700.8 31.417641,-15.395396,700.3 31.417641,-15.395441,699.9 31.417641,-15.395486,699.4 31.417641,-15.395531,699.0 31.417641,-15.395576,698.5 31.417641,-15.395621,698.1 31.417641,-15.395666,697.7 31.417641,-15.395711,697.2 31.417641,-15.395756,696.8 31.417641,-15.395801,696.4 31.417595,-15.395846,696.0 31.417548,-15.395891,695.6 31.417501,-15.395936,695.2 31.417454,-15.395981,694.8</coordinates>
  </LineString>
</Placemark>
<Placemark>
  <name>Stream 81 (max acc: 336, elev: 698m)</name>
  <styleUrl>#stream_minor</styleUrl>
  <LineString><tessellate>1</tessellate>
    <coordinates>31.417688,-15.395306,701.3 31.417688,-15.395351,700.8 31.417688,-15.395396,700.4 31.417688,-15.395441,700.0 31.417688,-15.395486,699.5 31.417688,-15.395531,699.1 31.417688,-15.395576,698.7 31.417688,-15.395621,698.2 31.417688,-15.395666,697.8 31.417688,-15.395711,697.3 31.417688,-15.395756,696.9 31.417688,-15.395801,696.5 31.417641,-15.395846,696.1 31.417595,-15.395891,695.7 31.417548,-15.395936,695.4 31.417501,-15.395981,695.0 31.417454,-15.396026,694.6</coordinates>
  </LineString>
</Placemark>
<Placemark>
  <name>Stream 82 (max acc: 404, elev: 698m)</name>
  <styleUrl>#stream_minor</styleUrl>
  <LineString><tessellate>1</tessellate>
    <coordinates>31.417735,-15.395306,701.4 31.417735,-15.395351,700.9 31.417735,-15.395396,700.5 31.417735,-15.395441,700.1 31.417735,-15.395486,699.6 31.417735,-15.395531,699.2 31.417735,-15.395576,698.8 31.417735,-15.395621,698.3 31.417735,-15.395666,697.9 31.417735,-15.395711,697.5 31.417735,-15.395756,697.0 31.417735,-15.395801,696.7 31.417688,-15.395846,696.3 31.417641,-15.395891,695.9 31.417595,-15.395936,695.5 31.417548,-15.395981,695.1 31.417501,-15.396026,694.7 31.417454,-15.396072,694.3</coordinates>
  </LineString>
</Placemark>
<Placemark>
  <name>Stream 83 (max acc: 992, elev: 697m)</name>
  <styleUrl>#stream_medium</styleUrl>
  <LineString><tessellate>1</tessellate>
    <coordinates>31.418109,-15.395306,702.1 31.418109,-15.395351,701.7 31.418109,-15.395396,701.3 31.418109,-15.395441,700.9 31.418109,-15.395486,700.5 31.418109,-15.395531,700.1 31.418109,-15.395576,699.7 31.418109,-15.395621,699.3 31.418109,-15.395666,698.9 31.418109,-15.395711,698.5 31.418109,-15.395756,698.1 31.418109,-15.395801,697.8 31.418062,-15.395846,697.4 31.418015,-15.395891,697.0 31.417968,-15.395936,696.6 31.417922,-15.395981,696.2 31.417875,-15.396026,695.8 31.417828,-15.396072,695.4 31.417782,-15.396117,695.0 31.417735,-15.396162,694.6 31.417688,-15.396207,694.2 31.417641,-15.396252,693.8 31.417595,-15.396297,693.4 31.417548,-15.396342,693.0 31.417501,-15.396387,692.6 31.417454,-15.396432,692.2</coordinates>
  </LineString>
</Placemark>
<Placemark>
  <name>Stream 84 (max acc: 1322, elev: 694m)</name>
  <styleUrl>#stream_medium</styleUrl>
  <LineString><tessellate>1</tessellate>
    <coordinates>31.412502,-15.395351,694.9 31.412502,-15.395396,694.7 31.412502,-15.395441,694.4 31.412502,-15.395486,694.1 31.412502,-15.395531,693.8 31.412502,-15.395576,693.5 31.412502,-15.395621,693.2 31.412502,-15.395666,693.0 31.412502,-15.395711,692.7 31.412502,-15.395756,692.4 31.412549,-15.395801,692.2</coordinates>
  </LineString>
</Placemark>
<Placemark>
  <name>Stream 85 (max acc: 594, elev: 694m)</name>
  <styleUrl>#stream_medium</styleUrl>
  <LineString><tessellate>1</tessellate>
    <coordinates>31.413857,-15.395351,699.3 31.413857,-15.395396,698.9 31.413857,-15.395441,698.5 31.413857,-15.395486,698.1 31.413857,-15.395531,697.7 31.413857,-15.395576,697.3 31.413857,-15.395621,696.9 31.413857,-15.395666,696.5 31.413857,-15.395711,696.1 31.413857,-15.395756,695.7 31.413857,-15.395801,695.4 31.413810,-15.395846,695.0 31.413810,-15.395891,694.7 31.413810,-15.395936,694.4 31.413810,-15.395981,694.1 31.413810,-15.396026,693.8 31.413810,-15.396072,693.5 31.413810,-15.396117,693.2 31.413810,-15.396162,693.0 31.413810,-15.396207,692.7 31.413810,-15.396252,692.4 31.413810,-15.396297,692.1 31.413810,-15.396342,691.8 31.413810,-15.396387,691.5 31.413810,-15.396432,691.2 31.413810,-15.396477,691.0 31.413857,-15.396522,691.0 31.413904,-15.396567,690.9 31.413950,-15.396612,690.9 31.413997,-15.396657,690.8 31.414044,-15.396702,690.7</coordinates>
  </LineString>
</Placemark>
<Placemark>
  <name>Stream 86 (max acc: 2603, elev: 694m)</name>
  <styleUrl>#stream_medium</styleUrl>
  <LineString><tessellate>1</tessellate>
    <coordinates>31.418809,-15.395351,702.1 31.418809,-15.395396,701.8 31.418809,-15.395441,701.5 31.418809,-15.395486,701.1 31.418809,-15.395531,700.8 31.418809,-15.395576,700.5 31.418809,-15.395621,700.1 31.418809,-15.395666,699.8 31.418809,-15.395711,699.5 31.418809,-15.395756,699.2 31.418809,-15.395801,698.8 31.418809,-15.395846,698.5 31.418809,-15.395891,698.2 31.418809,-15.395936,697.9 31.418809,-15.395981,697.5 31.418809,-15.396026,697.2 31.418809,-15.396072,696.9 31.418809,-15.396117,696.5 31.418809,-15.396162,696.2 31.418809,-15.396207,695.9 31.418809,-15.396252,695.6 31.418809,-15.396297,695.2 31.418809,-15.396342,694.9 31.418809,-15.396387,694.6 31.418809,-15.396432,694.3 31.418809,-15.396477,694.0 31.418809,-15.396522,693.7 31.418809,-15.396567,693.4 31.418809,-15.396612,693.2 31.418809,-15.396657,692.9 31.418809,-15.396702,692.7 31.418809,-15.396747,692.4 31.418809,-15.396792,692.1 31.418809,-15.396837,691.9 31.418809,-15.396882,691.6 31.418809,-15.396927,691.4 31.418809,-15.396972,691.1 31.418809,-15.397017,690.8 31.418809,-15.397063,690.6 31.418809,-15.397108,690.3 31.418809,-15.397153,690.1 31.418856,-15.397198,689.9 31.418856,-15.397243,689.9 31.418856,-15.397288,689.8 31.418856,-15.397333,689.7 31.418856,-15.397378,689.7 31.418856,-15.397423,689.6 31.418856,-15.397468,689.5 31.418856,-15.397513,689.5 31.418856,-15.397558,689.4 31.418856,-15.397603,689.3 31.418856,-15.397648,689.3 31.418856,-15.397693,689.2 31.418856,-15.397738,689.2 31.418856,-15.397783,689.1 31.418856,-15.397828,689.0 31.418809,-15.397783,689.2 31.418856,-15.397828,689.0</coordinates>
  </LineString>
</Placemark>
<Placemark>
  <name>Stream 87 (max acc: 2309, elev: 694m)</name>
  <styleUrl>#stream_medium</styleUrl>
  <LineString><tessellate>1</tessellate>
    <coordinates>31.412595,-15.395396,694.8 31.412595,-15.395441,694.4 31.412595,-15.395486,694.1 31.412595,-15.395531,693.8 31.412595,-15.395576,693.5 31.412595,-15.395621,693.2 31.412595,-15.395666,692.9 31.412595,-15.395711,692.6 31.412595,-15.395756,692.3</coordinates>
  </LineString>
</Placemark>
<Placemark>
  <name>Stream 88 (max acc: 163, elev: 695m)</name>
  <styleUrl>#stream_minor</styleUrl>
  <LineString><tessellate>1</tessellate>
    <coordinates>31.413950,-15.395396,699.1 31.413950,-15.395441,698.8 31.413950,-15.395486,698.4 31.413950,-15.395531,698.0 31.413950,-15.395576,697.6 31.413950,-15.395621,697.2 31.413950,-15.395666,696.8 31.413950,-15.395711,696.4 31.413950,-15.395756,696.0 31.413950,-15.395801,695.6 31.413950,-15.395846,695.3 31.413950,-15.395891,695.0 31.413950,-15.395936,694.7 31.413950,-15.395981,694.4 31.413950,-15.396026,694.1 31.413950,-15.396072,693.8 31.413950,-15.396117,693.4 31.413950,-15.396162,693.1 31.413950,-15.396207,692.8 31.413950,-15.396252,692.5 31.413950,-15.396297,692.2 31.413950,-15.396342,691.9 31.413950,-15.396387,691.6 31.413950,-15.396432,691.3 31.413950,-15.396477,691.0 31.413950,-15.396522,691.0</coordinates>
  </LineString>
</Placemark>
<Placemark>
  <name>Stream 89 (max acc: 248, elev: 695m)</name>
  <styleUrl>#stream_minor</styleUrl>
  <LineString><tessellate>1</tessellate>
    <coordinates>31.418763,-15.395396,701.8 31.418763,-15.395441,701.4 31.418763,-15.395486,701.1 31.418763,-15.395531,700.8 31.418763,-15.395576,700.4 31.418763,-15.395621,700.1 31.418763,-15.395666,699.8 31.418763,-15.395711,699.4 31.418763,-15.395756,699.1 31.418763,-15.395801,698.8 31.418763,-15.395846,698.4 31.418763,-15.395891,698.1 31.418763,-15.395936,697.8 31.418763,-15.395981,697.5 31.418763,-15.396026,697.2 31.418763,-15.396072,696.8 31.418763,-15.396117,696.5 31.418763,-15.396162,696.2 31.418763,-15.396207,695.9 31.418763,-15.396252,695.6 31.418763,-15.396297,695.2 31.418763,-15.396342,694.9 31.418763,-15.396387,694.6 31.418763,-15.396432,694.3 31.418763,-15.396477,694.0 31.418763,-15.396522,693.7 31.418763,-15.396567,693.4 31.418763,-15.396612,693.2 31.418763,-15.396657,692.9 31.418763,-15.396702,692.7 31.418763,-15.396747,692.4 31.418763,-15.396792,692.2 31.418763,-15.396837,691.9 31.418763,-15.396882,691.7 31.418763,-15.396927,691.4 31.418763,-15.396972,691.2 31.418763,-15.397017,690.9 31.418763,-15.397063,690.6 31.418763,-15.397108,690.4 31.418763,-15.397153,690.1 31.418809,-15.397198,690.0 31.418856,-15.397243,689.9</coordinates>
  </LineString>
</Placemark>
<Placemark>
  <name>Stream 90 (max acc: 340, elev: 695m)</name>
  <styleUrl>#stream_minor</styleUrl>
  <LineString><tessellate>1</tessellate>
    <coordinates>31.418716,-15.395441,701.4 31.418716,-15.395486,701.1 31.418716,-15.395531,700.7 31.418716,-15.395576,700.4 31.418716,-15.395621,700.0 31.418716,-15.395666,699.7 31.418716,-15.395711,699.4 31.418716,-15.395756,699.0 31.418716,-15.395801,698.7 31.418716,-15.395846,698.4 31.418716,-15.395891,698.1 31.418716,-15.395936,697.7 31.418716,-15.395981,697.4 31.418716,-15.396026,697.1 31.418716,-15.396072,696.8 31.418716,-15.396117,696.5 31.418716,-15.396162,696.2 31.418716,-15.396207,695.8 31.418716,-15.396252,695.5 31.418716,-15.396297,695.2 31.418716,-15.396342,694.9 31.418716,-15.396387,694.6 31.418716,-15.396432,694.3 31.418716,-15.396477,694.0 31.418716,-15.396522,693.7 31.418716,-15.396567,693.5 31.418716,-15.396612,693.2 31.418716,-15.396657,693.0 31.418716,-15.396702,692.7 31.418716,-15.396747,692.5 31.418716,-15.396792,692.2 31.418716,-15.396837,692.0 31.418716,-15.396882,691.7 31.418716,-15.396927,691.5 31.418716,-15.396972,691.2 31.418716,-15.397017,691.0 31.418716,-15.397063,690.7 31.418716,-15.397108,690.4 31.418716,-15.397153,690.2 31.418763,-15.397198,690.1 31.418809,-15.397243,689.9 31.418856,-15.397288,689.8</coordinates>
  </LineString>
</Placemark>
<Placemark>
  <name>Stream 91 (max acc: 2250, elev: 693m)</name>
  <styleUrl>#stream_medium</styleUrl>
  <LineString><tessellate>1</tessellate>
    <coordinates>31.412689,-15.395486,694.3 31.412689,-15.395531,693.9 31.412689,-15.395576,693.6 31.412689,-15.395621,693.3 31.412689,-15.395666,692.9 31.412689,-15.395711,692.6 31.412689,-15.395756,692.3 31.412689,-15.395801,692.1 31.412642,-15.395801,692.0</coordinates>
  </LineString>
</Placemark>
<Placemark>
  <name>Stream 92 (max acc: 514, elev: 695m)</name>
  <styleUrl>#stream_medium</styleUrl>
  <LineString><tessellate>1</tessellate>
    <coordinates>31.418623,-15.395486,701.0 31.418623,-15.395531,700.6 31.418623,-15.395576,700.3 31.418623,-15.395621,699.9 31.418623,-15.395666,699.6 31.418623,-15.395711,699.2 31.418623,-15.395756,698.9 31.418623,-15.395801,698.6 31.418623,-15.395846,698.3 31.418623,-15.395891,697.9 31.418623,-15.395936,697.6 31.418623,-15.395981,697.3 31.418623,-15.396026,697.0 31.418623,-15.396072,696.7 31.418623,-15.396117,696.4 31.418623,-15.396162,696.1 31.418623,-15.396207,695.8 31.418623,-15.396252,695.5 31.418623,-15.396297,695.2 31.418623,-15.396342,694.9 31.418623,-15.396387,694.6 31.418623,-15.396432,694.3 31.418623,-15.396477,694.0 31.418623,-15.396522,693.7 31.418623,-15.396567,693.5 31.418623,-15.396612,693.2 31.418623,-15.396657,693.0 31.418623,-15.396702,692.8 31.418623,-15.396747,692.5 31.418623,-15.396792,692.3 31.418623,-15.396837,692.0 31.418623,-15.396882,691.8 31.418623,-15.396927,691.5 31.418623,-15.396972,691.3 31.418623,-15.397017,691.1 31.418623,-15.397063,690.8 31.418623,-15.397108,690.6 31.418623,-15.397153,690.3 31.418669,-15.397198,690.2 31.418716,-15.397243,690.1 31.418763,-15.397288,689.9 31.418809,-15.397333,689.8 31.418856,-15.397378,689.7</coordinates>
  </LineString>
</Placemark>
<Placemark>
  <name>Stream 93 (max acc: 607, elev: 694m)</name>
  <styleUrl>#stream_medium</styleUrl>
  <LineString><tessellate>1</tessellate>
    <coordinates>31.418576,-15.395531,700.6 31.418576,-15.395576,700.2 31.418576,-15.395621,699.9 31.418576,-15.395666,699.5 31.418576,-15.395711,699.2 31.418576,-15.395756,698.8 31.418576,-15.395801,698.5 31.418576,-15.395846,698.2 31.418576,-15.395891,697.9 31.418576,-15.395936,697.6 31.418576,-15.395981,697.3 31.418576,-15.396026,697.0 31.418576,-15.396072,696.7 31.418576,-15.396117,696.4 31.418576,-15.396162,696.1 31.418576,-15.396207,695.8 31.418576,-15.396252,695.5 31.418576,-15.396297,695.2 31.418576,-15.396342,694.9 31.418576,-15.396387,694.6 31.418576,-15.396432,694.3 31.418576,-15.396477,694.0 31.418576,-15.396522,693.7 31.418576,-15.396567,693.5 31.418576,-15.396612,693.3 31.418576,-15.396657,693.0 31.418576,-15.396702,692.8 31.418576,-15.396747,692.5 31.418576,-15.396792,692.3 31.418576,-15.396837,692.1 31.418576,-15.396882,691.8 31.418576,-15.396927,691.6 31.418576,-15.396972,691.4 31.418576,-15.397017,691.1 31.418576,-15.397063,690.9 31.418576,-15.397108,690.6 31.418576,-15.397153,690.4 31.418623,-15.397198,690.3 31.418669,-15.397243,690.2 31.418716,-15.397288,690.0 31.418763,-15.397333,689.9 31.418809,-15.397378,689.7 31.418856,-15.397423,689.6</coordinates>
  </LineString>
</Placemark>
<Placemark>
  <name>Stream 94 (max acc: 700, elev: 694m)</name>
  <styleUrl>#stream_medium</styleUrl>
  <LineString><tessellate>1</tessellate>
    <coordinates>31.418529,-15.395576,700.2 31.418529,-15.395621,699.8 31.418529,-15.395666,699.5 31.418529,-15.395711,699.1 31.418529,-15.395756,698.8 31.418529,-15.395801,698.4 31.418529,-15.395846,698.1 31.418529,-15.395891,697.8 31.418529,-15.395936,697.5 31.418529,-15.395981,697.2 31.418529,-15.396026,696.9 31.418529,-15.396072,696.6 31.418529,-15.396117,696.3 31.418529,-15.396162,696.0 31.418529,-15.396207,695.7 31.418529,-15.396252,695.4 31.418529,-15.396297,695.1 31.418529,-15.396342,694.8 31.418529,-15.396387,694.5 31.418529,-15.396432,694.2 31.418529,-15.396477,694.0 31.418529,-15.396522,693.7 31.418529,-15.396567,693.5 31.418529,-15.396612,693.3 31.418529,-15.396657,693.0 31.418529,-15.396702,692.8 31.418529,-15.396747,692.6 31.418529,-15.396792,692.3 31.418529,-15.396837,692.1 31.418529,-15.396882,691.9 31.418529,-15.396927,691.6 31.418529,-15.396972,691.4 31.418529,-15.397017,691.2 31.418529,-15.397063,690.9 31.418529,-15.397108,690.7 31.418529,-15.397153,690.5 31.418576,-15.397198,690.3 31.418623,-15.397243,690.2 31.418669,-15.397288,690.1 31.418716,-15.397333,690.0 31.418763,-15.397378,689.8 31.418809,-15.397423,689.7 31.418856,-15.397468,689.5</coordinates>
  </LineString>
</Placemark>
<Placemark>
  <name>Stream 95 (max acc: 793, elev: 694m)</name>
  <styleUrl>#stream_medium</styleUrl>
  <LineString><tessellate>1</tessellate>
    <coordinates>31.418482,-15.395621,699.8 31.418482,-15.395666,699.4 31.418482,-15.395711,699.1 31.418482,-15.395756,698.7 31.418482,-15.395801,698.4 31.418482,-15.395846,698.1 31.418482,-15.395891,697.8 31.418482,-15.395936,697.5 31.418482,-15.395981,697.2 31.418482,-15.396026,696.9 31.418482,-15.396072,696.6 31.418482,-15.396117,696.3 31.418482,-15.396162,696.0 31.418482,-15.396207,695.7 31.418482,-15.396252,695.4 31.418482,-15.396297,695.1 31.418482,-15.396342,694.8 31.418482,-15.396387,694.5 31.418482,-15.396432,694.2 31.418482,-15.396477,694.0 31.418482,-15.396522,693.7 31.418482,-15.396567,693.5 31.418482,-15.396612,693.3 31.418482,-15.396657,693.1 31.418482,-15.396702,692.8 31.418482,-15.396747,692.6 31.418482,-15.396792,692.4 31.418482,-15.396837,692.1 31.418482,-15.396882,691.9 31.418482,-15.396927,691.7 31.418482,-15.396972,691.5 31.418482,-15.397017,691.2 31.418482,-15.397063,691.0 31.418482,-15.397108,690.8 31.418482,-15.397153,690.5 31.418529,-15.397198,690.4 31.418576,-15.397243,690.3 31.418623,-15.397288,690.2 31.418669,-15.397333,690.1 31.418716,-15.397378,689.9 31.418763,-15.397423,689.8 31.418809,-15.397468,689.6 31.418856,-15.397513,689.5</coordinates>
  </LineString>
</Placemark>
<Placemark>
  <name>Stream 96 (max acc: 886, elev: 694m)</name>
  <styleUrl>#stream_medium</styleUrl>
  <LineString><tessellate>1</tessellate>
    <coordinates>31.418436,-15.395666,699.4 31.418436,-15.395711,699.0 31.418436,-15.395756,698.6 31.418436,-15.395801,698.3 31.418436,-15.395846,698.0 31.418436,-15.395891,697.7 31.418436,-15.395936,697.4 31.418436,-15.395981,697.1 31.418436,-15.396026,696.9 31.418436,-15.396072,696.6 31.418436,-15.396117,696.3 31.418436,-15.396162,696.0 31.418436,-15.396207,695.7 31.418436,-15.396252,695.4 31.418436,-15.396297,695.1 31.418436,-15.396342,694.8 31.418436,-15.396387,694.5 31.418436,-15.396432,694.2 31.418436,-15.396477,694.0 31.418436,-15.396522,693.7 31.418436,-15.396567,693.5 31.418436,-15.396612,693.3 31.418436,-15.396657,693.1 31.418436,-15.396702,692.8 31.418436,-15.396747,692.6 31.418436,-15.396792,692.4 31.418436,-15.396837,692.2 31.418436,-15.396882,692.0 31.418436,-15.396927,691.7 31.418436,-15.396972,691.5 31.418436,-15.397017,691.3 31.418436,-15.397063,691.1 31.418436,-15.397108,690.8 31.418436,-15.397153,690.6 31.418482,-15.397198,690.5 31.418529,-15.397243,690.4 31.418576,-15.397288,690.3 31.418623,-15.397333,690.1 31.418669,-15.397378,690.0 31.418716,-15.397423,689.9 31.418763,-15.397468,689.7 31.418809,-15.397513,689.5 31.418856,-15.397558,689.4</coordinates>
  </LineString>
</Placemark>
<Placemark>
  <name>Stream 97 (max acc: 1343, elev: 693m)</name>
  <styleUrl>#stream_medium</styleUrl>
  <LineString><tessellate>1</tessellate>
    <coordinates>31.418389,-15.395711,698.9 31.418389,-15.395756,698.6 31.418389,-15.395801,698.2 31.418389,-15.395846,697.9 31.418389,-15.395891,697.7 31.418389,-15.395936,697.4 31.418389,-15.395981,697.1 31.418389,-15.396026,696.8 31.418389,-15.396072,696.5 31.418389,-15.396117,696.2 31.418389,-15.396162,695.9 31.418389,-15.396207,695.7 31.418389,-15.396252,695.4 31.418389,-15.396297,695.1 31.418389,-15.396342,694.8 31.418389,-15.396387,694.5 31.418389,-15.396432,694.2 31.418389,-15.396477,694.0 31.418389,-15.396522,693.7 31.418389,-15.396567,693.5 31.418389,-15.396612,693.3 31.418389,-15.396657,693.1 31.418389,-15.396702,692.9 31.418389,-15.396747,692.6 31.418389,-15.396792,692.4 31.418389,-15.396837,692.2 31.418389,-15.396882,692.0 31.418389,-15.396927,691.8 31.418389,-15.396972,691.6 31.418389,-15.397017,691.3 31.418389,-15.397063,691.1 31.418389,-15.397108,690.9 31.418389,-15.397153,690.7 31.418436,-15.397198,690.6 31.418482,-15.397243,690.5 31.418529,-15.397288,690.3 31.418576,-15.397333,690.2 31.418623,-15.397378,690.1 31.418669,-15.397423,690.0 31.418716,-15.397468,689.8 31.418763,-15.397513,689.6 31.418809,-15.397558,689.5 31.418856,-15.397603,689.3</coordinates>
  </LineString>
</Placemark>
<Placemark>
  <name>Stream 98 (max acc: 448, elev: 694m)</name>
  <styleUrl>#stream_minor</styleUrl>
  <LineString><tessellate>1</tessellate>
    <coordinates>31.418342,-15.395756,698.5 31.418342,-15.395801,698.2 31.418342,-15.395846,697.9 31.418342,-15.395891,697.6 31.418342,-15.395936,697.3 31.418342,-15.395981,697.0 31.418342,-15.396026,696.8 31.418342,-15.396072,696.5 31.418342,-15.396117,696.2 31.418342,-15.396162,695.9 31.418342,-15.396207,695.6 31.418342,-15.396252,695.4 31.418342,-15.396297,695.1 31.418342,-15.396342,694.8 31.418342,-15.396387,694.5 31.418342,-15.396432,694.2 31.418342,-15.396477,694.0 31.418342,-15.396522,693.8 31.418342,-15.396567,693.5 31.418342,-15.396612,693.3 31.418342,-15.396657,693.1 31.418342,-15.396702,692.9 31.418342,-15.396747,692.7 31.418342,-15.396792,692.5 31.418342,-15.396837,692.2 31.418342,-15.396882,692.0 31.418342,-15.396927,691.8 31.418342,-15.396972,691.6 31.418342,-15.397017,691.4 31.418342,-15.397063,691.2 31.418342,-15.397108,691.0 31.418342,-15.397153,690.7 31.418389,-15.397198,690.6 31.418436,-15.397198,690.6</coordinates>
  </LineString>
</Placemark>
<Placemark>
  <name>Stream 99 (max acc: 856, elev: 693m)</name>
  <styleUrl>#stream_medium</styleUrl>
  <LineString><tessellate>1</tessellate>
    <coordinates>31.411895,-15.395801,693.1 31.411941,-15.395801,693.1 31.411988,-15.395801,693.0 31.412035,-15.395801,692.9 31.412081,-15.395801,692.9</coordinates>
  </LineString>
</Placemark>
<Placemark>
  <name>Stream 100 (max acc: 364, elev: 694m)</name>
  <styleUrl>#stream_minor</styleUrl>
  <LineString><tessellate>1</tessellate>
    <coordinates>31.418295,-15.395801,698.1 31.418295,-15.395846,697.8 31.418295,-15.395891,697.5 31.418295,-15.395936,697.3 31.418295,-15.395981,697.0 31.418295,-15.396026,696.7 31.418295,-15.396072,696.4 31.418295,-15.396117,696.2 31.418295,-15.396162,695.9 31.418295,-15.396207,695.6 31.418295,-15.396252,695.3 31.418295,-15.396297,695.1 31.418295,-15.396342,694.8 31.418295,-15.396387,694.5 31.418295,-15.396432,694.2 31.418295,-15.396477,694.0 31.418295,-15.396522,693.8 31.418295,-15.396567,693.5 31.418295,-15.396612,693.3 31.418295,-15.396657,693.1 31.418295,-15.396702,692.9 31.418295,-15.396747,692.7 31.418295,-15.396792,692.5 31.418295,-15.396837,692.3 31.418295,-15.396882,692.1 31.418295,-15.396927,691.9 31.418295,-15.396972,691.7 31.418295,-15.397017,691.4 31.418295,-15.397063,691.2 31.418295,-15.397108,691.0 31.418295,-15.397153,690.8 31.418342,-15.397198,690.7 31.418389,-15.397198,690.6</coordinates>
  </LineString>
</Placemark>
<Placemark>
  <name>Stream 101 (max acc: 281, elev: 694m)</name>
  <styleUrl>#stream_minor</styleUrl>
  <LineString><tessellate>1</tessellate>
    <coordinates>31.418202,-15.395846,697.7 31.418202,-15.395891,697.4 31.418202,-15.395936,697.2 31.418202,-15.395981,696.9 31.418202,-15.396026,696.6 31.418202,-15.396072,696.4 31.418202,-15.396117,696.1 31.418202,-15.396162,695.8 31.418202,-15.396207,695.6 31.418202,-15.396252,695.3 31.418202,-15.396297,695.0 31.418202,-15.396342,694.8 31.418202,-15.396387,694.5 31.418202,-15.396432,694.2 31.418202,-15.396477,694.0 31.418202,-15.396522,693.8 31.418202,-15.396567,693.6 31.418202,-15.396612,693.4 31.418202,-15.396657,693.2 31.418202,-15.396702,693.0 31.418202,-15.396747,692.8 31.418202,-15.396792,692.6 31.418202,-15.396837,692.4 31.418202,-15.396882,692.2 31.418202,-15.396927,692.0 31.418202,-15.396972,691.8 31.418202,-15.397017,691.6 31.418202,-15.397063,691.3 31.418202,-15.397108,691.1 31.418202,-15.397153,690.9 31.418249,-15.397153,690.9 31.418295,-15.397198,690.8 31.418342,-15.397198,690.7</coordinates>
  </LineString>
</Placemark>
<Placemark>
  <name>Stream 102 (max acc: 11914, elev: 691m)</name>
  <styleUrl>#stream_major</styleUrl>
  <LineString><tessellate>1</tessellate>
    <coordinates>31.416053,-15.395891,692.6 31.416053,-15.395936,692.4 31.416053,-15.395981,692.2 31.416053,-15.396026,692.0 31.416053,-15.396072,691.8 31.416053,-15.396117,691.6 31.416053,-15.396162,691.4 31.416053,-15.396207,691.2 31.416053,-15.396252,691.0 31.416053,-15.396297,690.8 31.416053,-15.396342,690.6 31.416053,-15.396387,690.4 31.416053,-15.396432,690.2</coordinates>
  </LineString>
</Placemark>
<Placemark>
  <name>Stream 103 (max acc: 1056, elev: 695m)</name>
  <styleUrl>#stream_medium</styleUrl>
  <LineString><tessellate>1</tessellate>
    <coordinates>31.418062,-15.395891,697.1 31.418015,-15.395936,696.7 31.417968,-15.395981,696.3 31.417922,-15.396026,695.9 31.417875,-15.396072,695.5 31.417828,-15.396117,695.1 31.417782,-15.396162,694.7 31.417735,-15.396207,694.3 31.417688,-15.396252,693.9 31.417641,-15.396297,693.5 31.417595,-15.396342,693.1 31.417548,-15.396387,692.7 31.417501,-15.396432,692.3 31.417454,-15.396477,692.0</coordinates>
  </LineString>
</Placemark>
<Placemark>
  <name>Stream 104 (max acc: 170, elev: 694m)</name>
  <styleUrl>#stream_minor</styleUrl>
  <LineString><tessellate>1</tessellate>
    <coordinates>31.418249,-15.395936,697.2 31.418249,-15.395981,696.9 31.418249,-15.396026,696.7 31.418249,-15.396072,696.4 31.418249,-15.396117,696.1 31.418249,-15.396162,695.9 31.418249,-15.396207,695.6 31.418249,-15.396252,695.3 31.418249,-15.396297,695.0 31.418249,-15.396342,694.8 31.418249,-15.396387,694.5 31.418249,-15.396432,694.2 31.418249,-15.396477,694.0 31.418249,-15.396522,693.8 31.418249,-15.396567,693.6 31.418249,-15.396612,693.3 31.418249,-15.396657,693.1 31.418249,-15.396702,692.9 31.418249,-15.396747,692.7 31.418249,-15.396792,692.5 31.418249,-15.396837,692.3 31.418249,-15.396882,692.1 31.418249,-15.396927,691.9 31.418249,-15.396972,691.7 31.418249,-15.397017,691.5 31.418249,-15.397063,691.3 31.418249,-15.397108,691.1 31.418249,-15.397153,690.9</coordinates>
  </LineString>
</Placemark>
<Placemark>
  <name>Stream 105 (max acc: 421, elev: 693m)</name>
  <styleUrl>#stream_minor</styleUrl>
  <LineString><tessellate>1</tessellate>
    <coordinates>31.418669,-15.395981,697.4 31.418669,-15.396026,697.1 31.418669,-15.396072,696.8 31.418669,-15.396117,696.4 31.418669,-15.396162,696.1 31.418669,-15.396207,695.8 31.418669,-15.396252,695.5 31.418669,-15.396297,695.2 31.418669,-15.396342,694.9 31.418669,-15.396387,694.6 31.418669,-15.396432,694.3 31.418669,-15.396477,694.0 31.418669,-15.396522,693.7 31.418669,-15.396567,693.5 31.418669,-15.396612,693.2 31.418669,-15.396657,693.0 31.418669,-15.396702,692.7 31.418669,-15.396747,692.5 31.418669,-15.396792,692.2 31.418669,-15.396837,692.0 31.418669,-15.396882,691.7 31.418669,-15.396927,691.5 31.418669,-15.396972,691.3 31.418669,-15.397017,691.0 31.418669,-15.397063,690.8 31.418669,-15.397108,690.5 31.418669,-15.397153,690.3 31.418716,-15.397198,690.1 31.418763,-15.397243,690.0 31.418809,-15.397288,689.9 31.418856,-15.397333,689.7</coordinates>
  </LineString>
</Placemark>
<Placemark>
  <name>Stream 106 (max acc: 226, elev: 692m)</name>
  <styleUrl>#stream_minor</styleUrl>
  <LineString><tessellate>1</tessellate>
    <coordinates>31.413997,-15.396026,694.2 31.413997,-15.396072,693.8 31.413997,-15.396117,693.5 31.413997,-15.396162,693.2 31.413997,-15.396207,692.9 31.413997,-15.396252,692.6 31.413997,-15.396297,692.2 31.413997,-15.396342,691.9 31.413997,-15.396387,691.6 31.413997,-15.396432,691.3 31.413997,-15.396477,691.0 31.413997,-15.396522,690.9 31.413997,-15.396567,690.9</coordinates>
  </LineString>
</Placemark>
<Placemark>
  <name>Stream 107 (max acc: 2147, elev: 694m)</name>
  <styleUrl>#stream_medium</styleUrl>
  <LineString><tessellate>1</tessellate>
    <coordinates>31.420118,-15.396117,698.0 31.420118,-15.396162,697.7 31.420118,-15.396207,697.4 31.420118,-15.396252,697.2 31.420118,-15.396297,696.9 31.420118,-15.396342,696.6 31.420118,-15.396387,696.4 31.420118,-15.396432,696.1 31.420118,-15.396477,695.8 31.420118,-15.396522,695.5 31.420118,-15.396567,695.3 31.420118,-15.396612,695.0 31.420118,-15.396657,694.7 31.420118,-15.396702,694.5 31.420118,-15.396747,694.2 31.420118,-15.396792,693.9 31.420118,-15.396837,693.7 31.420118,-15.396882,693.4 31.420071,-15.396927,693.0 31.420024,-15.396972,692.6 31.419977,-15.397017,692.2 31.419931,-15.397063,691.8 31.419884,-15.397108,691.4 31.419837,-15.397153,690.9 31.419791,-15.397198,690.7 31.419744,-15.397243,690.4 31.419697,-15.397288,690.2 31.419650,-15.397333,690.0 31.419604,-15.397378,689.8 31.419557,-15.397423,689.7 31.419510,-15.397468,689.5 31.419510,-15.397513,689.5</coordinates>
  </LineString>
</Placemark>
<Placemark>
  <name>Stream 108 (max acc: 876, elev: 692m)</name>
  <styleUrl>#stream_medium</styleUrl>
  <LineString><tessellate>1</tessellate>
    <coordinates>31.412689,-15.396162,692.0 31.412689,-15.396207,692.0 31.412689,-15.396252,692.0 31.412736,-15.396297,692.0 31.412782,-15.396342,691.9 31.412829,-15.396387,691.8 31.412876,-15.396432,691.7 31.412922,-15.396477,691.7 31.412969,-15.396477,691.6 31.413016,-15.396477,691.5 31.413063,-15.396477,691.4 31.413109,-15.396477,691.4 31.413156,-15.396477,691.3 31.413203,-15.396477,691.2</coordinates>
  </LineString>
</Placemark>
<Placemark>
  <name>Stream 109 (max acc: 782, elev: 693m)</name>
  <styleUrl>#stream_medium</styleUrl>
  <LineString><tessellate>1</tessellate>
    <coordinates>31.419977,-15.396162,697.6 31.419977,-15.396207,697.3 31.419977,-15.396252,697.0 31.419977,-15.396297,696.8 31.419977,-15.396342,696.5 31.419977,-15.396387,696.2 31.419977,-15.396432,695.9 31.419977,-15.396477,695.6 31.419977,-15.396522,695.3 31.419977,-15.396567,695.0 31.419977,-15.396612,694.8 31.419977,-15.396657,694.5 31.419977,-15.396702,694.2 31.419977,-15.396747,693.9 31.419977,-15.396792,693.6 31.419977,-15.396837,693.3 31.419977,-15.396882,693.1 31.419977,-15.396927,692.8 31.419977,-15.396972,692.5 31.419931,-15.397017,692.1 31.419884,-15.397063,691.7 31.419837,-15.397108,691.2 31.419791,-15.397153,690.8 31.419744,-15.397198,690.5 31.419697,-15.397243,690.3 31.419650,-15.397288,690.1 31.419604,-15.397333,689.9 31.419557,-15.397378,689.7 31.419510,-15.397423,689.6 31.419510,-15.397468,689.5</coordinates>
  </LineString>
</Placemark>
<Placemark>
  <name>Stream 110 (max acc: 2912, elev: 692m)</name>
  <styleUrl>#stream_medium</styleUrl>
  <LineString><tessellate>1</tessellate>
    <coordinates>31.419464,-15.396207,696.8 31.419464,-15.396252,696.5 31.419464,-15.396297,696.2 31.419464,-15.396342,695.8 31.419464,-15.396387,695.5 31.419464,-15.396432,695.2 31.419464,-15.396477,694.9 31.419464,-15.396522,694.5 31.419464,-15.396567,694.2 31.419464,-15.396612,693.9 31.419464,-15.396657,693.6 31.419464,-15.396702,693.2 31.419464,-15.396747,692.9 31.419464,-15.396792,692.6 31.419464,-15.396837,692.3 31.419464,-15.396882,692.0 31.419464,-15.396927,691.6 31.419464,-15.396972,691.3 31.419464,-15.397017,691.0 31.419464,-15.397063,690.7 31.419464,-15.397108,690.3 31.419464,-15.397153,690.0 31.419464,-15.397198,689.9 31.419464,-15.397243,689.9 31.419464,-15.397288,689.8 31.419464,-15.397333,689.7 31.419464,-15.397378,689.7 31.419464,-15.397423,689.6 31.419464,-15.397468,689.5 31.419464,-15.397513,689.5 31.419464,-15.397558,689.4 31.419464,-15.397603,689.3 31.419464,-15.397648,689.3 31.419464,-15.397693,689.2 31.419464,-15.397738,689.2 31.419464,-15.397783,689.1</coordinates>
  </LineString>
</Placemark>
<Placemark>
  <name>Stream 111 (max acc: 275, elev: 691m)</name>
  <styleUrl>#stream_minor</styleUrl>
  <LineString><tessellate>1</tessellate>
    <coordinates>31.419417,-15.396252,696.4 31.419417,-15.396297,696.1 31.419417,-15.396342,695.8 31.419417,-15.396387,695.4 31.419417,-15.396432,695.1 31.419417,-15.396477,694.8 31.419417,-15.396522,694.5 31.419417,-15.396567,694.2 31.419417,-15.396612,693.8 31.419417,-15.396657,693.5 31.419417,-15.396702,693.2 31.419417,-15.396747,692.9 31.419417,-15.396792,692.6 31.419417,-15.396837,692.3 31.419417,-15.396882,691.9 31.419417,-15.396927,691.6 31.419417,-15.396972,691.3 31.419417,-15.397017,691.0 31.419417,-15.397063,690.7 31.419417,-15.397108,690.3 31.419417,-15.397153,690.0 31.419417,-15.397198,689.9 31.419417,-15.397243,689.9 31.419417,-15.397288,689.8 31.419417,-15.397333,689.7 31.419417,-15.397378,689.7 31.419417,-15.397423,689.6 31.419417,-15.397468,689.5 31.419417,-15.397513,689.5 31.419417,-15.397558,689.4 31.419417,-15.397603,689.3 31.419417,-15.397648,689.3 31.419417,-15.397693,689.2 31.419417,-15.397738,689.2 31.419417,-15.397783,689.1 31.419417,-15.397828,689.0 31.419370,-15.397783,689.1 31.419370,-15.397828,689.0 31.419323,-15.397783,689.1 31.419323,-15.397828,689.0 31.419370,-15.397828,689.0</coordinates>
  </LineString>
</Placemark>
<Placemark>
  <name>Stream 112 (max acc: 200, elev: 692m)</name>
  <styleUrl>#stream_minor</styleUrl>
  <LineString><tessellate>1</tessellate>
    <coordinates>31.419370,-15.396297,696.0 31.419370,-15.396342,695.7 31.419370,-15.396387,695.4 31.419370,-15.396432,695.0 31.419370,-15.396477,694.7 31.419370,-15.396522,694.4 31.419370,-15.396567,694.1 31.419370,-15.396612,693.8 31.419370,-15.396657,693.5 31.419370,-15.396702,693.2 31.419370,-15.396747,692.8 31.419370,-15.396792,692.5 31.419370,-15.396837,692.2 31.419370,-15.396882,691.9 31.419370,-15.396927,691.6 31.419370,-15.396972,691.3 31.419370,-15.397017,691.0 31.419370,-15.397063,690.6 31.419370,-15.397108,690.3 31.419370,-15.397153,690.0 31.419370,-15.397198,689.9 31.419370,-15.397243,689.9 31.419370,-15.397288,689.8 31.419370,-15.397333,689.7 31.419370,-15.397378,689.7 31.419370,-15.397423,689.6 31.419370,-15.397468,689.5 31.419370,-15.397513,689.5 31.419370,-15.397558,689.4 31.419370,-15.397603,689.3 31.419370,-15.397648,689.3 31.419370,-15.397693,689.2 31.419370,-15.397738,689.2 31.419370,-15.397783,689.1</coordinates>
  </LineString>
</Placemark>
<Placemark>
  <name>Stream 113 (max acc: 367, elev: 692m)</name>
  <styleUrl>#stream_minor</styleUrl>
  <LineString><tessellate>1</tessellate>
    <coordinates>31.412268,-15.396342,693.0 31.412315,-15.396342,692.9 31.412362,-15.396342,692.8 31.412409,-15.396342,692.7 31.412455,-15.396342,692.5 31.412502,-15.396342,692.4 31.412549,-15.396342,692.3 31.412595,-15.396342,692.2 31.412642,-15.396342,692.0 31.412689,-15.396342,692.0 31.412736,-15.396387,691.9 31.412782,-15.396432,691.9 31.412829,-15.396432,691.8 31.412876,-15.396432,691.7</coordinates>
  </LineString>
</Placemark>
<Placemark>
  <name>Stream 114 (max acc: 292, elev: 691m)</name>
  <styleUrl>#stream_minor</styleUrl>
  <LineString><tessellate>1</tessellate>
    <coordinates>31.419277,-15.396342,695.6 31.419277,-15.396387,695.2 31.419277,-15.396432,694.9 31.419277,-15.396477,694.6 31.419277,-15.396522,694.3 31.419277,-15.396567,694.0 31.419277,-15.396612,693.7 31.419277,-15.396657,693.4 31.419277,-15.396702,693.1 31.419277,-15.396747,692.8 31.419277,-15.396792,692.5 31.419277,-15.396837,692.2 31.419277,-15.396882,691.9 31.419277,-15.396927,691.5 31.419277,-15.396972,691.2 31.419277,-15.397017,690.9 31.419277,-15.397063,690.6 31.419277,-15.397108,690.3 31.419277,-15.397153,690.0 31.419277,-15.397198,689.9 31.419277,-15.397243,689.9 31.419277,-15.397288,689.8 31.419277,-15.397333,689.7 31.419277,-15.397378,689.7 31.419277,-15.397423,689.6 31.419277,-15.397468,689.5 31.419277,-15.397513,689.5 31.419277,-15.397558,689.4 31.419277,-15.397603,689.3 31.419277,-15.397648,689.3 31.419277,-15.397693,689.2 31.419277,-15.397738,689.2 31.419277,-15.397783,689.1 31.419277,-15.397828,689.0 31.419230,-15.397783,689.1 31.419230,-15.397828,689.0 31.419277,-15.397828,689.0</coordinates>
  </LineString>
</Placemark>
<Placemark>
  <name>Stream 115 (max acc: 433, elev: 691m)</name>
  <styleUrl>#stream_minor</styleUrl>
  <LineString><tessellate>1</tessellate>
    <coordinates>31.419183,-15.396387,695.1 31.419183,-15.396432,694.8 31.419183,-15.396477,694.5 31.419183,-15.396522,694.2 31.419183,-15.396567,693.9 31.419183,-15.396612,693.6 31.419183,-15.396657,693.3 31.419183,-15.396702,693.0 31.419183,-15.396747,692.7 31.419183,-15.396792,692.4 31.419183,-15.396837,692.1 31.419183,-15.396882,691.8 31.419183,-15.396927,691.5 31.419183,-15.396972,691.2 31.419183,-15.397017,690.9 31.419183,-15.397063,690.6 31.419183,-15.397108,690.3 31.419183,-15.397153,690.0 31.419183,-15.397198,689.9 31.419183,-15.397243,689.9 31.419183,-15.397288,689.8 31.419183,-15.397333,689.7 31.419183,-15.397378,689.7 31.419183,-15.397423,689.6 31.419183,-15.397468,689.5 31.419183,-15.397513,689.5 31.419183,-15.397558,689.4 31.419183,-15.397603,689.3 31.419183,-15.397648,689.3 31.419183,-15.397693,689.2 31.419183,-15.397738,689.2 31.419183,-15.397783,689.1 31.419183,-15.397828,689.0 31.419136,-15.397828,689.0 31.419090,-15.397783,689.1 31.419090,-15.397828,689.0 31.419136,-15.397828,689.0</coordinates>
  </LineString>
</Placemark>
<Placemark>
  <name>Stream 116 (max acc: 180, elev: 692m)</name>
  <styleUrl>#stream_minor</styleUrl>
  <LineString><tessellate>1</tessellate>
    <coordinates>31.412315,-15.396432,693.0 31.412362,-15.396432,692.8 31.412409,-15.396432,692.7 31.412455,-15.396432,692.6 31.412502,-15.396432,692.4 31.412549,-15.396432,692.3 31.412595,-15.396432,692.2 31.412642,-15.396432,692.0 31.412689,-15.396432,692.0 31.412736,-15.396432,691.9 31.412782,-15.396432,691.9</coordinates>
  </LineString>
</Placemark>
<Placemark>
  <name>Stream 117 (max acc: 433, elev: 691m)</name>
  <styleUrl>#stream_minor</styleUrl>
  <LineString><tessellate>1</tessellate>
    <coordinates>31.419090,-15.396432,694.6 31.419090,-15.396477,694.3 31.419090,-15.396522,694.0 31.419090,-15.396567,693.7 31.419090,-15.396612,693.5 31.419090,-15.396657,693.2 31.419090,-15.396702,692.9 31.419090,-15.396747,692.6 31.419090,-15.396792,692.3 31.419090,-15.396837,692.0 31.419090,-15.396882,691.7 31.419090,-15.396927,691.5 31.419090,-15.396972,691.2 31.419090,-15.397017,690.9 31.419090,-15.397063,690.6 31.419090,-15.397108,690.3 31.419090,-15.397153,690.0 31.419090,-15.397198,689.9 31.419090,-15.397243,689.9 31.419090,-15.397288,689.8 31.419090,-15.397333,689.7 31.419090,-15.397378,689.7 31.419090,-15.397423,689.6 31.419090,-15.397468,689.5 31.419090,-15.397513,689.5 31.419090,-15.397558,689.4 31.419090,-15.397603,689.3 31.419090,-15.397648,689.3 31.419090,-15.397693,689.2 31.419090,-15.397738,689.2 31.419090,-15.397783,689.1</coordinates>
  </LineString>
</Placemark>
<Placemark>
  <name>Stream 118 (max acc: 578, elev: 692m)</name>
  <styleUrl>#stream_medium</styleUrl>
  <LineString><tessellate>1</tessellate>
    <coordinates>31.412642,-15.396477,692.1 31.412689,-15.396477,692.0 31.412736,-15.396477,691.9 31.412782,-15.396477,691.9 31.412829,-15.396477,691.8 31.412876,-15.396477,691.7 31.412922,-15.396477,691.7</coordinates>
  </LineString>
</Placemark>
<Placemark>
  <name>Stream 119 (max acc: 1499, elev: 691m)</name>
  <styleUrl>#stream_medium</styleUrl>
  <LineString><tessellate>1</tessellate>
    <coordinates>31.415165,-15.396477,691.3 31.415212,-15.396477,691.3 31.415259,-15.396477,691.2 31.415305,-15.396477,691.2 31.415352,-15.396477,691.1 31.415399,-15.396477,691.0 31.415445,-15.396477,691.0 31.415492,-15.396477,690.9 31.415539,-15.396477,690.8 31.415586,-15.396477,690.8 31.415632,-15.396477,690.7 31.415679,-15.396477,690.6 31.415726,-15.396477,690.5 31.415773,-15.396477,690.5 31.415819,-15.396477,690.4 31.415866,-15.396477,690.3 31.415913,-15.396477,690.3 31.415959,-15.396477,690.2 31.416006,-15.396477,690.1 31.416053,-15.396477,690.1</coordinates>
  </LineString>
</Placemark>
<Placemark>
  <name>Stream 120 (max acc: 2573, elev: 691m)</name>
  <styleUrl>#stream_medium</styleUrl>
  <LineString><tessellate>1</tessellate>
    <coordinates>31.419043,-15.396477,694.3 31.419043,-15.396522,694.0 31.419043,-15.396567,693.7 31.419043,-15.396612,693.4 31.419043,-15.396657,693.1 31.419043,-15.396702,692.8 31.419043,-15.396747,692.6 31.419043,-15.396792,692.3 31.419043,-15.396837,692.0 31.419043,-15.396882,691.7 31.419043,-15.396927,691.4 31.419043,-15.396972,691.2 31.419043,-15.397017,690.9 31.419043,-15.397063,690.6 31.419043,-15.397108,690.3 31.419043,-15.397153,690.0 31.419043,-15.397198,689.9 31.419043,-15.397243,689.9 31.419043,-15.397288,689.8 31.419043,-15.397333,689.7 31.419043,-15.397378,689.7 31.419043,-15.397423,689.6 31.419043,-15.397468,689.5 31.419043,-15.397513,689.5 31.419043,-15.397558,689.4 31.419043,-15.397603,689.3 31.419043,-15.397648,689.3 31.419043,-15.397693,689.2 31.419043,-15.397738,689.2 31.419043,-15.397783,689.1 31.419043,-15.397828,689.0 31.418996,-15.397783,689.1 31.418996,-15.397828,689.0 31.418950,-15.397828,689.0 31.418903,-15.397783,689.1 31.418903,-15.397828,689.0 31.418856,-15.397828,689.0</coordinates>
  </LineString>
</Placemark>
<Placemark>
  <name>Stream 121 (max acc: 469, elev: 691m)</name>
  <styleUrl>#stream_minor</styleUrl>
  <LineString><tessellate>1</tessellate>
    <coordinates>31.414044,-15.396522,690.9 31.414044,-15.396567,690.9 31.414044,-15.396612,690.8 31.414044,-15.396657,690.7</coordinates>
  </LineString>
</Placemark>
<Placemark>
  <name>Stream 122 (max acc: 5615, elev: 691m)</name>
  <styleUrl>#stream_major</styleUrl>
  <LineString><tessellate>1</tessellate>
    <coordinates>31.414558,-15.396522,691.6 31.414511,-15.396567,691.5 31.414464,-15.396612,691.3 31.414418,-15.396657,691.1 31.414371,-15.396702,691.0 31.414324,-15.396747,690.8 31.414324,-15.396792,690.8 31.414324,-15.396837,690.7 31.414324,-15.396882,690.6 31.414324,-15.396927,690.5 31.414324,-15.396972,690.4 31.414324,-15.397017,690.3 31.414324,-15.397063,690.2 31.414324,-15.397108,690.1 31.414324,-15.397153,690.0 31.414277,-15.397153,690.0 31.414231,-15.397153,690.0 31.414184,-15.397153,690.0 31.414137,-15.397153,690.0 31.414091,-15.397153,690.0 31.414044,-15.397153,690.0</coordinates>
  </LineString>
</Placemark>
<Placemark>
  <name>Stream 123 (max acc: 205, elev: 691m)</name>
  <styleUrl>#stream_minor</styleUrl>
  <LineString><tessellate>1</tessellate>
    <coordinates>31.418950,-15.396522,693.8 31.418950,-15.396567,693.6 31.418950,-15.396612,693.3 31.418950,-15.396657,693.0 31.418950,-15.396702,692.8 31.418950,-15.396747,692.5 31.418950,-15.396792,692.2 31.418950,-15.396837,691.9 31.418950,-15.396882,691.7 31.418950,-15.396927,691.4 31.418950,-15.396972,691.1 31.418950,-15.397017,690.8 31.418950,-15.397063,690.6 31.418950,-15.397108,690.3 31.418950,-15.397153,690.0 31.418950,-15.397198,689.9 31.418950,-15.397243,689.9 31.418950,-15.397288,689.8 31.418950,-15.397333,689.7 31.418950,-15.397378,689.7 31.418950,-15.397423,689.6 31.418950,-15.397468,689.5 31.418950,-15.397513,689.5 31.418950,-15.397558,689.4 31.418950,-15.397603,689.3 31.418950,-15.397648,689.3 31.418950,-15.397693,689.2 31.418950,-15.397738,689.2 31.418950,-15.397783,689.1 31.418950,-15.397828,689.0</coordinates>
  </LineString>
</Placemark>
<Placemark>
  <name>Stream 124 (max acc: 2872, elev: 691m)</name>
  <styleUrl>#stream_medium</styleUrl>
  <LineString><tessellate>1</tessellate>
    <coordinates>31.414324,-15.396567,691.2 31.414277,-15.396612,691.1 31.414231,-15.396657,690.9 31.414184,-15.396702,690.8 31.414137,-15.396747,690.7 31.414091,-15.396792,690.6 31.414044,-15.396837,690.5</coordinates>
  </LineString>
</Placemark>
<Placemark>
  <name>Stream 125 (max acc: 156, elev: 692m)</name>
  <styleUrl>#stream_minor</styleUrl>
  <LineString><tessellate>1</tessellate>
    <coordinates>31.418856,-15.396567,693.5 31.418856,-15.396612,693.2 31.418856,-15.396657,692.9 31.418856,-15.396702,692.7 31.418856,-15.396747,692.4 31.418856,-15.396792,692.1 31.418856,-15.396837,691.9 31.418856,-15.396882,691.6 31.418856,-15.396927,691.3 31.418856,-15.396972,691.1 31.418856,-15.397017,690.8 31.418856,-15.397063,690.5 31.418856,-15.397108,690.3 31.418856,-15.397153,690.0 31.418856,-15.397198,689.9</coordinates>
  </LineString>
</Placemark>
<Placemark>
  <name>Stream 126 (max acc: 2808, elev: 691m)</name>
  <styleUrl>#stream_medium</styleUrl>
  <LineString><tessellate>1</tessellate>
    <coordinates>31.413857,-15.396612,691.0 31.413904,-15.396657,690.9 31.413950,-15.396702,690.8 31.413997,-15.396747,690.7 31.414044,-15.396792,690.5</coordinates>
  </LineString>
</Placemark>
<Placemark>
  <name>Stream 127 (max acc: 2808, elev: 691m)</name>
  <styleUrl>#stream_medium</styleUrl>
  <LineString><tessellate>1</tessellate>
    <coordinates>31.414231,-15.396612,691.0 31.414184,-15.396657,690.9 31.414137,-15.396702,690.8 31.414091,-15.396747,690.6 31.414044,-15.396792,690.5</coordinates>
  </LineString>
</Placemark>
<Placemark>
  <name>Stream 128 (max acc: 282, elev: 691m)</name>
  <styleUrl>#stream_minor</styleUrl>
  <LineString><tessellate>1</tessellate>
    <coordinates>31.418903,-15.396612,693.2 31.418903,-15.396657,693.0 31.418903,-15.396702,692.7 31.418903,-15.396747,692.4 31.418903,-15.396792,692.2 31.418903,-15.396837,691.9 31.418903,-15.396882,691.6 31.418903,-15.396927,691.4 31.418903,-15.396972,691.1 31.418903,-15.397017,690.8 31.418903,-15.397063,690.6 31.418903,-15.397108,690.3 31.418903,-15.397153,690.0 31.418903,-15.397198,689.9 31.418903,-15.397243,689.9 31.418903,-15.397288,689.8 31.418903,-15.397333,689.7 31.418903,-15.397378,689.7 31.418903,-15.397423,689.6 31.418903,-15.397468,689.5 31.418903,-15.397513,689.5 31.418903,-15.397558,689.4 31.418903,-15.397603,689.3 31.418903,-15.397648,689.3 31.418903,-15.397693,689.2 31.418903,-15.397738,689.2 31.418903,-15.397783,689.1</coordinates>
  </LineString>
</Placemark>
<Placemark>
  <name>Stream 129 (max acc: 1255, elev: 691m)</name>
  <styleUrl>#stream_medium</styleUrl>
  <LineString><tessellate>1</tessellate>
    <coordinates>31.414371,-15.396657,691.1 31.414324,-15.396702,690.9 31.414277,-15.396747,690.8 31.414277,-15.396792,690.7 31.414277,-15.396837,690.6 31.414277,-15.396882,690.5 31.414277,-15.396927,690.5 31.414277,-15.396972,690.4 31.414277,-15.397017,690.3 31.414277,-15.397063,690.2 31.414277,-15.397108,690.1 31.414277,-15.397153,690.0</coordinates>
  </LineString>
</Placemark>
<Placemark>
  <name>Stream 130 (max acc: 198, elev: 690m)</name>
  <styleUrl>#stream_minor</styleUrl>
  <LineString><tessellate>1</tessellate>
    <coordinates>31.418996,-15.396657,693.1 31.418996,-15.396702,692.8 31.418996,-15.396747,692.5 31.418996,-15.396792,692.2 31.418996,-15.396837,692.0 31.418996,-15.396882,691.7 31.418996,-15.396927,691.4 31.418996,-15.396972,691.1 31.418996,-15.397017,690.9 31.418996,-15.397063,690.6 31.418996,-15.397108,690.3 31.418996,-15.397153,690.0 31.418996,-15.397198,689.9 31.418996,-15.397243,689.9 31.418996,-15.397288,689.8 31.418996,-15.397333,689.7 31.418996,-15.397378,689.7 31.418996,-15.397423,689.6 31.418996,-15.397468,689.5 31.418996,-15.397513,689.5 31.418996,-15.397558,689.4 31.418996,-15.397603,689.3 31.418996,-15.397648,689.3 31.418996,-15.397693,689.2 31.418996,-15.397738,689.2 31.418996,-15.397783,689.1</coordinates>
  </LineString>
</Placemark>
<Placemark>
  <name>Stream 131 (max acc: 1213, elev: 691m)</name>
  <styleUrl>#stream_medium</styleUrl>
  <LineString><tessellate>1</tessellate>
    <coordinates>31.417454,-15.396702,691.7 31.417454,-15.396747,691.6 31.417454,-15.396792,691.5 31.417454,-15.396837,691.5 31.417454,-15.396882,691.4 31.417454,-15.396927,691.4 31.417454,-15.396972,691.3 31.417454,-15.397017,691.2 31.417454,-15.397063,691.2 31.417454,-15.397108,691.1 31.417501,-15.397153,691.0 31.417454,-15.397108,691.1</coordinates>
  </LineString>
</Placemark>
<Placemark>
  <name>Stream 132 (max acc: 352, elev: 690m)</name>
  <styleUrl>#stream_minor</styleUrl>
  <LineString><tessellate>1</tessellate>
    <coordinates>31.419136,-15.396702,692.9 31.419136,-15.396747,692.6 31.419136,-15.396792,692.4 31.419136,-15.396837,692.1 31.419136,-15.396882,691.8 31.419136,-15.396927,691.5 31.419136,-15.396972,691.2 31.419136,-15.397017,690.9 31.419136,-15.397063,690.6 31.419136,-15.397108,690.3 31.419136,-15.397153,690.0 31.419136,-15.397198,689.9 31.419136,-15.397243,689.9 31.419136,-15.397288,689.8 31.419136,-15.397333,689.7 31.419136,-15.397378,689.7 31.419136,-15.397423,689.6 31.419136,-15.397468,689.5 31.419136,-15.397513,689.5 31.419136,-15.397558,689.4 31.419136,-15.397603,689.3 31.419136,-15.397648,689.3 31.419136,-15.397693,689.2 31.419136,-15.397738,689.2 31.419136,-15.397783,689.1 31.419136,-15.397828,689.0</coordinates>
  </LineString>
</Placemark>
<Placemark>
  <name>Stream 133 (max acc: 292, elev: 690m)</name>
  <styleUrl>#stream_minor</styleUrl>
  <LineString><tessellate>1</tessellate>
    <coordinates>31.419230,-15.396747,692.7 31.419230,-15.396792,692.4 31.419230,-15.396837,692.1 31.419230,-15.396882,691.8 31.419230,-15.396927,691.5 31.419230,-15.396972,691.2 31.419230,-15.397017,690.9 31.419230,-15.397063,690.6 31.419230,-15.397108,690.3 31.419230,-15.397153,690.0 31.419230,-15.397198,689.9 31.419230,-15.397243,689.9 31.419230,-15.397288,689.8 31.419230,-15.397333,689.7 31.419230,-15.397378,689.7 31.419230,-15.397423,689.6 31.419230,-15.397468,689.5 31.419230,-15.397513,689.5 31.419230,-15.397558,689.4 31.419230,-15.397603,689.3 31.419230,-15.397648,689.3 31.419230,-15.397693,689.2 31.419230,-15.397738,689.2 31.419230,-15.397783,689.1</coordinates>
  </LineString>
</Placemark>
<Placemark>
  <name>Stream 134 (max acc: 275, elev: 690m)</name>
  <styleUrl>#stream_minor</styleUrl>
  <LineString><tessellate>1</tessellate>
    <coordinates>31.419323,-15.396792,692.5 31.419323,-15.396837,692.2 31.419323,-15.396882,691.9 31.419323,-15.396927,691.6 31.419323,-15.396972,691.3 31.419323,-15.397017,691.0 31.419323,-15.397063,690.6 31.419323,-15.397108,690.3 31.419323,-15.397153,690.0 31.419323,-15.397198,689.9 31.419323,-15.397243,689.9 31.419323,-15.397288,689.8 31.419323,-15.397333,689.7 31.419323,-15.397378,689.7 31.419323,-15.397423,689.6 31.419323,-15.397468,689.5 31.419323,-15.397513,689.5 31.419323,-15.397558,689.4 31.419323,-15.397603,689.3 31.419323,-15.397648,689.3 31.419323,-15.397693,689.2 31.419323,-15.397738,689.2 31.419323,-15.397783,689.1</coordinates>
  </LineString>
</Placemark>
<Placemark>
  <name>Stream 135 (max acc: 2988, elev: 690m)</name>
  <styleUrl>#stream_medium</styleUrl>
  <LineString><tessellate>1</tessellate>
    <coordinates>31.413950,-15.396837,690.7 31.413997,-15.396882,690.5 31.414044,-15.396927,690.3</coordinates>
  </LineString>
</Placemark>
<Placemark>
  <name>Stream 136 (max acc: 662, elev: 691m)</name>
  <styleUrl>#stream_medium</styleUrl>
  <LineString><tessellate>1</tessellate>
    <coordinates>31.419931,-15.396837,693.2 31.419931,-15.396882,692.9 31.419931,-15.396927,692.7 31.419931,-15.396972,692.4 31.419884,-15.397017,692.0 31.419837,-15.397063,691.5 31.419791,-15.397108,691.1 31.419744,-15.397153,690.7 31.419697,-15.397198,690.4 31.419650,-15.397243,690.2 31.419604,-15.397288,690.0 31.419557,-15.397333,689.8 31.419510,-15.397378,689.7 31.419510,-15.397423,689.6</coordinates>
  </LineString>
</Placemark>
<Placemark>
  <name>Stream 137 (max acc: 1163, elev: 690m)</name>
  <styleUrl>#stream_medium</styleUrl>
  <LineString><tessellate>1</tessellate>
    <coordinates>31.414745,-15.396882,690.8 31.414745,-15.396927,690.7 31.414698,-15.396972,690.5 31.414698,-15.397017,690.4 31.414698,-15.397063,690.3 31.414698,-15.397108,690.1 31.414698,-15.397153,690.0 31.414651,-15.397153,690.0 31.414604,-15.397153,690.0 31.414558,-15.397153,690.0 31.414511,-15.397153,690.0 31.414464,-15.397153,690.0 31.414418,-15.397153,690.0 31.414371,-15.397153,690.0 31.414324,-15.397153,690.0</coordinates>
  </LineString>
</Placemark>
<Placemark>
  <name>Stream 138 (max acc: 155, elev: 692m)</name>
  <styleUrl>#stream_minor</styleUrl>
  <LineString><tessellate>1</tessellate>
    <coordinates>31.419837,-15.396882,692.7 31.419837,-15.396927,692.4 31.419837,-15.396972,692.1 31.419837,-15.397017,691.8 31.419837,-15.397063,691.5</coordinates>
  </LineString>
</Placemark>
<Placemark>
  <name>Stream 139 (max acc: 540, elev: 691m)</name>
  <styleUrl>#stream_medium</styleUrl>
  <LineString><tessellate>1</tessellate>
    <coordinates>31.419791,-15.396927,692.3 31.419791,-15.396972,692.0 31.419791,-15.397017,691.7 31.419791,-15.397063,691.4 31.419744,-15.397108,691.0 31.419697,-15.397153,690.5 31.419650,-15.397198,690.3 31.419604,-15.397243,690.1 31.419557,-15.397288,689.9 31.419510,-15.397333,689.7 31.419510,-15.397378,689.7</coordinates>
  </LineString>
</Placemark>
<Placemark>
  <name>Stream 140 (max acc: 970, elev: 691m)</name>
  <styleUrl>#stream_medium</styleUrl>
  <LineString><tessellate>1</tessellate>
    <coordinates>31.417501,-15.396972,691.3 31.417501,-15.397017,691.2 31.417501,-15.397063,691.2 31.417501,-15.397108,691.1 31.417501,-15.397153,691.0</coordinates>
  </LineString>
</Placemark>
<Placemark>
  <name>Stream 141 (max acc: 378, elev: 691m)</name>
  <styleUrl>#stream_minor</styleUrl>
  <LineString><tessellate>1</tessellate>
    <coordinates>31.419697,-15.396972,691.8 31.419697,-15.397017,691.5 31.419697,-15.397063,691.1 31.419650,-15.397108,690.7 31.419604,-15.397153,690.3 31.419557,-15.397198,690.0 31.419510,-15.397243,689.9 31.419510,-15.397288,689.8 31.419510,-15.397333,689.7</coordinates>
  </LineString>
</Placemark>
<Placemark>
  <name>Stream 142 (max acc: 1461, elev: 690m)</name>
  <styleUrl>#stream_medium</styleUrl>
  <LineString><tessellate>1</tessellate>
    <coordinates>31.414137,-15.397017,690.2 31.414137,-15.397063,690.2 31.414137,-15.397108,690.1 31.414137,-15.397153,690.0</coordinates>
  </LineString>
</Placemark>
<Placemark>
  <name>Stream 143 (max acc: 265, elev: 690m)</name>
  <styleUrl>#stream_minor</styleUrl>
  <LineString><tessellate>1</tessellate>
    <coordinates>31.419604,-15.397017,691.2 31.419604,-15.397063,690.9 31.419604,-15.397108,690.6 31.419557,-15.397153,690.1 31.419510,-15.397198,689.9 31.419510,-15.397243,689.9</coordinates>
  </LineString>
</Placemark>
<Placemark>
  <name>Stream 144 (max acc: 1377, elev: 690m)</name>
  <styleUrl>#stream_medium</styleUrl>
  <LineString><tessellate>1</tessellate>
    <coordinates>31.414184,-15.397063,690.2 31.414184,-15.397108,690.1 31.414184,-15.397153,690.0</coordinates>
  </LineString>
</Placemark>
<Placemark>
  <name>Stream 145 (max acc: 159, elev: 690m)</name>
  <styleUrl>#stream_minor</styleUrl>
  <LineString><tessellate>1</tessellate>
    <coordinates>31.419510,-15.397063,690.7 31.419510,-15.397108,690.4 31.419510,-15.397153,690.0 31.419510,-15.397198,689.9</coordinates>
  </LineString>
</Placemark>
<Placemark>
  <name>Stream 146 (max acc: 5615, elev: 691m)</name>
  <styleUrl>#stream_major</styleUrl>
  <LineString><tessellate>1</tessellate>
    <coordinates>31.413577,-15.397153,692.0 31.413623,-15.397153,691.8 31.413670,-15.397153,691.6 31.413717,-15.397153,691.4 31.413763,-15.397153,691.2 31.413810,-15.397153,691.0 31.413857,-15.397153,690.8 31.413904,-15.397153,690.6 31.413950,-15.397153,690.4 31.413997,-15.397153,690.2 31.414044,-15.397153,690.0</coordinates>
  </LineString>
</Placemark>
<Placemark>
  <name>Stream 147 (max acc: 970, elev: 691m)</name>
  <styleUrl>#stream_medium</styleUrl>
  <LineString><tessellate>1</tessellate>
    <coordinates>31.417314,-15.397153,691.4 31.417361,-15.397153,691.3 31.417408,-15.397153,691.2 31.417454,-15.397153,691.0 31.417501,-15.397153,691.0</coordinates>
  </LineString>
</Placemark>
<Placemark>
  <name>Stream 148 (max acc: 318, elev: 690m)</name>
  <styleUrl>#stream_minor</styleUrl>
  <LineString><tessellate>1</tessellate>
    <coordinates>31.419604,-15.397198,690.2 31.419557,-15.397243,690.0 31.419510,-15.397288,689.8</coordinates>
  </LineString>
</Placemark>
<Placemark>
  <name>Stream 149 (max acc: 2826, elev: 689m)</name>
  <styleUrl>#stream_medium</styleUrl>
  <LineString><tessellate>1</tessellate>
    <coordinates>31.419557,-15.397648,689.3 31.419557,-15.397693,689.2 31.419557,-15.397738,689.2 31.419557,-15.397783,689.1 31.419557,-15.397828,689.0 31.419510,-15.397828,689.0</coordinates>
  </LineString>
</Placemark>
<Placemark>
  <name>Stream 150 (max acc: 494, elev: 689m)</name>
  <styleUrl>#stream_minor</styleUrl>
  <LineString><tessellate>1</tessellate>
    <coordinates>31.420211,-15.397648,689.9 31.420211,-15.397693,689.7 31.420211,-15.397738,689.5 31.420211,-15.397783,689.3 31.420211,-15.397828,689.1 31.420164,-15.397828,689.1 31.420118,-15.397828,689.1 31.420071,-15.397828,689.1 31.420024,-15.397828,689.1 31.419977,-15.397828,689.1 31.419931,-15.397828,689.0 31.419884,-15.397828,689.0 31.419837,-15.397828,689.0 31.419791,-15.397828,689.0 31.419744,-15.397828,689.0 31.419697,-15.397828,689.0 31.419650,-15.397828,689.0 31.419604,-15.397828,689.0 31.419557,-15.397828,689.0</coordinates>
  </LineString>
</Placemark>
<Placemark>
  <name>Stream 151 (max acc: 2573, elev: 690m)</name>
  <styleUrl>#stream_medium</styleUrl>
  <LineString><tessellate>1</tessellate>
    <coordinates>31.418015,-15.397828,692.0 31.418062,-15.397828,691.6 31.418109,-15.397828,691.3 31.418155,-15.397828,691.0 31.418202,-15.397828,690.9 31.418249,-15.397828,690.7 31.418295,-15.397828,690.6 31.418342,-15.397828,690.5 31.418389,-15.397828,690.3 31.418436,-15.397828,690.2 31.418482,-15.397828,690.0 31.418529,-15.397828,689.9 31.418576,-15.397828,689.8 31.418623,-15.397828,689.6 31.418669,-15.397828,689.5 31.418716,-15.397828,689.4 31.418763,-15.397828,689.2 31.418809,-15.397828,689.1 31.418856,-15.397828,689.0</coordinates>
  </LineString>
</Placemark>
<Placemark>
  <name>Stream 152 (max acc: 1238, elev: 698m)</name>
  <styleUrl>#stream_medium</styleUrl>
  <LineString><tessellate>1</tessellate>
    <coordinates>31.414044,-15.398684,698.8 31.414044,-15.398729,698.7 31.414044,-15.398774,698.6 31.414044,-15.398819,698.6 31.414044,-15.398864,698.5 31.414044,-15.398909,698.4 31.414044,-15.398954,698.4 31.414044,-15.398999,698.3 31.414091,-15.399045,698.2 31.414137,-15.399090,698.1 31.414184,-15.399135,697.9 31.414231,-15.399180,697.8 31.414277,-15.399225,697.7 31.414324,-15.399225,697.6 31.414371,-15.399225,697.5 31.414418,-15.399225,697.5 31.414464,-15.399225,697.4 31.414511,-15.399225,697.3 31.414558,-15.399225,697.3 31.414604,-15.399225,697.2 31.414651,-15.399225,697.1 31.414698,-15.399225,697.1 31.414651,-15.399180,697.2 31.414698,-15.399225,697.1</coordinates>
  </LineString>
</Placemark>
<Placemark>
  <name>Stream 153 (max acc: 1223, elev: 697m)</name>
  <styleUrl>#stream_medium</styleUrl>
  <LineString><tessellate>1</tessellate>
    <coordinates>31.414745,-15.398999,698.0 31.414745,-15.399045,697.8 31.414745,-15.399090,697.6 31.414745,-15.399135,697.4 31.414745,-15.399180,697.2 31.414745,-15.399225,697.1 31.414698,-15.399225,697.1</coordinates>
  </LineString>
</Placemark>
<Placemark>
  <name>Stream 154 (max acc: 480, elev: 698m)</name>
  <styleUrl>#stream_minor</styleUrl>
  <LineString><tessellate>1</tessellate>
    <coordinates>31.415399,-15.398999,699.3 31.415399,-15.399045,699.0 31.415399,-15.399090,698.7 31.415399,-15.399135,698.5 31.415399,-15.399180,698.2 31.415399,-15.399225,698.0 31.415352,-15.399270,697.9 31.415305,-15.399315,697.8 31.415259,-15.399360,697.7 31.415212,-15.399360,697.7 31.415165,-15.399360,697.7 31.415118,-15.399315,697.6 31.415072,-15.399270,697.6 31.415025,-15.399225,697.5 31.414978,-15.399225,697.4 31.414932,-15.399225,697.3 31.414885,-15.399225,697.3 31.414838,-15.399225,697.2 31.414791,-15.399225,697.1 31.414745,-15.399225,697.1</coordinates>
  </LineString>
</Placemark>
<Placemark>
  <name>Stream 155 (max acc: 408, elev: 698m)</name>
  <styleUrl>#stream_minor</styleUrl>
  <LineString><tessellate>1</tessellate>
    <coordinates>31.414044,-15.399225,698.0 31.414091,-15.399225,698.0 31.414137,-15.399225,697.9 31.414184,-15.399225,697.8 31.414231,-15.399225,697.7 31.414277,-15.399225,697.7</coordinates>
  </LineString>
</Placemark>
<Placemark>
  <name>Stream 156 (max acc: 546, elev: 696m)</name>
  <styleUrl>#stream_medium</styleUrl>
  <LineString><tessellate>1</tessellate>
    <coordinates>31.415399,-15.399405,697.7 31.415399,-15.399450,697.7 31.415399,-15.399495,697.6 31.415399,-15.399540,697.5 31.415399,-15.399585,697.5 31.415445,-15.399630,697.4 31.415492,-15.399675,697.2 31.415539,-15.399720,697.1 31.415586,-15.399765,696.9 31.415632,-15.399810,696.7 31.415679,-15.399855,696.4 31.415726,-15.399900,696.1 31.415773,-15.399945,695.9 31.415819,-15.399990,695.6 31.415866,-15.399990,695.5 31.415913,-15.399990,695.3 31.415959,-15.399990,695.2 31.416006,-15.399990,695.0 31.416053,-15.399990,694.9 31.416100,-15.399990,694.7 31.416146,-15.399990,694.7</coordinates>
  </LineString>
</Placemark>
<Placemark>
  <name>Stream 157 (max acc: 1078, elev: 697m)</name>
  <styleUrl>#stream_medium</styleUrl>
  <LineString><tessellate>1</tessellate>
    <coordinates>31.417828,-15.399720,698.7 31.417782,-15.399765,698.4 31.417735,-15.399765,698.3 31.417688,-15.399765,698.3 31.417641,-15.399810,697.9 31.417595,-15.399810,697.8 31.417548,-15.399855,697.4 31.417501,-15.399855,697.4 31.417454,-15.399855,697.3 31.417408,-15.399855,697.2 31.417361,-15.399855,697.1 31.417314,-15.399900,696.6 31.417268,-15.399900,696.4 31.417221,-15.399900,696.3 31.417174,-15.399900,696.2 31.417127,-15.399900,696.0 31.417081,-15.399945,695.6 31.417034,-15.399945,695.5 31.416987,-15.399945,695.3 31.416941,-15.399945,695.2 31.416894,-15.399990,694.7 31.416847,-15.399990,694.7 31.416800,-15.399990,694.6 31.416754,-15.399990,694.5</coordinates>
  </LineString>
</Placemark>
<Placemark>
  <name>Stream 158 (max acc: 271, elev: 696m)</name>
  <styleUrl>#stream_minor</styleUrl>
  <LineString><tessellate>1</tessellate>
    <coordinates>31.415492,-15.399900,696.8 31.415539,-15.399900,696.6 31.415586,-15.399900,696.5 31.415632,-15.399900,696.3 31.415679,-15.399945,696.2 31.415726,-15.399990,695.9 31.415773,-15.399990,695.8 31.415819,-15.399990,695.6</coordinates>
  </LineString>
</Placemark>
<Placemark>
  <name>Stream 159 (max acc: 508, elev: 695m)</name>
  <styleUrl>#stream_medium</styleUrl>
  <LineString><tessellate>1</tessellate>
    <coordinates>31.416053,-15.399900,695.1 31.416100,-15.399945,694.9 31.416100,-15.399990,694.7</coordinates>
  </LineString>
</Placemark>
<Placemark>
  <name>Stream 160 (max acc: 1078, elev: 695m)</name>
  <styleUrl>#stream_medium</styleUrl>
  <LineString><tessellate>1</tessellate>
    <coordinates>31.416333,-15.399990,694.7 31.416380,-15.399990,694.6 31.416427,-15.399990,694.6 31.416473,-15.399990,694.6 31.416520,-15.399990,694.6 31.416567,-15.399990,694.6 31.416613,-15.399990,694.6 31.416660,-15.399990,694.5 31.416707,-15.399990,694.5 31.416754,-15.399990,694.5</coordinates>
  </LineString>
</Placemark>
</Folder>
<Folder><name>Contour Lines (10m)</name>
<Placemark>
  <name>Contour 699m</name>
  <styleUrl>#contour</styleUrl>
  <LineString><tessellate>1</tessellate>
    <coordinates>31.420865,-15.394788,699.0 31.420818,-15.394788,699.0 31.420772,-15.394788,699.0 31.420725,-15.394810,699.0 31.420725,-15.394810,699.0 31.420678,-15.394834,699.0 31.420635,-15.394855,699.0 31.420632,-15.394857,699.0 31.420585,-15.394882,699.0 31.420550,-15.394900,699.0 31.420538,-15.394907,699.0 31.420491,-15.394933,699.0 31.420470,-15.394945,699.0 31.420445,-15.394960,699.0 31.420398,-15.394988,699.0 31.420394,-15.394990,699.0 31.420351,-15.395016,699.0 31.420319,-15.395036,699.0 31.420305,-15.395045,699.0 31.420258,-15.395076,699.0 31.420250,-15.395081,699.0 31.420211,-15.395107,699.0 31.420164,-15.395110,699.0 31.420118,-15.395113,699.0 31.420071,-15.395115,699.0 31.420024,-15.395118,699.0 31.419977,-15.395120,699.0 31.419931,-15.395123,699.0 31.419884,-15.395125,699.0 31.419875,-15.395126,699.0 31.419837,-15.395127,699.0 31.419791,-15.395130,699.0 31.419744,-15.395132,699.0 31.419697,-15.395134,699.0 31.419650,-15.395136,699.0 31.419604,-15.395138,699.0 31.419557,-15.395140,699.0 31.419510,-15.395144,699.0 31.419464,-15.395153,699.0 31.419417,-15.395163,699.0 31.419378,-15.395171,699.0 31.419370,-15.395172,699.0 31.419323,-15.395182,699.0 31.419277,-15.395191,699.0 31.419230,-15.395200,699.0 31.419183,-15.395210,699.0 31.419154,-15.395216,699.0 31.419136,-15.395219,699.0 31.419090,-15.395228,699.0 31.419043,-15.395238,699.0 31.418996,-15.395247,699.0 31.418950,-15.395256,699.0 31.418928,-15.395261,699.0 31.418903,-15.395266,699.0 31.418856,-15.395275,699.0 31.418809,-15.395284,699.0 31.418763,-15.395293,699.0 31.418716,-15.395302,699.0 31.418698,-15.395306,699.0 31.418669,-15.395311,699.0 31.418623,-15.395319,699.0 31.418576,-15.395327,699.0 31.418529,-15.395336,699.0 31.418482,-15.395343,699.0 31.418436,-15.395351,699.0 31.418436,-15.395351,699.0 31.418389,-15.395358,699.0 31.418342,-15.395366,699.0 31.418295,-15.395373,699.0 31.418249,-15.395379,699.0 31.418202,-15.395386,699.0 31.418155,-15.395393,699.0 31.418145,-15.395396,699.0 31.418109,-15.395406,699.0 31.418062,-15.395420,699.0 31.418015,-15.395434,699.0 31.417990,-15.395441,699.0 31.417968,-15.395447,699.0 31.417922,-15.395460,699.0 31.417875,-15.395473,699.0 31.417828,-15.395485,699.0 31.417825,-15.395486,699.0 31.417782,-15.395497,699.0 31.417735,-15.395509,699.0 31.417688,-15.395521,699.0 31.417646,-15.395531,699.0 31.417641,-15.395532,699.0 31.417595,-15.395543,699.0 31.417548,-15.395554,699.0 31.417501,-15.395565,699.0 31.417454,-15.395576,699.0 31.417452,-15.395576,699.0 31.417408,-15.395585,699.0 31.417361,-15.395595,699.0 31.417314,-15.395605,699.0 31.417268,-15.395615,699.0 31.417242,-15.395621,699.0 31.417221,-15.395626,699.0 31.417174,-15.395637,699.0 31.417127,-15.395648,699.0 31.417081,-15.395659,699.0 31.417050,-15.395666,699.0 31.417034,-15.395670,699.0 31.416987,-15.395682,699.0 31.416941,-15.395693,699.0 31.416894,-15.395706,699.0 31.416873,-15.395711,699.0 31.416847,-15.395718,699.0 31.416800,-15.395731,699.0 31.416754,-15.395754,699.0 31.416750,-15.395756,699.0 31.416707,-15.395787,699.0 31.416688,-15.395801,699.0 31.416660,-15.395823,699.0 31.416632,-15.395846,699.0 31.416613,-15.395863,699.0 31.416580,-15.395891,699.0 31.416567,-15.395904,699.0 31.416533,-15.395936,699.0 31.416520,-15.395949,699.0 31.416490,-15.395981,699.0 31.416473,-15.395999,699.0 31.416449,-15.396026,699.0 31.416427,-15.396052,699.0 31.416410,-15.396072,699.0 31.416380,-15.396111,699.0 31.416375,-15.396117,699.0 31.416343,-15.396162,699.0 31.416333,-15.396176,699.0 31.416313,-15.396207,699.0 31.416286,-15.396248,699.0 31.416284,-15.396252,699.0 31.416257,-15.396297,699.0 31.416240,-15.396327,699.0 31.416232,-15.396342,699.0 31.416208,-15.396387,699.0 31.416193,-15.396417,699.0 31.416186,-15.396432,699.0 31.416165,-15.396477,699.0 31.416146,-15.396519,699.0 31.416145,-15.396522,699.0 31.416125,-15.396567,699.0 31.416107,-15.396612,699.0 31.416100,-15.396630,699.0 31.416053,-15.396638,699.0 31.416006,-15.396623,699.0 31.415972,-15.396612,699.0 31.415959,-15.396608,699.0 31.415913,-15.396593,699.0 31.415866,-15.396577,699.0 31.415836,-15.396567,699.0 31.415819,-15.396561,699.0 31.415773,-15.396546,699.0 31.415726,-15.396530,699.0 31.415701,-15.396522,699.0 31.415679,-15.396515,699.0 31.415632,-15.396499,699.0 31.415586,-15.396484,699.0 31.415566,-15.396477,699.0 31.415539,-15.396468,699.0 31.415492,-15.396452,699.0 31.415445,-15.396436,699.0 31.415436,-15.396432,699.0 31.415399,-15.396413,699.0 31.415381,-15.396387,699.0 31.415352,-15.396342,699.0 31.415352,-15.396342,699.0 31.415321,-15.396297,699.0 31.415305,-15.396274,699.0 31.415289,-15.396252,699.0 31.415259,-15.396211,699.0 31.415256,-15.396207,699.0 31.415222,-15.396162,699.0 31.415212,-15.396148,699.0 31.415188,-15.396117,699.0 31.415165,-15.396088,699.0 31.415152,-15.396072,699.0 31.415118,-15.396032,699.0 31.415114,-15.396026,699.0 31.415075,-15.395981,699.0 31.415072,-15.395977,699.0 31.415039,-15.395936,699.0 31.415025,-15.395918,699.0 31.415003,-15.395891,699.0 31.414978,-15.395862,699.0 31.414964,-15.395846,699.0 31.414932,-15.395812,699.0 31.414921,-15.395801,699.0 31.414885,-15.395764,699.0 31.414876,-15.395756,699.0 31.414838,-15.395720,699.0 31.414828,-15.395711,699.0 31.414791,-15.395680,699.0 31.414775,-15.395666,699.0 31.414745,-15.395643,699.0 31.414698,-15.395622,699.0 31.414651,-15.395622,699.0 31.414604,-15.395622,699.0 31.414558,-15.395622,699.0 31.414511,-15.395622,699.0 31.414464,-15.395622,699.0 31.414418,-15.395622,699.0 31.414371,-15.395622,699.0 31.414324,-15.395622,699.0 31.414277,-15.395622,699.0 31.414231,-15.395622,699.0 31.414184,-15.395622,699.0 31.414137,-15.395622,699.0 31.414091,-15.395622,699.0 31.414044,-15.395622,699.0 31.413997,-15.395634,699.0 31.413950,-15.395650,699.0 31.413904,-15.395665,699.0 31.413900,-15.395666,699.0 31.413857,-15.395681,699.0 31.413810,-15.395696,699.0 31.413766,-15.395711,699.0 31.413763,-15.395712,699.0 31.413717,-15.395727,699.0 31.413670,-15.395743,699.0 31.413631,-15.395756,699.0 31.413623,-15.395759,699.0 31.413577,-15.395774,699.0 31.413530,-15.395790,699.0 31.413496,-15.395801,699.0 31.413483,-15.395806,699.0 31.413436,-15.395821,699.0 31.413390,-15.395837,699.0 31.413361,-15.395846,699.0 31.413343,-15.395853,699.0 31.413296,-15.395875,699.0 31.413262,-15.395891,699.0 31.413250,-15.395898,699.0 31.413203,-15.395921,699.0 31.413173,-15.395936,699.0 31.413156,-15.395945,699.0 31.413109,-15.395967,699.0 31.413080,-15.395981,699.0 31.413063,-15.395989,699.0 31.413016,-15.396009,699.0 31.412976,-15.396026,699.0 31.412969,-15.396029,699.0 31.412922,-15.396049,699.0 31.412876,-15.396068,699.0 31.412868,-15.396072,699.0 31.412829,-15.396088,699.0 31.412782,-15.396108,699.0 31.412763,-15.396117,699.0 31.412736,-15.396128,699.0 31.412689,-15.396148,699.0 31.412654,-15.396162,699.0 31.412642,-15.396166,699.0 31.412595,-15.396180,699.0 31.412549,-15.396193,699.0 31.412502,-15.396206,699.0 31.412500,-15.396207,699.0 31.412455,-15.396220,699.0 31.412409,-15.396233,699.0 31.412362,-15.396246,699.0 31.412343,-15.396252,699.0 31.412315,-15.396260,699.0 31.412268,-15.396273,699.0 31.412222,-15.396286,699.0 31.412185,-15.396297,699.0 31.412175,-15.396300,699.0 31.412128,-15.396313,699.0 31.412081,-15.396327,699.0 31.412035,-15.396340,699.0 31.412028,-15.396342,699.0 31.411988,-15.396353,699.0 31.411941,-15.396358,699.0 31.411895,-15.396359,699.0 31.411848,-15.396360,699.0 31.411801,-15.396362,699.0 31.411754,-15.396363,699.0 31.411708,-15.396364,699.0 31.411661,-15.396365,699.0 31.411614,-15.396366,699.0 31.411568,-15.396366,699.0 31.411521,-15.396366,699.0</coordinates>
  </LineString>
</Placemark>
<Placemark>
  <name>Contour 699m</name>
  <styleUrl>#contour</styleUrl>
  <LineString><tessellate>1</tessellate>
    <coordinates>31.411521,-15.393787,699.0 31.411554,-15.393819,699.0 31.411568,-15.393832,699.0 31.411614,-15.393832,699.0 31.411648,-15.393864,699.0 31.411661,-15.393877,699.0 31.411708,-15.393877,699.0 31.411741,-15.393909,699.0 31.411754,-15.393922,699.0 31.411801,-15.393922,699.0 31.411848,-15.393932,699.0 31.411895,-15.393922,699.0 31.411941,-15.393912,699.0 31.411950,-15.393909,699.0 31.411988,-15.393898,699.0 31.412035,-15.393874,699.0 31.412054,-15.393864,699.0 31.412081,-15.393850,699.0 31.412128,-15.393825,699.0 31.412138,-15.393819,699.0 31.412175,-15.393799,699.0 31.412219,-15.393774,699.0 31.412222,-15.393773,699.0 31.412268,-15.393746,699.0 31.412298,-15.393729,699.0 31.412315,-15.393719,699.0 31.412362,-15.393690,699.0 31.412372,-15.393684,699.0 31.412409,-15.393661,699.0 31.412444,-15.393639,699.0 31.412455,-15.393632,699.0 31.412502,-15.393602,699.0 31.412513,-15.393594,699.0 31.412549,-15.393570,699.0 31.412580,-15.393549,699.0 31.412595,-15.393539,699.0 31.412642,-15.393506,699.0 31.412644,-15.393504,699.0 31.412689,-15.393472,699.0 31.412706,-15.393459,699.0 31.412736,-15.393437,699.0 31.412766,-15.393414,699.0 31.412782,-15.393401,699.0 31.412824,-15.393369,699.0 31.412829,-15.393364,699.0 31.412876,-15.393326,699.0 31.412879,-15.393324,699.0 31.412922,-15.393288,699.0 31.412933,-15.393279,699.0 31.412969,-15.393248,699.0 31.412985,-15.393234,699.0 31.413016,-15.393211,699.0 31.413046,-15.393189,699.0 31.413063,-15.393177,699.0 31.413109,-15.393144,699.0 31.413109,-15.393143,699.0 31.413156,-15.393108,699.0 31.413168,-15.393099,699.0 31.413203,-15.393070,699.0 31.413223,-15.393054,699.0 31.413250,-15.393031,699.0 31.413276,-15.393008,699.0 31.413296,-15.392991,699.0 31.413326,-15.392963,699.0 31.413343,-15.392947,699.0 31.413390,-15.392923,699.0 31.413399,-15.392918,699.0 31.413436,-15.392900,699.0 31.413483,-15.392876,699.0 31.413488,-15.392873,699.0 31.413530,-15.392851,699.0 31.413571,-15.392828,699.0 31.413577,-15.392825,699.0 31.413623,-15.392800,699.0 31.413652,-15.392783,699.0 31.413670,-15.392772,699.0 31.413717,-15.392744,699.0 31.413727,-15.392738,699.0 31.413763,-15.392716,699.0 31.413800,-15.392693,699.0 31.413810,-15.392687,699.0 31.413857,-15.392656,699.0 31.413868,-15.392648,699.0 31.413904,-15.392624,699.0 31.413935,-15.392603,699.0 31.413950,-15.392592,699.0 31.413997,-15.392558,699.0 31.413998,-15.392558,699.0 31.414040,-15.392513,699.0 31.414019,-15.392468,699.0 31.414000,-15.392423,699.0 31.413997,-15.392415,699.0 31.413987,-15.392378,699.0 31.413977,-15.392333,699.0 31.413966,-15.392288,699.0 31.413957,-15.392243,699.0 31.413950,-15.392209,699.0 31.413948,-15.392198,699.0 31.413940,-15.392153,699.0 31.413932,-15.392108,699.0 31.413924,-15.392063,699.0 31.413917,-15.392017,699.0 31.413911,-15.391972,699.0 31.413905,-15.391927,699.0 31.413904,-15.391921,699.0 31.413899,-15.391882,699.0 31.413899,-15.391837,699.0 31.413904,-15.391829,699.0 31.413925,-15.391792,699.0 31.413950,-15.391750,699.0 31.413952,-15.391747,699.0 31.413979,-15.391702,699.0 31.413997,-15.391672,699.0 31.414009,-15.391657,699.0 31.414043,-15.391612,699.0 31.414044,-15.391612,699.0 31.414091,-15.391590,699.0 31.414137,-15.391568,699.0 31.414139,-15.391567,699.0 31.414184,-15.391544,699.0 31.414225,-15.391522,699.0 31.414231,-15.391519,699.0 31.414277,-15.391493,699.0 31.414305,-15.391477,699.0 31.414324,-15.391466,699.0 31.414371,-15.391436,699.0 31.414378,-15.391432,699.0 31.414418,-15.391406,699.0 31.414445,-15.391387,699.0 31.414459,-15.391342,699.0 31.414459,-15.391297,699.0 31.414418,-15.391257,699.0 31.414415,-15.391252,699.0 31.414415,-15.391207,699.0 31.414371,-15.391164,699.0 31.414369,-15.391162,699.0 31.414369,-15.391117,699.0 31.414369,-15.391072,699.0 31.414324,-15.391029,699.0 31.414322,-15.391026,699.0</coordinates>
  </LineString>
</Placemark>
<Placemark>
  <name>Contour 699m</name>
  <styleUrl>#contour</styleUrl>
  <LineString><tessellate>1</tessellate>
    <coordinates>31.418087,-15.391026,699.0 31.418062,-15.391051,699.0 31.418040,-15.391072,699.0 31.418040,-15.391117,699.0 31.418040,-15.391162,699.0 31.418015,-15.391186,699.0 31.417994,-15.391207,699.0 31.417994,-15.391252,699.0 31.417968,-15.391279,699.0 31.417950,-15.391297,699.0 31.417950,-15.391342,699.0 31.417922,-15.391373,699.0 31.417875,-15.391378,699.0 31.417828,-15.391385,699.0 31.417815,-15.391387,699.0 31.417782,-15.391392,699.0 31.417735,-15.391398,699.0 31.417688,-15.391405,699.0 31.417641,-15.391411,699.0 31.417595,-15.391417,699.0 31.417548,-15.391423,699.0 31.417501,-15.391429,699.0 31.417486,-15.391432,699.0 31.417454,-15.391437,699.0 31.417408,-15.391452,699.0 31.417361,-15.391466,699.0 31.417325,-15.391477,699.0 31.417314,-15.391480,699.0 31.417268,-15.391493,699.0 31.417221,-15.391507,699.0 31.417174,-15.391520,699.0 31.417165,-15.391522,699.0 31.417127,-15.391532,699.0 31.417081,-15.391544,699.0 31.417034,-15.391556,699.0 31.416991,-15.391567,699.0 31.416987,-15.391568,699.0 31.416941,-15.391579,699.0 31.416894,-15.391590,699.0 31.416847,-15.391601,699.0 31.416801,-15.391612,699.0 31.416800,-15.391612,699.0 31.416754,-15.391620,699.0 31.416707,-15.391625,699.0 31.416660,-15.391630,699.0 31.416613,-15.391636,699.0 31.416567,-15.391642,699.0 31.416520,-15.391648,699.0 31.416473,-15.391654,699.0 31.416446,-15.391657,699.0 31.416427,-15.391660,699.0 31.416380,-15.391666,699.0 31.416333,-15.391672,699.0 31.416286,-15.391679,699.0 31.416240,-15.391686,699.0 31.416193,-15.391693,699.0 31.416146,-15.391700,699.0 31.416132,-15.391702,699.0 31.416100,-15.391707,699.0 31.416053,-15.391718,699.0 31.416006,-15.391731,699.0 31.415959,-15.391746,699.0 31.415957,-15.391747,699.0 31.415913,-15.391763,699.0 31.415866,-15.391782,699.0 31.415844,-15.391792,699.0 31.415819,-15.391805,699.0 31.415773,-15.391830,699.0 31.415762,-15.391837,699.0 31.415726,-15.391856,699.0 31.415679,-15.391881,699.0 31.415676,-15.391882,699.0 31.415632,-15.391904,699.0 31.415586,-15.391927,699.0 31.415586,-15.391927,699.0 31.415539,-15.391951,699.0 31.415496,-15.391972,699.0 31.415492,-15.391974,699.0 31.415445,-15.391998,699.0 31.415404,-15.392017,699.0 31.415399,-15.392020,699.0 31.415352,-15.392034,699.0 31.415305,-15.392050,699.0 31.415266,-15.392063,699.0 31.415259,-15.392065,699.0 31.415212,-15.392082,699.0 31.415165,-15.392099,699.0 31.415143,-15.392108,699.0 31.415118,-15.392117,699.0 31.415072,-15.392136,699.0 31.415030,-15.392153,699.0 31.415025,-15.392155,699.0 31.414978,-15.392175,699.0 31.414932,-15.392196,699.0 31.414927,-15.392198,699.0 31.414885,-15.392218,699.0 31.414838,-15.392240,699.0 31.414834,-15.392243,699.0 31.414791,-15.392264,699.0 31.414747,-15.392288,699.0 31.414745,-15.392289,699.0 31.414698,-15.392306,699.0 31.414651,-15.392311,699.0 31.414604,-15.392318,699.0 31.414558,-15.392324,699.0 31.414511,-15.392332,699.0 31.414507,-15.392333,699.0 31.414464,-15.392341,699.0 31.414418,-15.392350,699.0 31.414371,-15.392362,699.0 31.414324,-15.392374,699.0 31.414313,-15.392378,699.0 31.414277,-15.392389,699.0 31.414231,-15.392406,699.0 31.414192,-15.392423,699.0 31.414184,-15.392427,699.0 31.414137,-15.392452,699.0 31.414111,-15.392468,699.0 31.414091,-15.392482,699.0 31.414052,-15.392513,699.0 31.414091,-15.392534,699.0 31.414131,-15.392558,699.0 31.414137,-15.392560,699.0 31.414184,-15.392573,699.0 31.414231,-15.392586,699.0 31.414277,-15.392600,699.0 31.414289,-15.392603,699.0 31.414324,-15.392614,699.0 31.414371,-15.392629,699.0 31.414418,-15.392645,699.0 31.414428,-15.392648,699.0 31.414464,-15.392661,699.0 31.414511,-15.392678,699.0 31.414553,-15.392693,699.0 31.414558,-15.392695,699.0 31.414604,-15.392713,699.0 31.414651,-15.392732,699.0 31.414665,-15.392738,699.0 31.414698,-15.392752,699.0 31.414745,-15.392779,699.0 31.414751,-15.392783,699.0 31.414791,-15.392810,699.0 31.414819,-15.392828,699.0 31.414838,-15.392841,699.0 31.414885,-15.392872,699.0 31.414886,-15.392873,699.0 31.414932,-15.392904,699.0 31.414954,-15.392918,699.0 31.414978,-15.392935,699.0 31.415021,-15.392963,699.0 31.415025,-15.392966,699.0 31.415072,-15.392997,699.0 31.415089,-15.393008,699.0 31.415118,-15.393028,699.0 31.415158,-15.393054,699.0 31.415165,-15.393058,699.0 31.415212,-15.393090,699.0 31.415225,-15.393099,699.0 31.415259,-15.393121,699.0 31.415293,-15.393144,699.0 31.415305,-15.393152,699.0 31.415352,-15.393183,699.0 31.415360,-15.393189,699.0 31.415399,-15.393207,699.0 31.415445,-15.393219,699.0 31.415492,-15.393229,699.0 31.415513,-15.393234,699.0 31.415539,-15.393237,699.0 31.415586,-15.393244,699.0 31.415632,-15.393250,699.0 31.415679,-15.393256,699.0 31.415726,-15.393262,699.0 31.415773,-15.393268,699.0 31.415819,-15.393273,699.0 31.415865,-15.393279,699.0 31.415866,-15.393279,699.0 31.415913,-15.393284,699.0 31.415959,-15.393290,699.0 31.416006,-15.393295,699.0 31.416053,-15.393300,699.0 31.416100,-15.393304,699.0 31.416146,-15.393299,699.0 31.416193,-15.393295,699.0 31.416240,-15.393290,699.0 31.416286,-15.393285,699.0 31.416333,-15.393280,699.0 31.416342,-15.393279,699.0 31.416380,-15.393274,699.0 31.416427,-15.393269,699.0 31.416473,-15.393263,699.0 31.416520,-15.393257,699.0 31.416567,-15.393251,699.0 31.416613,-15.393244,699.0 31.416660,-15.393237,699.0 31.416684,-15.393234,699.0 31.416707,-15.393230,699.0 31.416754,-15.393224,699.0 31.416800,-15.393211,699.0 31.416847,-15.393190,699.0 31.416851,-15.393189,699.0 31.416894,-15.393171,699.0 31.416941,-15.393153,699.0 31.416967,-15.393144,699.0 31.416987,-15.393136,699.0 31.417034,-15.393120,699.0 31.417081,-15.393103,699.0 31.417095,-15.393099,699.0 31.417127,-15.393088,699.0 31.417174,-15.393073,699.0 31.417221,-15.393058,699.0 31.417237,-15.393054,699.0 31.417268,-15.393044,699.0 31.417314,-15.393031,699.0 31.417361,-15.393018,699.0 31.417398,-15.393008,699.0 31.417408,-15.393006,699.0 31.417454,-15.392993,699.0 31.417501,-15.392972,699.0 31.417518,-15.392963,699.0 31.417548,-15.392948,699.0 31.417595,-15.392925,699.0 31.417607,-15.392918,699.0 31.417641,-15.392902,699.0 31.417688,-15.392879,699.0 31.417700,-15.392873,699.0 31.417735,-15.392856,699.0 31.417782,-15.392834,699.0 31.417794,-15.392828,699.0 31.417828,-15.392813,699.0 31.417875,-15.392791,699.0 31.417892,-15.392783,699.0 31.417922,-15.392770,699.0 31.417968,-15.392749,699.0 31.417993,-15.392738,699.0 31.418015,-15.392729,699.0 31.418062,-15.392708,699.0 31.418096,-15.392693,699.0 31.418109,-15.392688,699.0 31.418155,-15.392669,699.0 31.418202,-15.392660,699.0 31.418249,-15.392650,699.0 31.418260,-15.392648,699.0 31.418295,-15.392641,699.0 31.418342,-15.392632,699.0 31.418389,-15.392622,699.0 31.418436,-15.392613,699.0 31.418482,-15.392604,699.0 31.418486,-15.392603,699.0 31.418529,-15.392594,699.0 31.418576,-15.392585,699.0 31.418623,-15.392575,699.0 31.418669,-15.392566,699.0 31.418710,-15.392558,699.0 31.418716,-15.392557,699.0 31.418763,-15.392545,699.0 31.418809,-15.392534,699.0 31.418856,-15.392521,699.0 31.418878,-15.392513,699.0 31.418903,-15.392502,699.0 31.418950,-15.392481,699.0 31.418981,-15.392468,699.0 31.418996,-15.392462,699.0 31.419043,-15.392443,699.0 31.419090,-15.392426,699.0 31.419098,-15.392423,699.0 31.419136,-15.392410,699.0 31.419183,-15.392395,699.0 31.419230,-15.392380,699.0 31.419237,-15.392378,699.0 31.419277,-15.392366,699.0 31.419323,-15.392353,699.0 31.419370,-15.392341,699.0 31.419400,-15.392333,699.0 31.419417,-15.392329,699.0 31.419464,-15.392320,699.0 31.419497,-15.392288,699.0 31.419510,-15.392275,699.0 31.419544,-15.392243,699.0 31.419557,-15.392230,699.0 31.419591,-15.392198,699.0 31.419604,-15.392185,699.0 31.419637,-15.392153,699.0 31.419650,-15.392140,699.0 31.419684,-15.392108,699.0 31.419697,-15.392095,699.0 31.419731,-15.392063,699.0 31.419744,-15.392050,699.0 31.419777,-15.392017,699.0 31.419791,-15.392005,699.0 31.419824,-15.391972,699.0 31.419837,-15.391960,699.0 31.419871,-15.391927,699.0 31.419884,-15.391915,699.0 31.419918,-15.391882,699.0 31.419931,-15.391870,699.0 31.419964,-15.391837,699.0 31.419977,-15.391825,699.0 31.420011,-15.391792,699.0 31.420024,-15.391780,699.0 31.420058,-15.391747,699.0 31.420071,-15.391735,699.0 31.420105,-15.391702,699.0 31.420118,-15.391690,699.0 31.420151,-15.391657,699.0 31.420164,-15.391644,699.0 31.420198,-15.391612,699.0 31.420211,-15.391599,699.0 31.420245,-15.391567,699.0 31.420258,-15.391554,699.0 31.420291,-15.391522,699.0 31.420305,-15.391509,699.0 31.420338,-15.391477,699.0 31.420351,-15.391464,699.0 31.420385,-15.391432,699.0 31.420398,-15.391419,699.0 31.420432,-15.391387,699.0 31.420445,-15.391374,699.0 31.420478,-15.391342,699.0 31.420491,-15.391329,699.0 31.420525,-15.391297,699.0 31.420538,-15.391284,699.0 31.420572,-15.391252,699.0 31.420585,-15.391239,699.0 31.420618,-15.391207,699.0 31.420632,-15.391194,699.0 31.420665,-15.391162,699.0 31.420678,-15.391149,699.0 31.420712,-15.391117,699.0 31.420725,-15.391104,699.0 31.420759,-15.391072,699.0 31.420772,-15.391059,699.0 31.420805,-15.391026,699.0</coordinates>
  </LineString>
</Placemark>
<Placemark>
  <name>Contour 709m</name>
  <styleUrl>#contour</styleUrl>
  <LineString><tessellate>1</tessellate>
    <coordinates>31.420865,-15.397964,709.0 31.420864,-15.397963,709.0 31.420818,-15.397919,709.0 31.420772,-15.397919,709.0 31.420771,-15.397918,709.0 31.420725,-15.397874,709.0 31.420678,-15.397874,709.0 31.420678,-15.397873,709.0 31.420632,-15.397829,709.0 31.420585,-15.397829,709.0 31.420584,-15.397828,709.0 31.420538,-15.397784,709.0 31.420491,-15.397784,709.0 31.420491,-15.397783,709.0 31.420445,-15.397739,709.0 31.420398,-15.397739,709.0 31.420397,-15.397738,709.0 31.420351,-15.397694,709.0 31.420350,-15.397693,709.0 31.420305,-15.397649,709.0 31.420302,-15.397648,709.0 31.420258,-15.397611,709.0 31.420249,-15.397603,709.0 31.420211,-15.397566,709.0 31.420207,-15.397558,709.0 31.420186,-15.397513,709.0 31.420166,-15.397468,709.0 31.420164,-15.397465,709.0 31.420146,-15.397423,709.0 31.420128,-15.397378,709.0 31.420118,-15.397352,709.0 31.420110,-15.397333,709.0 31.420082,-15.397288,709.0 31.420071,-15.397271,709.0 31.420053,-15.397243,709.0 31.420024,-15.397200,709.0 31.420022,-15.397198,709.0 31.419991,-15.397153,709.0 31.419977,-15.397134,709.0 31.419957,-15.397108,709.0 31.419931,-15.397073,709.0 31.419923,-15.397063,709.0 31.419886,-15.397017,709.0 31.419884,-15.397015,709.0 31.419849,-15.396972,709.0 31.419837,-15.396959,709.0 31.419809,-15.396927,709.0 31.419791,-15.396907,709.0 31.419768,-15.396882,709.0 31.419744,-15.396857,709.0 31.419725,-15.396837,709.0 31.419697,-15.396809,709.0 31.419680,-15.396792,709.0 31.419650,-15.396763,709.0 31.419633,-15.396747,709.0 31.419604,-15.396721,709.0 31.419583,-15.396702,709.0 31.419557,-15.396679,709.0 31.419527,-15.396657,709.0 31.419510,-15.396645,709.0 31.419464,-15.396623,709.0 31.419441,-15.396612,709.0 31.419417,-15.396601,709.0 31.419370,-15.396580,709.0 31.419340,-15.396567,709.0 31.419323,-15.396560,709.0 31.419277,-15.396541,709.0 31.419230,-15.396523,709.0 31.419227,-15.396522,709.0 31.419183,-15.396505,709.0 31.419136,-15.396489,709.0 31.419103,-15.396477,709.0 31.419090,-15.396473,709.0 31.419043,-15.396457,709.0 31.418996,-15.396442,709.0 31.418965,-15.396432,709.0 31.418950,-15.396427,709.0 31.418903,-15.396413,709.0 31.418856,-15.396400,709.0 31.418809,-15.396395,709.0 31.418763,-15.396395,709.0 31.418716,-15.396395,709.0 31.418669,-15.396395,709.0 31.418623,-15.396395,709.0 31.418576,-15.396395,709.0 31.418529,-15.396395,709.0 31.418482,-15.396395,709.0 31.418436,-15.396395,709.0 31.418389,-15.396395,709.0 31.418342,-15.396395,709.0 31.418295,-15.396395,709.0 31.418249,-15.396395,709.0 31.418202,-15.396395,709.0 31.418155,-15.396395,709.0 31.418109,-15.396400,709.0 31.418062,-15.396406,709.0 31.418015,-15.396412,709.0 31.417968,-15.396418,709.0 31.417922,-15.396423,709.0 31.417875,-15.396429,709.0 31.417854,-15.396432,709.0 31.417828,-15.396435,709.0 31.417782,-15.396441,709.0 31.417735,-15.396447,709.0 31.417688,-15.396453,709.0 31.417641,-15.396459,709.0 31.417595,-15.396464,709.0 31.417548,-15.396470,709.0 31.417501,-15.396476,709.0 31.417497,-15.396477,709.0 31.417454,-15.396485,709.0 31.417408,-15.396506,709.0 31.417374,-15.396522,709.0 31.417361,-15.396528,709.0 31.417314,-15.396551,709.0 31.417281,-15.396567,709.0 31.417268,-15.396574,709.0 31.417221,-15.396598,709.0 31.417194,-15.396612,709.0 31.417174,-15.396623,709.0 31.417127,-15.396649,709.0 31.417113,-15.396657,709.0 31.417081,-15.396673,709.0 31.417034,-15.396698,709.0 31.417026,-15.396702,709.0 31.416987,-15.396723,709.0 31.416944,-15.396747,709.0 31.416941,-15.396749,709.0 31.416894,-15.396777,709.0 31.416868,-15.396792,709.0 31.416847,-15.396805,709.0 31.416800,-15.396835,709.0 31.416798,-15.396837,709.0 31.416754,-15.396879,709.0 31.416751,-15.396882,709.0 31.416716,-15.396927,709.0 31.416707,-15.396939,709.0 31.416682,-15.396972,709.0 31.416660,-15.397002,709.0 31.416649,-15.397017,709.0 31.416616,-15.397063,709.0 31.416613,-15.397066,709.0 31.416584,-15.397108,709.0 31.416567,-15.397132,709.0 31.416553,-15.397153,709.0 31.416523,-15.397198,709.0 31.416520,-15.397203,709.0 31.416495,-15.397243,709.0 31.416473,-15.397277,709.0 31.416466,-15.397288,709.0 31.416439,-15.397333,709.0 31.416427,-15.397372,709.0 31.416425,-15.397378,709.0 31.416414,-15.397423,709.0 31.416402,-15.397468,709.0 31.416390,-15.397513,709.0 31.416380,-15.397553,709.0 31.416379,-15.397558,709.0 31.416367,-15.397603,709.0 31.416354,-15.397648,709.0 31.416342,-15.397693,709.0 31.416333,-15.397725,709.0 31.416329,-15.397738,709.0 31.416317,-15.397783,709.0 31.416304,-15.397828,709.0 31.416291,-15.397873,709.0 31.416286,-15.397888,709.0 31.416277,-15.397918,709.0 31.416264,-15.397963,709.0 31.416250,-15.398008,709.0 31.416240,-15.398054,709.0 31.416240,-15.398055,709.0 31.416233,-15.398099,709.0 31.416226,-15.398144,709.0 31.416218,-15.398189,709.0 31.416210,-15.398234,709.0 31.416202,-15.398279,709.0 31.416193,-15.398323,709.0 31.416193,-15.398324,709.0 31.416183,-15.398369,709.0 31.416174,-15.398414,709.0 31.416163,-15.398459,709.0 31.416152,-15.398504,709.0 31.416146,-15.398528,709.0 31.416141,-15.398549,709.0 31.416128,-15.398594,709.0 31.416115,-15.398639,709.0 31.416101,-15.398684,709.0 31.416100,-15.398687,709.0 31.416053,-15.398708,709.0 31.416006,-15.398709,709.0 31.415959,-15.398710,709.0 31.415913,-15.398710,709.0 31.415866,-15.398711,709.0 31.415819,-15.398711,709.0 31.415773,-15.398712,709.0 31.415726,-15.398713,709.0 31.415679,-15.398713,709.0 31.415632,-15.398714,709.0 31.415586,-15.398714,709.0 31.415539,-15.398715,709.0 31.415492,-15.398715,709.0 31.415445,-15.398716,709.0 31.415399,-15.398697,709.0 31.415394,-15.398684,709.0 31.415378,-15.398639,709.0 31.415361,-15.398594,709.0 31.415352,-15.398570,709.0 31.415344,-15.398549,709.0 31.415327,-15.398504,709.0 31.415311,-15.398459,709.0 31.415305,-15.398445,709.0 31.415294,-15.398414,709.0 31.415276,-15.398369,709.0 31.415259,-15.398324,709.0 31.415259,-15.398322,709.0 31.415243,-15.398279,709.0 31.415226,-15.398234,709.0 31.415212,-15.398196,709.0 31.415209,-15.398189,709.0 31.415192,-15.398144,709.0 31.415175,-15.398099,709.0 31.415165,-15.398071,709.0 31.415159,-15.398054,709.0 31.415138,-15.398008,709.0 31.415118,-15.397977,709.0 31.415110,-15.397963,709.0 31.415081,-15.397918,709.0 31.415072,-15.397904,709.0 31.415052,-15.397873,709.0 31.415025,-15.397834,709.0 31.415021,-15.397828,709.0 31.414990,-15.397783,709.0 31.414978,-15.397767,709.0 31.414957,-15.397738,709.0 31.414932,-15.397705,709.0 31.414923,-15.397693,709.0 31.414888,-15.397648,709.0 31.414885,-15.397644,709.0 31.414851,-15.397603,709.0 31.414838,-15.397587,709.0 31.414813,-15.397558,709.0 31.414791,-15.397532,709.0 31.414774,-15.397513,709.0 31.414745,-15.397481,709.0 31.414734,-15.397468,709.0 31.414698,-15.397424,709.0 31.414697,-15.397423,709.0 31.414663,-15.397378,709.0 31.414651,-15.397361,709.0 31.414630,-15.397333,709.0 31.414609,-15.397288,709.0 31.414604,-15.397279,709.0 31.414585,-15.397243,709.0 31.414559,-15.397198,709.0 31.414558,-15.397195,709.0 31.414531,-15.397153,709.0 31.414511,-15.397123,709.0 31.414500,-15.397108,709.0 31.414466,-15.397063,709.0 31.414464,-15.397060,709.0 31.414426,-15.397017,709.0 31.414418,-15.397008,709.0 31.414383,-15.396972,709.0 31.414371,-15.396961,709.0 31.414334,-15.396927,709.0 31.414324,-15.396919,709.0 31.414279,-15.396882,709.0 31.414277,-15.396881,709.0 31.414231,-15.396849,709.0 31.414214,-15.396837,709.0 31.414184,-15.396818,709.0 31.414140,-15.396792,709.0 31.414137,-15.396791,709.0 31.414091,-15.396767,709.0 31.414051,-15.396747,709.0 31.414044,-15.396744,709.0 31.413997,-15.396741,709.0 31.413950,-15.396744,709.0 31.413910,-15.396747,709.0 31.413904,-15.396748,709.0 31.413857,-15.396751,709.0 31.413810,-15.396754,709.0 31.413763,-15.396757,709.0 31.413717,-15.396759,709.0 31.413670,-15.396762,709.0 31.413623,-15.396764,709.0 31.413577,-15.396767,709.0 31.413530,-15.396769,709.0 31.413483,-15.396771,709.0 31.413436,-15.396773,709.0 31.413390,-15.396775,709.0 31.413343,-15.396778,709.0 31.413297,-15.396792,709.0 31.413296,-15.396793,709.0 31.413250,-15.396807,709.0 31.413203,-15.396823,709.0 31.413159,-15.396837,709.0 31.413156,-15.396838,709.0 31.413109,-15.396854,709.0 31.413063,-15.396871,709.0 31.413031,-15.396882,709.0 31.413016,-15.396888,709.0 31.412969,-15.396905,709.0 31.412922,-15.396923,709.0 31.412912,-15.396927,709.0 31.412876,-15.396941,709.0 31.412829,-15.396960,709.0 31.412800,-15.396972,709.0 31.412782,-15.396980,709.0 31.412736,-15.397000,709.0 31.412696,-15.397017,709.0 31.412689,-15.397020,709.0 31.412642,-15.397040,709.0 31.412595,-15.397056,709.0 31.412576,-15.397063,709.0 31.412549,-15.397073,709.0 31.412502,-15.397090,709.0 31.412458,-15.397108,709.0 31.412455,-15.397109,709.0 31.412409,-15.397127,709.0 31.412362,-15.397147,709.0 31.412348,-15.397153,709.0 31.412315,-15.397167,709.0 31.412268,-15.397188,709.0 31.412247,-15.397198,709.0 31.412222,-15.397209,709.0 31.412175,-15.397232,709.0 31.412152,-15.397243,709.0 31.412128,-15.397255,709.0 31.412081,-15.397279,709.0 31.412065,-15.397288,709.0 31.412035,-15.397304,709.0 31.411988,-15.397330,709.0 31.411982,-15.397333,709.0 31.411941,-15.397360,709.0 31.411895,-15.397360,709.0 31.411848,-15.397372,709.0 31.411841,-15.397378,709.0 31.411801,-15.397417,709.0 31.411754,-15.397417,709.0 31.411748,-15.397423,709.0 31.411708,-15.397462,709.0 31.411661,-15.397462,709.0 31.411655,-15.397468,709.0 31.411614,-15.397507,709.0 31.411568,-15.397507,709.0 31.411561,-15.397513,709.0 31.411521,-15.397552,709.0</coordinates>
  </LineString>
</Placemark>
<Placemark>
  <name>Contour 719m</name>
  <styleUrl>#contour</styleUrl>
  <LineString><tessellate>1</tessellate>
    <coordinates>31.414295,-15.400036,719.0 31.414324,-15.400008,719.0 31.414342,-15.399990,719.0 31.414342,-15.399945,719.0 31.414342,-15.399900,719.0 31.414371,-15.399873,719.0 31.414389,-15.399855,719.0 31.414389,-15.399810,719.0 31.414418,-15.399770,719.0 31.414423,-15.399765,719.0 31.414423,-15.399720,719.0 31.414430,-15.399675,719.0 31.414443,-15.399630,719.0 31.414457,-15.399585,719.0 31.414464,-15.399561,719.0 31.414471,-15.399540,719.0 31.414484,-15.399495,719.0 31.414497,-15.399450,719.0 31.414511,-15.399405,719.0 31.414511,-15.399404,719.0 31.414519,-15.399360,719.0 31.414526,-15.399315,719.0 31.414532,-15.399270,719.0 31.414539,-15.399225,719.0 31.414545,-15.399180,719.0 31.414552,-15.399135,719.0 31.414558,-15.399090,719.0 31.414558,-15.399089,719.0 31.414564,-15.399045,719.0 31.414570,-15.398999,719.0 31.414576,-15.398954,719.0 31.414581,-15.398909,719.0 31.414587,-15.398864,719.0 31.414592,-15.398819,719.0 31.414598,-15.398774,719.0 31.414603,-15.398729,719.0 31.414597,-15.398684,719.0 31.414585,-15.398639,719.0 31.414573,-15.398594,719.0 31.414560,-15.398549,719.0 31.414558,-15.398541,719.0 31.414548,-15.398504,719.0 31.414535,-15.398459,719.0 31.414523,-15.398414,719.0 31.414511,-15.398373,719.0 31.414510,-15.398369,719.0 31.414497,-15.398324,719.0 31.414484,-15.398279,719.0 31.414470,-15.398234,719.0 31.414464,-15.398213,719.0 31.414457,-15.398189,719.0 31.414443,-15.398144,719.0 31.414429,-15.398099,719.0 31.414418,-15.398062,719.0 31.414415,-15.398054,719.0 31.414394,-15.398008,719.0 31.414371,-15.397974,719.0 31.414364,-15.397963,719.0 31.414331,-15.397918,719.0 31.414324,-15.397908,719.0 31.414298,-15.397873,719.0 31.414277,-15.397846,719.0 31.414263,-15.397828,719.0 31.414231,-15.397788,719.0 31.414227,-15.397783,719.0 31.414189,-15.397738,719.0 31.414184,-15.397732,719.0 31.414150,-15.397693,719.0 31.414137,-15.397679,719.0 31.414109,-15.397648,719.0 31.414091,-15.397629,719.0 31.414066,-15.397603,719.0 31.414044,-15.397580,719.0 31.413998,-15.397558,719.0 31.413997,-15.397558,719.0 31.413950,-15.397544,719.0 31.413904,-15.397531,719.0 31.413857,-15.397519,719.0 31.413836,-15.397513,719.0 31.413810,-15.397506,719.0 31.413763,-15.397494,719.0 31.413717,-15.397483,719.0 31.413670,-15.397472,719.0 31.413654,-15.397468,719.0 31.413623,-15.397461,719.0 31.413577,-15.397450,719.0 31.413530,-15.397440,719.0 31.413483,-15.397430,719.0 31.413452,-15.397423,719.0 31.413436,-15.397420,719.0 31.413390,-15.397410,719.0 31.413343,-15.397402,719.0 31.413298,-15.397423,719.0 31.413296,-15.397424,719.0 31.413250,-15.397445,719.0 31.413203,-15.397466,719.0 31.413198,-15.397468,719.0 31.413156,-15.397487,719.0 31.413109,-15.397509,719.0 31.413100,-15.397513,719.0 31.413063,-15.397530,719.0 31.413016,-15.397551,719.0 31.413001,-15.397558,719.0 31.412969,-15.397572,719.0 31.412922,-15.397594,719.0 31.412902,-15.397603,719.0 31.412876,-15.397615,719.0 31.412829,-15.397636,719.0 31.412803,-15.397648,719.0 31.412782,-15.397657,719.0 31.412736,-15.397678,719.0 31.412703,-15.397693,719.0 31.412689,-15.397700,719.0 31.412642,-15.397724,719.0 31.412620,-15.397738,719.0 31.412595,-15.397754,719.0 31.412553,-15.397783,719.0 31.412549,-15.397786,719.0 31.412502,-15.397821,719.0 31.412492,-15.397828,719.0 31.412455,-15.397858,719.0 31.412436,-15.397873,719.0 31.412409,-15.397897,719.0 31.412384,-15.397918,719.0 31.412362,-15.397940,719.0 31.412337,-15.397963,719.0 31.412315,-15.397986,719.0 31.412304,-15.398008,719.0 31.412268,-15.398043,719.0 31.412257,-15.398054,719.0 31.412222,-15.398088,719.0 31.412210,-15.398099,719.0 31.412175,-15.398115,719.0 31.412145,-15.398144,719.0 31.412128,-15.398160,719.0 31.412081,-15.398160,719.0 31.412051,-15.398189,719.0 31.412035,-15.398205,719.0 31.412005,-15.398234,719.0 31.411988,-15.398250,719.0 31.411941,-15.398250,719.0 31.411911,-15.398279,719.0 31.411895,-15.398295,719.0 31.411865,-15.398324,719.0 31.411848,-15.398340,719.0 31.411801,-15.398340,719.0 31.411771,-15.398369,719.0 31.411754,-15.398385,719.0 31.411724,-15.398414,719.0 31.411708,-15.398430,719.0 31.411661,-15.398430,719.0 31.411631,-15.398459,719.0 31.411614,-15.398475,719.0 31.411584,-15.398504,719.0 31.411568,-15.398520,719.0 31.411521,-15.398520,719.0</coordinates>
  </LineString>
</Placemark>
<Placemark>
  <name>Contour 719m</name>
  <styleUrl>#contour</styleUrl>
  <LineString><tessellate>1</tessellate>
    <coordinates>31.420791,-15.400036,719.0 31.420772,-15.400017,719.0 31.420745,-15.399990,719.0 31.420725,-15.399971,719.0 31.420698,-15.399945,719.0 31.420678,-15.399926,719.0 31.420651,-15.399900,719.0 31.420632,-15.399881,719.0 31.420604,-15.399855,719.0 31.420585,-15.399836,719.0 31.420558,-15.399810,719.0 31.420538,-15.399791,719.0 31.420511,-15.399765,719.0 31.420491,-15.399746,719.0 31.420464,-15.399720,719.0 31.420445,-15.399701,719.0 31.420418,-15.399675,719.0 31.420398,-15.399656,719.0 31.420371,-15.399630,719.0 31.420351,-15.399611,719.0 31.420324,-15.399585,719.0 31.420305,-15.399566,719.0 31.420277,-15.399540,719.0 31.420258,-15.399521,719.0 31.420231,-15.399495,719.0 31.420211,-15.399476,719.0 31.420184,-15.399450,719.0 31.420164,-15.399431,719.0 31.420137,-15.399405,719.0 31.420118,-15.399386,719.0 31.420091,-15.399360,719.0 31.420071,-15.399341,719.0 31.420044,-15.399315,719.0 31.420024,-15.399296,719.0 31.419997,-15.399270,719.0 31.419977,-15.399251,719.0 31.419950,-15.399225,719.0 31.419931,-15.399206,719.0 31.419904,-15.399180,719.0 31.419884,-15.399161,719.0 31.419857,-15.399135,719.0 31.419837,-15.399116,719.0 31.419810,-15.399090,719.0 31.419791,-15.399071,719.0 31.419764,-15.399045,719.0 31.419744,-15.399026,719.0 31.419717,-15.398999,719.0 31.419697,-15.398981,719.0 31.419670,-15.398954,719.0 31.419650,-15.398935,719.0 31.419623,-15.398909,719.0 31.419604,-15.398890,719.0 31.419577,-15.398864,719.0 31.419557,-15.398845,719.0 31.419530,-15.398819,719.0 31.419510,-15.398800,719.0 31.419483,-15.398774,719.0 31.419464,-15.398755,719.0 31.419417,-15.398738,719.0 31.419407,-15.398729,719.0 31.419372,-15.398684,719.0 31.419370,-15.398680,719.0 31.419348,-15.398639,719.0 31.419324,-15.398594,719.0 31.419323,-15.398592,719.0 31.419301,-15.398549,719.0 31.419278,-15.398504,719.0 31.419277,-15.398502,719.0 31.419256,-15.398459,719.0 31.419234,-15.398414,719.0 31.419230,-15.398405,719.0 31.419213,-15.398369,719.0 31.419193,-15.398324,719.0 31.419183,-15.398303,719.0 31.419173,-15.398279,719.0 31.419153,-15.398234,719.0 31.419136,-15.398194,719.0 31.419134,-15.398189,719.0 31.419115,-15.398144,719.0 31.419096,-15.398099,719.0 31.419090,-15.398082,719.0 31.419078,-15.398054,719.0 31.419065,-15.398008,719.0 31.419060,-15.397963,719.0 31.419055,-15.397918,719.0 31.419050,-15.397873,719.0 31.419044,-15.397828,719.0 31.419043,-15.397817,719.0 31.419039,-15.397783,719.0 31.419033,-15.397738,719.0 31.419027,-15.397693,719.0 31.419021,-15.397648,719.0 31.419015,-15.397603,719.0 31.419009,-15.397558,719.0 31.419003,-15.397513,719.0 31.418996,-15.397470,719.0 31.418996,-15.397468,719.0 31.418989,-15.397423,719.0 31.418982,-15.397378,719.0 31.418967,-15.397333,719.0 31.418950,-15.397322,719.0 31.418903,-15.397292,719.0 31.418896,-15.397288,719.0 31.418856,-15.397263,719.0 31.418809,-15.397250,719.0 31.418763,-15.397245,719.0 31.418745,-15.397243,719.0 31.418716,-15.397240,719.0 31.418669,-15.397235,719.0 31.418623,-15.397230,719.0 31.418576,-15.397225,719.0 31.418529,-15.397221,719.0 31.418482,-15.397216,719.0 31.418436,-15.397212,719.0 31.418389,-15.397207,719.0 31.418342,-15.397203,719.0 31.418295,-15.397199,719.0 31.418285,-15.397198,719.0 31.418249,-15.397194,719.0 31.418202,-15.397190,719.0 31.418155,-15.397186,719.0 31.418109,-15.397191,719.0 31.418062,-15.397196,719.0 31.418046,-15.397198,719.0 31.418015,-15.397201,719.0 31.417968,-15.397206,719.0 31.417922,-15.397212,719.0 31.417875,-15.397217,719.0 31.417828,-15.397222,719.0 31.417782,-15.397227,719.0 31.417735,-15.397232,719.0 31.417688,-15.397238,719.0 31.417642,-15.397243,719.0 31.417641,-15.397243,719.0 31.417595,-15.397248,719.0 31.417548,-15.397253,719.0 31.417501,-15.397258,719.0 31.417454,-15.397270,719.0 31.417426,-15.397288,719.0 31.417408,-15.397300,719.0 31.417361,-15.397332,719.0 31.417359,-15.397333,719.0 31.417333,-15.397378,719.0 31.417314,-15.397418,719.0 31.417312,-15.397423,719.0 31.417292,-15.397468,719.0 31.417272,-15.397513,719.0 31.417268,-15.397522,719.0 31.417252,-15.397558,719.0 31.417233,-15.397603,719.0 31.417221,-15.397633,719.0 31.417215,-15.397648,719.0 31.417197,-15.397693,719.0 31.417179,-15.397738,719.0 31.417174,-15.397751,719.0 31.417162,-15.397783,719.0 31.417145,-15.397828,719.0 31.417128,-15.397873,719.0 31.417127,-15.397875,719.0 31.417111,-15.397918,719.0 31.417095,-15.397963,719.0 31.417081,-15.398003,719.0 31.417079,-15.398008,719.0 31.417078,-15.398054,719.0 31.417081,-15.398065,719.0 31.417088,-15.398099,719.0 31.417098,-15.398144,719.0 31.417108,-15.398189,719.0 31.417118,-15.398234,719.0 31.417127,-15.398277,719.0 31.417128,-15.398279,719.0 31.417138,-15.398324,719.0 31.417149,-15.398369,719.0 31.417159,-15.398414,719.0 31.417170,-15.398459,719.0 31.417174,-15.398475,719.0 31.417181,-15.398504,719.0 31.417193,-15.398549,719.0 31.417204,-15.398594,719.0 31.417216,-15.398639,719.0 31.417221,-15.398656,719.0 31.417228,-15.398684,719.0 31.417242,-15.398729,719.0 31.417258,-15.398774,719.0 31.417268,-15.398801,719.0 31.417275,-15.398819,719.0 31.417293,-15.398864,719.0 31.417313,-15.398909,719.0 31.417314,-15.398912,719.0 31.417334,-15.398954,719.0 31.417357,-15.398999,719.0 31.417361,-15.399006,719.0 31.417383,-15.399045,719.0 31.417408,-15.399086,719.0 31.417410,-15.399090,719.0 31.417440,-15.399135,719.0 31.417454,-15.399154,719.0 31.417466,-15.399180,719.0 31.417485,-15.399225,719.0 31.417501,-15.399265,719.0 31.417503,-15.399270,719.0 31.417517,-15.399315,719.0 31.417531,-15.399360,719.0 31.417538,-15.399405,719.0 31.417514,-15.399450,719.0 31.417501,-15.399473,719.0 31.417487,-15.399495,719.0 31.417456,-15.399540,719.0 31.417454,-15.399543,719.0 31.417408,-15.399570,719.0 31.417384,-15.399585,719.0 31.417361,-15.399599,719.0 31.417314,-15.399627,719.0 31.417309,-15.399630,719.0 31.417268,-15.399655,719.0 31.417234,-15.399675,719.0 31.417221,-15.399683,719.0 31.417174,-15.399711,719.0 31.417159,-15.399720,719.0 31.417127,-15.399739,719.0 31.417084,-15.399765,719.0 31.417081,-15.399767,719.0 31.417034,-15.399795,719.0 31.417009,-15.399810,719.0 31.416987,-15.399823,719.0 31.416941,-15.399851,719.0 31.416933,-15.399855,719.0 31.416894,-15.399879,719.0 31.416859,-15.399900,719.0 31.416847,-15.399907,719.0 31.416800,-15.399936,719.0 31.416784,-15.399945,719.0 31.416754,-15.399963,719.0 31.416709,-15.399990,719.0 31.416709,-15.400036,719.0</coordinates>
  </LineString>
</Placemark>
<Placemark>
  <name>Contour 729m</name>
  <styleUrl>#contour</styleUrl>
  <LineString><tessellate>1</tessellate>
    <coordinates>31.413274,-15.400036,729.0 31.413296,-15.400014,729.0 31.413321,-15.399990,729.0 31.413321,-15.399945,729.0 31.413343,-15.399924,729.0 31.413368,-15.399900,729.0 31.413390,-15.399879,729.0 31.413415,-15.399855,729.0 31.413415,-15.399810,729.0 31.413436,-15.399789,729.0 31.413461,-15.399765,729.0 31.413483,-15.399744,729.0 31.413508,-15.399720,729.0 31.413508,-15.399675,729.0 31.413530,-15.399654,729.0 31.413555,-15.399630,729.0 31.413577,-15.399609,729.0 31.413602,-15.399585,729.0 31.413602,-15.399540,729.0 31.413623,-15.399519,729.0 31.413648,-15.399495,729.0 31.413663,-15.399450,729.0 31.413670,-15.399443,729.0 31.413710,-15.399405,729.0 31.413710,-15.399360,729.0 31.413717,-15.399347,729.0 31.413760,-15.399315,729.0 31.413763,-15.399302,729.0 31.413772,-15.399270,729.0 31.413786,-15.399225,729.0 31.413800,-15.399180,729.0 31.413810,-15.399149,729.0 31.413815,-15.399135,729.0 31.413831,-15.399090,729.0 31.413849,-15.399045,729.0 31.413857,-15.399025,729.0 31.413868,-15.398999,729.0 31.413888,-15.398954,729.0 31.413904,-15.398922,729.0 31.413910,-15.398909,729.0 31.413934,-15.398864,729.0 31.413950,-15.398837,729.0 31.413961,-15.398819,729.0 31.413989,-15.398774,729.0 31.413997,-15.398762,729.0 31.414012,-15.398729,729.0 31.414002,-15.398684,729.0 31.413997,-15.398677,729.0 31.413959,-15.398639,729.0 31.413950,-15.398630,729.0 31.413914,-15.398594,729.0 31.413904,-15.398584,729.0 31.413869,-15.398549,729.0 31.413857,-15.398537,729.0 31.413824,-15.398504,729.0 31.413810,-15.398490,729.0 31.413779,-15.398459,729.0 31.413763,-15.398443,729.0 31.413734,-15.398414,729.0 31.413717,-15.398397,729.0 31.413689,-15.398369,729.0 31.413670,-15.398350,729.0 31.413644,-15.398324,729.0 31.413623,-15.398303,729.0 31.413599,-15.398279,729.0 31.413577,-15.398257,729.0 31.413554,-15.398234,729.0 31.413530,-15.398210,729.0 31.413509,-15.398189,729.0 31.413483,-15.398163,729.0 31.413464,-15.398144,729.0 31.413436,-15.398116,729.0 31.413419,-15.398099,729.0 31.413390,-15.398070,729.0 31.413372,-15.398054,729.0 31.413343,-15.398038,729.0 31.413322,-15.398054,729.0 31.413296,-15.398086,729.0 31.413285,-15.398099,729.0 31.413250,-15.398140,729.0 31.413247,-15.398144,729.0 31.413208,-15.398189,729.0 31.413203,-15.398194,729.0 31.413168,-15.398234,729.0 31.413156,-15.398247,729.0 31.413127,-15.398279,729.0 31.413109,-15.398297,729.0 31.413084,-15.398324,729.0 31.413063,-15.398345,729.0 31.413040,-15.398369,729.0 31.413016,-15.398393,729.0 31.412995,-15.398414,729.0 31.412969,-15.398439,729.0 31.412949,-15.398459,729.0 31.412922,-15.398484,729.0 31.412901,-15.398504,729.0 31.412876,-15.398527,729.0 31.412851,-15.398549,729.0 31.412829,-15.398569,729.0 31.412801,-15.398594,729.0 31.412791,-15.398639,729.0 31.412782,-15.398647,729.0 31.412744,-15.398684,729.0 31.412736,-15.398693,729.0 31.412698,-15.398729,729.0 31.412689,-15.398738,729.0 31.412651,-15.398774,729.0 31.412642,-15.398783,729.0 31.412604,-15.398819,729.0 31.412595,-15.398828,729.0 31.412557,-15.398864,729.0 31.412549,-15.398873,729.0 31.412511,-15.398909,729.0 31.412502,-15.398918,729.0 31.412464,-15.398954,729.0 31.412455,-15.398963,729.0 31.412417,-15.398999,729.0 31.412409,-15.399008,729.0 31.412371,-15.399045,729.0 31.412362,-15.399053,729.0 31.412324,-15.399090,729.0 31.412315,-15.399098,729.0 31.412277,-15.399135,729.0 31.412268,-15.399143,729.0 31.412230,-15.399180,729.0 31.412222,-15.399188,729.0 31.412184,-15.399225,729.0 31.412175,-15.399233,729.0 31.412137,-15.399270,729.0 31.412128,-15.399278,729.0 31.412090,-15.399315,729.0 31.412081,-15.399323,729.0 31.412043,-15.399360,729.0 31.412035,-15.399368,729.0 31.411997,-15.399405,729.0 31.411988,-15.399413,729.0 31.411950,-15.399450,729.0 31.411941,-15.399458,729.0 31.411903,-15.399495,729.0 31.411895,-15.399503,729.0 31.411857,-15.399540,729.0 31.411848,-15.399548,729.0 31.411810,-15.399585,729.0 31.411801,-15.399593,729.0 31.411763,-15.399630,729.0 31.411754,-15.399638,729.0 31.411716,-15.399675,729.0 31.411708,-15.399684,729.0 31.411670,-15.399720,729.0 31.411661,-15.399729,729.0 31.411623,-15.399765,729.0 31.411614,-15.399774,729.0 31.411576,-15.399810,729.0 31.411568,-15.399819,729.0 31.411530,-15.399855,729.0 31.411521,-15.399864,729.0</coordinates>
  </LineString>
</Placemark>
</Folder>
<Folder><name>Elevation Points (5m grid, sampled)</name>
<Placemark>
  <name>730.6m</name>
  <Style><IconStyle><color>ff0000FF</color><scale>0.3</scale><Icon><href>http://maps.google.com/mapfiles/kml/shapes/dot.png</href></Icon></IconStyle></Style>
  <Point><coordinates>31.411521,-15.391026,730.6</coordinates></Point>
</Placemark>
<Placemark>
  <name>731.8m</name>
  <Style><IconStyle><color>ff0000FF</color><scale>0.3</scale><Icon><href>http://maps.google.com/mapfiles/kml/shapes/dot.png</href></Icon></IconStyle></Style>
  <Point><coordinates>31.411988,-15.391026,731.8</coordinates></Point>
</Placemark>
<Placemark>
  <name>732.6m</name>
  <Style><IconStyle><color>ff0000FF</color><scale>0.3</scale><Icon><href>http://maps.google.com/mapfiles/kml/shapes/dot.png</href></Icon></IconStyle></Style>
  <Point><coordinates>31.412455,-15.391026,732.6</coordinates></Point>
</Placemark>
<Placemark>
  <name>731.3m</name>
  <Style><IconStyle><color>ff0000FF</color><scale>0.3</scale><Icon><href>http://maps.google.com/mapfiles/kml/shapes/dot.png</href></Icon></IconStyle></Style>
  <Point><coordinates>31.412922,-15.391026,731.3</coordinates></Point>
</Placemark>
<Placemark>
  <name>728.2m</name>
  <Style><IconStyle><color>ff0000FF</color><scale>0.3</scale><Icon><href>http://maps.google.com/mapfiles/kml/shapes/dot.png</href></Icon></IconStyle></Style>
  <Point><coordinates>31.413390,-15.391026,728.2</coordinates></Point>
</Placemark>
<Placemark>
  <name>724.5m</name>
  <Style><IconStyle><color>ff0000FF</color><scale>0.3</scale><Icon><href>http://maps.google.com/mapfiles/kml/shapes/dot.png</href></Icon></IconStyle></Style>
  <Point><coordinates>31.413857,-15.391026,724.5</coordinates></Point>
</Placemark>
<Placemark>
  <name>717.6m</name>
  <Style><IconStyle><color>ff66FF00</color><scale>0.3</scale><Icon><href>http://maps.google.com/mapfiles/kml/shapes/dot.png</href></Icon></IconStyle></Style>
  <Point><coordinates>31.414324,-15.391026,717.6</coordinates></Point>
</Placemark>
<Placemark>
  <name>713.4m</name>
  <Style><IconStyle><color>ff66FF00</color><scale>0.3</scale><Icon><href>http://maps.google.com/mapfiles/kml/shapes/dot.png</href></Icon></IconStyle></Style>
  <Point><coordinates>31.414791,-15.391026,713.4</coordinates></Point>
</Placemark>
<Placemark>
  <name>712.1m</name>
  <Style><IconStyle><color>ff66FF00</color><scale>0.3</scale><Icon><href>http://maps.google.com/mapfiles/kml/shapes/dot.png</href></Icon></IconStyle></Style>
  <Point><coordinates>31.415259,-15.391026,712.1</coordinates></Point>
</Placemark>
<Placemark>
  <name>713.9m</name>
  <Style><IconStyle><color>ff66FF00</color><scale>0.3</scale><Icon><href>http://maps.google.com/mapfiles/kml/shapes/dot.png</href></Icon></IconStyle></Style>
  <Point><coordinates>31.415726,-15.391026,713.9</coordinates></Point>
</Placemark>
<Placemark>
  <name>717.1m</name>
  <Style><IconStyle><color>ff66FF00</color><scale>0.3</scale><Icon><href>http://maps.google.com/mapfiles/kml/shapes/dot.png</href></Icon></IconStyle></Style>
  <Point><coordinates>31.416193,-15.391026,717.1</coordinates></Point>
</Placemark>
<Placemark>
  <name>718.8m</name>
  <Style><IconStyle><color>ff66FF00</color><scale>0.3</scale><Icon><href>http://maps.google.com/mapfiles/kml/shapes/dot.png</href></Icon></IconStyle></Style>
  <Point><coordinates>31.416660,-15.391026,718.8</coordinates></Point>
</Placemark>
<Placemark>
  <name>720.3m</name>
  <Style><IconStyle><color>ff66FF00</color><scale>0.3</scale><Icon><href>http://maps.google.com/mapfiles/kml/shapes/dot.png</href></Icon></IconStyle></Style>
  <Point><coordinates>31.417127,-15.391026,720.3</coordinates></Point>
</Placemark>
<Placemark>
  <name>721.7m</name>
  <Style><IconStyle><color>ff66FF00</color><scale>0.3</scale><Icon><href>http://maps.google.com/mapfiles/kml/shapes/dot.png</href></Icon></IconStyle></Style>
  <Point><coordinates>31.417595,-15.391026,721.7</coordinates></Point>
</Placemark>
<Placemark>
  <name>725.2m</name>
  <Style><IconStyle><color>ff0000FF</color><scale>0.3</scale><Icon><href>http://maps.google.com/mapfiles/kml/shapes/dot.png</href></Icon></IconStyle></Style>
  <Point><coordinates>31.418062,-15.391026,725.2</coordinates></Point>
</Placemark>
<Placemark>
  <name>727.6m</name>
  <Style><IconStyle><color>ff0000FF</color><scale>0.3</scale><Icon><href>http://maps.google.com/mapfiles/kml/shapes/dot.png</href></Icon></IconStyle></Style>
  <Point><coordinates>31.418529,-15.391026,727.6</coordinates></Point>
</Placemark>
<Placemark>
  <name>727.0m</name>
  <Style><IconStyle><color>ff0000FF</color><scale>0.3</scale><Icon><href>http://maps.google.com/mapfiles/kml/shapes/dot.png</href></Icon></IconStyle></Style>
  <Point><coordinates>31.418996,-15.391026,727.0</coordinates></Point>
</Placemark>
<Placemark>
  <name>725.9m</name>
  <Style><IconStyle><color>ff0000FF</color><scale>0.3</scale><Icon><href>http://maps.google.com/mapfiles/kml/shapes/dot.png</href></Icon></IconStyle></Style>
  <Point><coordinates>31.419464,-15.391026,725.9</coordinates></Point>
</Placemark>
<Placemark>
  <name>724.6m</name>
  <Style><IconStyle><color>ff0000FF</color><scale>0.3</scale><Icon><href>http://maps.google.com/mapfiles/kml/shapes/dot.png</href></Icon></IconStyle></Style>
  <Point><coordinates>31.419931,-15.391026,724.6</coordinates></Point>
</Placemark>
<Placemark>
  <name>721.3m</name>
  <Style><IconStyle><color>ff66FF00</color><scale>0.3</scale><Icon><href>http://maps.google.com/mapfiles/kml/shapes/dot.png</href></Icon></IconStyle></Style>
  <Point><coordinates>31.420398,-15.391026,721.3</coordinates></Point>
</Placemark>
<Placemark>
  <name>718.6m</name>
  <Style><IconStyle><color>ff66FF00</color><scale>0.3</scale><Icon><href>http://maps.google.com/mapfiles/kml/shapes/dot.png</href></Icon></IconStyle></Style>
  <Point><coordinates>31.420865,-15.391026,718.6</coordinates></Point>
</Placemark>
<Placemark>
  <name>727.7m</name>
  <Style><IconStyle><color>ff0000FF</color><scale>0.3</scale><Icon><href>http://maps.google.com/mapfiles/kml/shapes/dot.png</href></Icon></IconStyle></Style>
  <Point><coordinates>31.411521,-15.391477,727.7</coordinates></Point>
</Placemark>
<Placemark>
  <name>730.6m</name>
  <Style><IconStyle><color>ff0000FF</color><scale>0.3</scale><Icon><href>http://maps.google.com/mapfiles/kml/shapes/dot.png</href></Icon></IconStyle></Style>
  <Point><coordinates>31.411988,-15.391477,730.6</coordinates></Point>
</Placemark>
<Placemark>
  <name>731.8m</name>
  <Style><IconStyle><color>ff0000FF</color><scale>0.3</scale><Icon><href>http://maps.google.com/mapfiles/kml/shapes/dot.png</href></Icon></IconStyle></Style>
  <Point><coordinates>31.412455,-15.391477,731.8</coordinates></Point>
</Placemark>
<Placemark>
  <name>732.6m</name>
  <Style><IconStyle><color>ff0000FF</color><scale>0.3</scale><Icon><href>http://maps.google.com/mapfiles/kml/shapes/dot.png</href></Icon></IconStyle></Style>
  <Point><coordinates>31.412922,-15.391477,732.6</coordinates></Point>
</Placemark>
<Placemark>
  <name>729.9m</name>
  <Style><IconStyle><color>ff0000FF</color><scale>0.3</scale><Icon><href>http://maps.google.com/mapfiles/kml/shapes/dot.png</href></Icon></IconStyle></Style>
  <Point><coordinates>31.413390,-15.391477,729.9</coordinates></Point>
</Placemark>
<Placemark>
  <name>727.1m</name>
  <Style><IconStyle><color>ff0000FF</color><scale>0.3</scale><Icon><href>http://maps.google.com/mapfiles/kml/shapes/dot.png</href></Icon></IconStyle></Style>
  <Point><coordinates>31.413857,-15.391477,727.1</coordinates></Point>
</Placemark>
<Placemark>
  <name>720.9m</name>
  <Style><IconStyle><color>ff66FF00</color><scale>0.3</scale><Icon><href>http://maps.google.com/mapfiles/kml/shapes/dot.png</href></Icon></IconStyle></Style>
  <Point><coordinates>31.414324,-15.391477,720.9</coordinates></Point>
</Placemark>
<Placemark>
  <name>714.8m</name>
  <Style><IconStyle><color>ff66FF00</color><scale>0.3</scale><Icon><href>http://maps.google.com/mapfiles/kml/shapes/dot.png</href></Icon></IconStyle></Style>
  <Point><coordinates>31.414791,-15.391477,714.8</coordinates></Point>
</Placemark>
<Placemark>
  <name>712.1m</name>
  <Style><IconStyle><color>ff66FF00</color><scale>0.3</scale><Icon><href>http://maps.google.com/mapfiles/kml/shapes/dot.png</href></Icon></IconStyle></Style>
  <Point><coordinates>31.415259,-15.391477,712.1</coordinates></Point>
</Placemark>
<Placemark>
  <name>712.2m</name>
  <Style><IconStyle><color>ff66FF00</color><scale>0.3</scale><Icon><href>http://maps.google.com/mapfiles/kml/shapes/dot.png</href></Icon></IconStyle></Style>
  <Point><coordinates>31.415726,-15.391477,712.2</coordinates></Point>
</Placemark>
<Placemark>
  <name>713.8m</name>
  <Style><IconStyle><color>ff66FF00</color><scale>0.3</scale><Icon><href>http://maps.google.com/mapfiles/kml/shapes/dot.png</href></Icon></IconStyle></Style>
  <Point><coordinates>31.416193,-15.391477,713.8</coordinates></Point>
</Placemark>
<Placemark>
  <name>715.8m</name>
  <Style><IconStyle><color>ff66FF00</color><scale>0.3</scale><Icon><href>http://maps.google.com/mapfiles/kml/shapes/dot.png</href></Icon></IconStyle></Style>
  <Point><coordinates>31.416660,-15.391477,715.8</coordinates></Point>
</Placemark>
<Placemark>
  <name>717.9m</name>
  <Style><IconStyle><color>ff66FF00</color><scale>0.3</scale><Icon><href>http://maps.google.com/mapfiles/kml/shapes/dot.png</href></Icon></IconStyle></Style>
  <Point><coordinates>31.417127,-15.391477,717.9</coordinates></Point>
</Placemark>
<Placemark>
  <name>721.0m</name>
  <Style><IconStyle><color>ff66FF00</color><scale>0.3</scale><Icon><href>http://maps.google.com/mapfiles/kml/shapes/dot.png</href></Icon></IconStyle></Style>
  <Point><coordinates>31.417595,-15.391477,721.0</coordinates></Point>
</Placemark>
<Placemark>
  <name>726.7m</name>
  <Style><IconStyle><color>ff0000FF</color><scale>0.3</scale><Icon><href>http://maps.google.com/mapfiles/kml/shapes/dot.png</href></Icon></IconStyle></Style>
  <Point><coordinates>31.418062,-15.391477,726.7</coordinates></Point>
</Placemark>
<Placemark>
  <name>727.2m</name>
  <Style><IconStyle><color>ff0000FF</color><scale>0.3</scale><Icon><href>http://maps.google.com/mapfiles/kml/shapes/dot.png</href></Icon></IconStyle></Style>
  <Point><coordinates>31.418529,-15.391477,727.2</coordinates></Point>
</Placemark>
<Placemark>
  <name>726.6m</name>
  <Style><IconStyle><color>ff0000FF</color><scale>0.3</scale><Icon><href>http://maps.google.com/mapfiles/kml/shapes/dot.png</href></Icon></IconStyle></Style>
  <Point><coordinates>31.418996,-15.391477,726.6</coordinates></Point>
</Placemark>
<Placemark>
  <name>724.6m</name>
  <Style><IconStyle><color>ff0000FF</color><scale>0.3</scale><Icon><href>http://maps.google.com/mapfiles/kml/shapes/dot.png</href></Icon></IconStyle></Style>
  <Point><coordinates>31.419464,-15.391477,724.6</coordinates></Point>
</Placemark>
<Placemark>
  <name>721.3m</name>
  <Style><IconStyle><color>ff66FF00</color><scale>0.3</scale><Icon><href>http://maps.google.com/mapfiles/kml/shapes/dot.png</href></Icon></IconStyle></Style>
  <Point><coordinates>31.419931,-15.391477,721.3</coordinates></Point>
</Placemark>
<Placemark>
  <name>718.6m</name>
  <Style><IconStyle><color>ff66FF00</color><scale>0.3</scale><Icon><href>http://maps.google.com/mapfiles/kml/shapes/dot.png</href></Icon></IconStyle></Style>
  <Point><coordinates>31.420398,-15.391477,718.6</coordinates></Point>
</Placemark>
<Placemark>
  <name>716.3m</name>
  <Style><IconStyle><color>ff66FF00</color><scale>0.3</scale><Icon><href>http://maps.google.com/mapfiles/kml/shapes/dot.png</href></Icon></IconStyle></Style>
  <Point><coordinates>31.420865,-15.391477,716.3</coordinates></Point>
</Placemark>
<Placemark>
  <name>722.7m</name>
  <Style><IconStyle><color>ff0000FF</color><scale>0.3</scale><Icon><href>http://maps.google.com/mapfiles/kml/shapes/dot.png</href></Icon></IconStyle></Style>
  <Point><coordinates>31.411521,-15.391927,722.7</coordinates></Point>
</Placemark>
<Placemark>
  <name>727.7m</name>
  <Style><IconStyle><color>ff0000FF</color><scale>0.3</scale><Icon><href>http://maps.google.com/mapfiles/kml/shapes/dot.png</href></Icon></IconStyle></Style>
  <Point><coordinates>31.411988,-15.391927,727.7</coordinates></Point>
</Placemark>
<Placemark>
  <name>730.6m</name>
  <Style><IconStyle><color>ff0000FF</color><scale>0.3</scale><Icon><href>http://maps.google.com/mapfiles/kml/shapes/dot.png</href></Icon></IconStyle></Style>
  <Point><coordinates>31.412455,-15.391927,730.6</coordinates></Point>
</Placemark>
<Placemark>
  <name>731.8m</name>
  <Style><IconStyle><color>ff0000FF</color><scale>0.3</scale><Icon><href>http://maps.google.com/mapfiles/kml/shapes/dot.png</href></Icon></IconStyle></Style>
  <Point><coordinates>31.412922,-15.391927,731.8</coordinates></Point>
</Placemark>
<Placemark>
  <name>732.6m</name>
  <Style><IconStyle><color>ff0000FF</color><scale>0.3</scale><Icon><href>http://maps.google.com/mapfiles/kml/shapes/dot.png</href></Icon></IconStyle></Style>
  <Point><coordinates>31.413390,-15.391927,732.6</coordinates></Point>
</Placemark>
<Placemark>
  <name>728.6m</name>
  <Style><IconStyle><color>ff0000FF</color><scale>0.3</scale><Icon><href>http://maps.google.com/mapfiles/kml/shapes/dot.png</href></Icon></IconStyle></Style>
  <Point><coordinates>31.413857,-15.391927,728.6</coordinates></Point>
</Placemark>
<Placemark>
  <name>722.6m</name>
  <Style><IconStyle><color>ff0000FF</color><scale>0.3</scale><Icon><href>http://maps.google.com/mapfiles/kml/shapes/dot.png</href></Icon></IconStyle></Style>
  <Point><coordinates>31.414324,-15.391927,722.6</coordinates></Point>
</Placemark>
<Placemark>
  <name>715.7m</name>
  <Style><IconStyle><color>ff66FF00</color><scale>0.3</scale><Icon><href>http://maps.google.com/mapfiles/kml/shapes/dot.png</href></Icon></IconStyle></Style>
  <Point><coordinates>31.414791,-15.391927,715.7</coordinates></Point>
</Placemark>
<Placemark>
  <name>711.5m</name>
  <Style><IconStyle><color>ff66FF00</color><scale>0.3</scale><Icon><href>http://maps.google.com/mapfiles/kml/shapes/dot.png</href></Icon></IconStyle></Style>
  <Point><coordinates>31.415259,-15.391927,711.5</coordinates></Point>
</Placemark>
<Placemark>
  <name>710.5m</name>
  <Style><IconStyle><color>ff00FF66</color><scale>0.3</scale><Icon><href>http://maps.google.com/mapfiles/kml/shapes/dot.png</href></Icon></IconStyle></Style>
  <Point><coordinates>31.415726,-15.391927,710.5</coordinates></Point>
</Placemark>
<Placemark>
  <name>711.5m</name>
  <Style><IconStyle><color>ff66FF00</color><scale>0.3</scale><Icon><href>http://maps.google.com/mapfiles/kml/shapes/dot.png</href></Icon></IconStyle></Style>
  <Point><coordinates>31.416193,-15.391927,711.5</coordinates></Point>
</Placemark>
<Placemark>
  <name>714.3m</name>
  <Style><IconStyle><color>ff66FF00</color><scale>0.3</scale><Icon><href>http://maps.google.com/mapfiles/kml/shapes/dot.png</href></Icon></IconStyle></Style>
  <Point><coordinates>31.416660,-15.391927,714.3</coordinates></Point>
</Placemark>
<Placemark>
  <name>717.1m</name>
  <Style><IconStyle><color>ff66FF00</color><scale>0.3</scale><Icon><href>http://maps.google.com/mapfiles/kml/shapes/dot.png</href></Icon></IconStyle></Style>
  <Point><coordinates>31.417127,-15.391927,717.1</coordinates></Point>
</Placemark>
<Placemark>
  <name>720.5m</name>
  <Style><IconStyle><color>ff66FF00</color><scale>0.3</scale><Icon><href>http://maps.google.com/mapfiles/kml/shapes/dot.png</href></Icon></IconStyle></Style>
  <Point><coordinates>31.417595,-15.391927,720.5</coordinates></Point>
</Placemark>
<Placemark>
  <name>725.3m</name>
  <Style><IconStyle><color>ff0000FF</color><scale>0.3</scale><Icon><href>http://maps.google.com/mapfiles/kml/shapes/dot.png</href></Icon></IconStyle></Style>
  <Point><coordinates>31.418062,-15.391927,725.3</coordinates></Point>
</Placemark>
<Placemark>
  <name>725.8m</name>
  <Style><IconStyle><color>ff0000FF</color><scale>0.3</scale><Icon><href>http://maps.google.com/mapfiles/kml/shapes/dot.png</href></Icon></IconStyle></Style>
  <Point><coordinates>31.418529,-15.391927,725.8</coordinates></Point>
</Placemark>
<Placemark>
  <name>724.6m</name>
  <Style><IconStyle><color>ff0000FF</color><scale>0.3</scale><Icon><href>http://maps.google.com/mapfiles/kml/shapes/dot.png</href></Icon></IconStyle></Style>
  <Point><coordinates>31.418996,-15.391927,724.6</coordinates></Point>
</Placemark>
<Placemark>
  <name>721.3m</name>
  <Style><IconStyle><color>ff66FF00</color><scale>0.3</scale><Icon><href>http://maps.google.com/mapfiles/kml/shapes/dot.png</href></Icon></IconStyle></Style>
  <Point><coordinates>31.419464,-15.391927,721.3</coordinates></Point>
</Placemark>
<Placemark>
  <name>718.6m</name>
  <Style><IconStyle><color>ff66FF00</color><scale>0.3</scale><Icon><href>http://maps.google.com/mapfiles/kml/shapes/dot.png</href></Icon></IconStyle></Style>
  <Point><coordinates>31.419931,-15.391927,718.6</coordinates></Point>
</Placemark>
<Placemark>
  <name>716.3m</name>
  <Style><IconStyle><color>ff66FF00</color><scale>0.3</scale><Icon><href>http://maps.google.com/mapfiles/kml/shapes/dot.png</href></Icon></IconStyle></Style>
  <Point><coordinates>31.420398,-15.391927,716.3</coordinates></Point>
</Placemark>
<Placemark>
  <name>713.7m</name>
  <Style><IconStyle><color>ff66FF00</color><scale>0.3</scale><Icon><href>http://maps.google.com/mapfiles/kml/shapes/dot.png</href></Icon></IconStyle></Style>
  <Point><coordinates>31.420865,-15.391927,713.7</coordinates></Point>
</Placemark>
<Placemark>
  <name>720.6m</name>
  <Style><IconStyle><color>ff66FF00</color><scale>0.3</scale><Icon><href>http://maps.google.com/mapfiles/kml/shapes/dot.png</href></Icon></IconStyle></Style>
  <Point><coordinates>31.411521,-15.392378,720.6</coordinates></Point>
</Placemark>
<Placemark>
  <name>722.7m</name>
  <Style><IconStyle><color>ff0000FF</color><scale>0.3</scale><Icon><href>http://maps.google.com/mapfiles/kml/shapes/dot.png</href></Icon></IconStyle></Style>
  <Point><coordinates>31.411988,-15.392378,722.7</coordinates></Point>
</Placemark>
<Placemark>
  <name>727.7m</name>
  <Style><IconStyle><color>ff0000FF</color><scale>0.3</scale><Icon><href>http://maps.google.com/mapfiles/kml/shapes/dot.png</href></Icon></IconStyle></Style>
  <Point><coordinates>31.412455,-15.392378,727.7</coordinates></Point>
</Placemark>
<Placemark>
  <name>730.3m</name>
  <Style><IconStyle><color>ff0000FF</color><scale>0.3</scale><Icon><href>http://maps.google.com/mapfiles/kml/shapes/dot.png</href></Icon></IconStyle></Style>
  <Point><coordinates>31.412922,-15.392378,730.3</coordinates></Point>
</Placemark>
<Placemark>
  <name>732.6m</name>
  <Style><IconStyle><color>ff0000FF</color><scale>0.3</scale><Icon><href>http://maps.google.com/mapfiles/kml/shapes/dot.png</href></Icon></IconStyle></Style>
  <Point><coordinates>31.413390,-15.392378,732.6</coordinates></Point>
</Placemark>
<Placemark>
  <name>729.9m</name>
  <Style><IconStyle><color>ff0000FF</color><scale>0.3</scale><Icon><href>http://maps.google.com/mapfiles/kml/shapes/dot.png</href></Icon></IconStyle></Style>
  <Point><coordinates>31.413857,-15.392378,729.9</coordinates></Point>
</Placemark>
<Placemark>
  <name>723.7m</name>
  <Style><IconStyle><color>ff0000FF</color><scale>0.3</scale><Icon><href>http://maps.google.com/mapfiles/kml/shapes/dot.png</href></Icon></IconStyle></Style>
  <Point><coordinates>31.414324,-15.392378,723.7</coordinates></Point>
</Placemark>
<Placemark>
  <name>716.0m</name>
  <Style><IconStyle><color>ff66FF00</color><scale>0.3</scale><Icon><href>http://maps.google.com/mapfiles/kml/shapes/dot.png</href></Icon></IconStyle></Style>
  <Point><coordinates>31.414791,-15.392378,716.0</coordinates></Point>
</Placemark>
<Placemark>
  <name>710.6m</name>
  <Style><IconStyle><color>ff00FF66</color><scale>0.3</scale><Icon><href>http://maps.google.com/mapfiles/kml/shapes/dot.png</href></Icon></IconStyle></Style>
  <Point><coordinates>31.415259,-15.392378,710.6</coordinates></Point>
</Placemark>
<Placemark>
  <name>708.9m</name>
  <Style><IconStyle><color>ff00FF66</color><scale>0.3</scale><Icon><href>http://maps.google.com/mapfiles/kml/shapes/dot.png</href></Icon></IconStyle></Style>
  <Point><coordinates>31.415726,-15.392378,708.9</coordinates></Point>
</Placemark>
<Placemark>
  <name>709.8m</name>
  <Style><IconStyle><color>ff00FF66</color><scale>0.3</scale><Icon><href>http://maps.google.com/mapfiles/kml/shapes/dot.png</href></Icon></IconStyle></Style>
  <Point><coordinates>31.416193,-15.392378,709.8</coordinates></Point>
</Placemark>
<Placemark>
  <name>714.0m</name>
  <Style><IconStyle><color>ff66FF00</color><scale>0.3</scale><Icon><href>http://maps.google.com/mapfiles/kml/shapes/dot.png</href></Icon></IconStyle></Style>
  <Point><coordinates>31.416660,-15.392378,714.0</coordinates></Point>
</Placemark>
<Placemark>
  <name>718.1m</name>
  <Style><IconStyle><color>ff66FF00</color><scale>0.3</scale><Icon><href>http://maps.google.com/mapfiles/kml/shapes/dot.png</href></Icon></IconStyle></Style>
  <Point><coordinates>31.417127,-15.392378,718.1</coordinates></Point>
</Placemark>
<Placemark>
  <name>721.8m</name>
  <Style><IconStyle><color>ff66FF00</color><scale>0.3</scale><Icon><href>http://maps.google.com/mapfiles/kml/shapes/dot.png</href></Icon></IconStyle></Style>
  <Point><coordinates>31.417595,-15.392378,721.8</coordinates></Point>
</Placemark>
<Placemark>
  <name>724.5m</name>
  <Style><IconStyle><color>ff0000FF</color><scale>0.3</scale><Icon><href>http://maps.google.com/mapfiles/kml/shapes/dot.png</href></Icon></IconStyle></Style>
  <Point><coordinates>31.418062,-15.392378,724.5</coordinates></Point>
</Placemark>
<Placemark>
  <name>723.8m</name>
  <Style><IconStyle><color>ff0000FF</color><scale>0.3</scale><Icon><href>http://maps.google.com/mapfiles/kml/shapes/dot.png</href></Icon></IconStyle></Style>
  <Point><coordinates>31.418529,-15.392378,723.8</coordinates></Point>
</Placemark>
<Placemark>
  <name>721.8m</name>
  <Style><IconStyle><color>ff66FF00</color><scale>0.3</scale><Icon><href>http://maps.google.com/mapfiles/kml/shapes/dot.png</href></Icon></IconStyle></Style>
  <Point><coordinates>31.418996,-15.392378,721.8</coordinates></Point>
</Placemark>
<Placemark>
  <name>718.3m</name>
  <Style><IconStyle><color>ff66FF00</color><scale>0.3</scale><Icon><href>http://maps.google.com/mapfiles/kml/shapes/dot.png</href></Icon></IconStyle></Style>
  <Point><coordinates>31.419464,-15.392378,718.3</coordinates></Point>
</Placemark>
<Placemark>
  <name>716.3m</name>
  <Style><IconStyle><color>ff66FF00</color><scale>0.3</scale><Icon><href>http://maps.google.com/mapfiles/kml/shapes/dot.png</href></Icon></IconStyle></Style>
  <Point><coordinates>31.419931,-15.392378,716.3</coordinates></Point>
</Placemark>
<Placemark>
  <name>713.7m</name>
  <Style><IconStyle><color>ff66FF00</color><scale>0.3</scale><Icon><href>http://maps.google.com/mapfiles/kml/shapes/dot.png</href></Icon></IconStyle></Style>
  <Point><coordinates>31.420398,-15.392378,713.7</coordinates></Point>
</Placemark>
<Placemark>
  <name>712.5m</name>
  <Style><IconStyle><color>ff66FF00</color><scale>0.3</scale><Icon><href>http://maps.google.com/mapfiles/kml/shapes/dot.png</href></Icon></IconStyle></Style>
  <Point><coordinates>31.420865,-15.392378,712.5</coordinates></Point>
</Placemark>
<Placemark>
  <name>715.5m</name>
  <Style><IconStyle><color>ff66FF00</color><scale>0.3</scale><Icon><href>http://maps.google.com/mapfiles/kml/shapes/dot.png</href></Icon></IconStyle></Style>
  <Point><coordinates>31.411521,-15.392828,715.5</coordinates></Point>
</Placemark>
<Placemark>
  <name>718.1m</name>
  <Style><IconStyle><color>ff66FF00</color><scale>0.3</scale><Icon><href>http://maps.google.com/mapfiles/kml/shapes/dot.png</href></Icon></IconStyle></Style>
  <Point><coordinates>31.411988,-15.392828,718.1</coordinates></Point>
</Placemark>
<Placemark>
  <name>722.7m</name>
  <Style><IconStyle><color>ff0000FF</color><scale>0.3</scale><Icon><href>http://maps.google.com/mapfiles/kml/shapes/dot.png</href></Icon></IconStyle></Style>
  <Point><coordinates>31.412455,-15.392828,722.7</coordinates></Point>
</Placemark>
<Placemark>
  <name>727.3m</name>
  <Style><IconStyle><color>ff0000FF</color><scale>0.3</scale><Icon><href>http://maps.google.com/mapfiles/kml/shapes/dot.png</href></Icon></IconStyle></Style>
  <Point><coordinates>31.412922,-15.392828,727.3</coordinates></Point>
</Placemark>
<Placemark>
  <name>730.0m</name>
  <Style><IconStyle><color>ff0000FF</color><scale>0.3</scale><Icon><href>http://maps.google.com/mapfiles/kml/shapes/dot.png</href></Icon></IconStyle></Style>
  <Point><coordinates>31.413390,-15.392828,730.0</coordinates></Point>
</Placemark>
<Placemark>
  <name>727.2m</name>
  <Style><IconStyle><color>ff0000FF</color><scale>0.3</scale><Icon><href>http://maps.google.com/mapfiles/kml/shapes/dot.png</href></Icon></IconStyle></Style>
  <Point><coordinates>31.413857,-15.392828,727.2</coordinates></Point>
</Placemark>
<Placemark>
  <name>721.4m</name>
  <Style><IconStyle><color>ff66FF00</color><scale>0.3</scale><Icon><href>http://maps.google.com/mapfiles/kml/shapes/dot.png</href></Icon></IconStyle></Style>
  <Point><coordinates>31.414324,-15.392828,721.4</coordinates></Point>
</Placemark>
<Placemark>
  <name>714.1m</name>
  <Style><IconStyle><color>ff66FF00</color><scale>0.3</scale><Icon><href>http://maps.google.com/mapfiles/kml/shapes/dot.png</href></Icon></IconStyle></Style>
  <Point><coordinates>31.414791,-15.392828,714.1</coordinates></Point>
</Placemark>
<Placemark>
  <name>708.6m</name>
  <Style><IconStyle><color>ff00FF66</color><scale>0.3</scale><Icon><href>http://maps.google.com/mapfiles/kml/shapes/dot.png</href></Icon></IconStyle></Style>
  <Point><coordinates>31.415259,-15.392828,708.6</coordinates></Point>
</Placemark>
<Placemark>
  <name>707.2m</name>
  <Style><IconStyle><color>ff00FF66</color><scale>0.3</scale><Icon><href>http://maps.google.com/mapfiles/kml/shapes/dot.png</href></Icon></IconStyle></Style>
  <Point><coordinates>31.415726,-15.392828,707.2</coordinates></Point>
</Placemark>
<Placemark>
  <name>708.8m</name>
  <Style><IconStyle><color>ff00FF66</color><scale>0.3</scale><Icon><href>http://maps.google.com/mapfiles/kml/shapes/dot.png</href></Icon></IconStyle></Style>
  <Point><coordinates>31.416193,-15.392828,708.8</coordinates></Point>
</Placemark>
<Placemark>
  <name>714.3m</name>
  <Style><IconStyle><color>ff66FF00</color><scale>0.3</scale><Icon><href>http://maps.google.com/mapfiles/kml/shapes/dot.png</href></Icon></IconStyle></Style>
  <Point><coordinates>31.416660,-15.392828,714.3</coordinates></Point>
</Placemark>
<Placemark>
  <name>719.1m</name>
  <Style><IconStyle><color>ff66FF00</color><scale>0.3</scale><Icon><href>http://maps.google.com/mapfiles/kml/shapes/dot.png</href></Icon></IconStyle></Style>
  <Point><coordinates>31.417127,-15.392828,719.1</coordinates></Point>
</Placemark>
<Placemark>
  <name>722.8m</name>
  <Style><IconStyle><color>ff0000FF</color><scale>0.3</scale><Icon><href>http://maps.google.com/mapfiles/kml/shapes/dot.png</href></Icon></IconStyle></Style>
  <Point><coordinates>31.417595,-15.392828,722.8</coordinates></Point>
</Placemark>
<Placemark>
  <name>724.1m</name>
  <Style><IconStyle><color>ff0000FF</color><scale>0.3</scale><Icon><href>http://maps.google.com/mapfiles/kml/shapes/dot.png</href></Icon></IconStyle></Style>
  <Point><coordinates>31.418062,-15.392828,724.1</coordinates></Point>
</Placemark>
<Placemark>
  <name>722.8m</name>
  <Style><IconStyle><color>ff0000FF</color><scale>0.3</scale><Icon><href>http://maps.google.com/mapfiles/kml/shapes/dot.png</href></Icon></IconStyle></Style>
  <Point><coordinates>31.418529,-15.392828,722.8</coordinates></Point>
</Placemark>
<Placemark>
  <name>720.3m</name>
  <Style><IconStyle><color>ff66FF00</color><scale>0.3</scale><Icon><href>http://maps.google.com/mapfiles/kml/shapes/dot.png</href></Icon></IconStyle></Style>
  <Point><coordinates>31.418996,-15.392828,720.3</coordinates></Point>
</Placemark>
<Placemark>
  <name>716.4m</name>
  <Style><IconStyle><color>ff66FF00</color><scale>0.3</scale><Icon><href>http://maps.google.com/mapfiles/kml/shapes/dot.png</href></Icon></IconStyle></Style>
  <Point><coordinates>31.419464,-15.392828,716.4</coordinates></Point>
</Placemark>
<Placemark>
  <name>713.7m</name>
  <Style><IconStyle><color>ff66FF00</color><scale>0.3</scale><Icon><href>http://maps.google.com/mapfiles/kml/shapes/dot.png</href></Icon></IconStyle></Style>
  <Point><coordinates>31.419931,-15.392828,713.7</coordinates></Point>
</Placemark>
<Placemark>
  <name>711.3m</name>
  <Style><IconStyle><color>ff66FF00</color><scale>0.3</scale><Icon><href>http://maps.google.com/mapfiles/kml/shapes/dot.png</href></Icon></IconStyle></Style>
  <Point><coordinates>31.420398,-15.392828,711.3</coordinates></Point>
</Placemark>
<Placemark>
  <name>710.1m</name>
  <Style><IconStyle><color>ff00FF66</color><scale>0.3</scale><Icon><href>http://maps.google.com/mapfiles/kml/shapes/dot.png</href></Icon></IconStyle></Style>
  <Point><coordinates>31.420865,-15.392828,710.1</coordinates></Point>
</Placemark>
<Placemark>
  <name>711.4m</name>
  <Style><IconStyle><color>ff66FF00</color><scale>0.3</scale><Icon><href>http://maps.google.com/mapfiles/kml/shapes/dot.png</href></Icon></IconStyle></Style>
  <Point><coordinates>31.411521,-15.393279,711.4</coordinates></Point>
</Placemark>
<Placemark>
  <name>714.1m</name>
  <Style><IconStyle><color>ff66FF00</color><scale>0.3</scale><Icon><href>http://maps.google.com/mapfiles/kml/shapes/dot.png</href></Icon></IconStyle></Style>
  <Point><coordinates>31.411988,-15.393279,714.1</coordinates></Point>
</Placemark>
<Placemark>
  <name>718.0m</name>
  <Style><IconStyle><color>ff66FF00</color><scale>0.3</scale><Icon><href>http://maps.google.com/mapfiles/kml/shapes/dot.png</href></Icon></IconStyle></Style>
  <Point><coordinates>31.412455,-15.393279,718.0</coordinates></Point>
</Placemark>
<Placemark>
  <name>722.0m</name>
  <Style><IconStyle><color>ff0000FF</color><scale>0.3</scale><Icon><href>http://maps.google.com/mapfiles/kml/shapes/dot.png</href></Icon></IconStyle></Style>
  <Point><coordinates>31.412922,-15.393279,722.0</coordinates></Point>
</Placemark>
<Placemark>
  <name>724.9m</name>
  <Style><IconStyle><color>ff0000FF</color><scale>0.3</scale><Icon><href>http://maps.google.com/mapfiles/kml/shapes/dot.png</href></Icon></IconStyle></Style>
  <Point><coordinates>31.413390,-15.393279,724.9</coordinates></Point>
</Placemark>
<Placemark>
  <name>722.7m</name>
  <Style><IconStyle><color>ff0000FF</color><scale>0.3</scale><Icon><href>http://maps.google.com/mapfiles/kml/shapes/dot.png</href></Icon></IconStyle></Style>
  <Point><coordinates>31.413857,-15.393279,722.7</coordinates></Point>
</Placemark>
<Placemark>
  <name>717.6m</name>
  <Style><IconStyle><color>ff66FF00</color><scale>0.3</scale><Icon><href>http://maps.google.com/mapfiles/kml/shapes/dot.png</href></Icon></IconStyle></Style>
  <Point><coordinates>31.414324,-15.393279,717.6</coordinates></Point>
</Placemark>
<Placemark>
  <name>711.1m</name>
  <Style><IconStyle><color>ff66FF00</color><scale>0.3</scale><Icon><href>http://maps.google.com/mapfiles/kml/shapes/dot.png</href></Icon></IconStyle></Style>
  <Point><coordinates>31.414791,-15.393279,711.1</coordinates></Point>
</Placemark>
<Placemark>
  <name>706.1m</name>
  <Style><IconStyle><color>ff00FF66</color><scale>0.3</scale><Icon><href>http://maps.google.com/mapfiles/kml/shapes/dot.png</href></Icon></IconStyle></Style>
  <Point><coordinates>31.415259,-15.393279,706.1</coordinates></Point>
</Placemark>
<Placemark>
  <name>705.2m</name>
  <Style><IconStyle><color>ff00FF66</color><scale>0.3</scale><Icon><href>http://maps.google.com/mapfiles/kml/shapes/dot.png</href></Icon></IconStyle></Style>
  <Point><coordinates>31.415726,-15.393279,705.2</coordinates></Point>
</Placemark>
<Placemark>
  <name>707.3m</name>
  <Style><IconStyle><color>ff00FF66</color><scale>0.3</scale><Icon><href>http://maps.google.com/mapfiles/kml/shapes/dot.png</href></Icon></IconStyle></Style>
  <Point><coordinates>31.416193,-15.393279,707.3</coordinates></Point>
</Placemark>
<Placemark>
  <name>713.7m</name>
  <Style><IconStyle><color>ff66FF00</color><scale>0.3</scale><Icon><href>http://maps.google.com/mapfiles/kml/shapes/dot.png</href></Icon></IconStyle></Style>
  <Point><coordinates>31.416660,-15.393279,713.7</coordinates></Point>
</Placemark>
<Placemark>
  <name>718.7m</name>
  <Style><IconStyle><color>ff66FF00</color><scale>0.3</scale><Icon><href>http://maps.google.com/mapfiles/kml/shapes/dot.png</href></Icon></IconStyle></Style>
  <Point><coordinates>31.417127,-15.393279,718.7</coordinates></Point>
</Placemark>
<Placemark>
  <name>722.1m</name>
  <Style><IconStyle><color>ff0000FF</color><scale>0.3</scale><Icon><href>http://maps.google.com/mapfiles/kml/shapes/dot.png</href></Icon></IconStyle></Style>
  <Point><coordinates>31.417595,-15.393279,722.1</coordinates></Point>
</Placemark>
<Placemark>
  <name>722.8m</name>
  <Style><IconStyle><color>ff0000FF</color><scale>0.3</scale><Icon><href>http://maps.google.com/mapfiles/kml/shapes/dot.png</href></Icon></IconStyle></Style>
  <Point><coordinates>31.418062,-15.393279,722.8</coordinates></Point>
</Placemark>
<Placemark>
  <name>721.7m</name>
  <Style><IconStyle><color>ff66FF00</color><scale>0.3</scale><Icon><href>http://maps.google.com/mapfiles/kml/shapes/dot.png</href></Icon></IconStyle></Style>
  <Point><coordinates>31.418529,-15.393279,721.7</coordinates></Point>
</Placemark>
<Placemark>
  <name>719.4m</name>
  <Style><IconStyle><color>ff66FF00</color><scale>0.3</scale><Icon><href>http://maps.google.com/mapfiles/kml/shapes/dot.png</href></Icon></IconStyle></Style>
  <Point><coordinates>31.418996,-15.393279,719.4</coordinates></Point>
</Placemark>
<Placemark>
  <name>715.5m</name>
  <Style><IconStyle><color>ff66FF00</color><scale>0.3</scale><Icon><href>http://maps.google.com/mapfiles/kml/shapes/dot.png</href></Icon></IconStyle></Style>
  <Point><coordinates>31.419464,-15.393279,715.5</coordinates></Point>
</Placemark>
<Placemark>
  <name>712.0m</name>
  <Style><IconStyle><color>ff66FF00</color><scale>0.3</scale><Icon><href>http://maps.google.com/mapfiles/kml/shapes/dot.png</href></Icon></IconStyle></Style>
  <Point><coordinates>31.419931,-15.393279,712.0</coordinates></Point>
</Placemark>
<Placemark>
  <name>709.6m</name>
  <Style><IconStyle><color>ff00FF66</color><scale>0.3</scale><Icon><href>http://maps.google.com/mapfiles/kml/shapes/dot.png</href></Icon></IconStyle></Style>
  <Point><coordinates>31.420398,-15.393279,709.6</coordinates></Point>
</Placemark>
<Placemark>
  <name>708.3m</name>
  <Style><IconStyle><color>ff00FF66</color><scale>0.3</scale><Icon><href>http://maps.google.com/mapfiles/kml/shapes/dot.png</href></Icon></IconStyle></Style>
  <Point><coordinates>31.420865,-15.393279,708.3</coordinates></Point>
</Placemark>
<Placemark>
  <name>708.1m</name>
  <Style><IconStyle><color>ff00FF66</color><scale>0.3</scale><Icon><href>http://maps.google.com/mapfiles/kml/shapes/dot.png</href></Icon></IconStyle></Style>
  <Point><coordinates>31.411521,-15.393729,708.1</coordinates></Point>
</Placemark>
<Placemark>
  <name>709.0m</name>
  <Style><IconStyle><color>ff00FF66</color><scale>0.3</scale><Icon><href>http://maps.google.com/mapfiles/kml/shapes/dot.png</href></Icon></IconStyle></Style>
  <Point><coordinates>31.411988,-15.393729,709.0</coordinates></Point>
</Placemark>
<Placemark>
  <name>711.7m</name>
  <Style><IconStyle><color>ff66FF00</color><scale>0.3</scale><Icon><href>http://maps.google.com/mapfiles/kml/shapes/dot.png</href></Icon></IconStyle></Style>
  <Point><coordinates>31.412455,-15.393729,711.7</coordinates></Point>
</Placemark>
<Placemark>
  <name>714.8m</name>
  <Style><IconStyle><color>ff66FF00</color><scale>0.3</scale><Icon><href>http://maps.google.com/mapfiles/kml/shapes/dot.png</href></Icon></IconStyle></Style>
  <Point><coordinates>31.412922,-15.393729,714.8</coordinates></Point>
</Placemark>
<Placemark>
  <name>717.8m</name>
  <Style><IconStyle><color>ff66FF00</color><scale>0.3</scale><Icon><href>http://maps.google.com/mapfiles/kml/shapes/dot.png</href></Icon></IconStyle></Style>
  <Point><coordinates>31.413390,-15.393729,717.8</coordinates></Point>
</Placemark>
<Placemark>
  <name>716.4m</name>
  <Style><IconStyle><color>ff66FF00</color><scale>0.3</scale><Icon><href>http://maps.google.com/mapfiles/kml/shapes/dot.png</href></Icon></IconStyle></Style>
  <Point><coordinates>31.413857,-15.393729,716.4</coordinates></Point>
</Placemark>
<Placemark>
  <name>712.5m</name>
  <Style><IconStyle><color>ff66FF00</color><scale>0.3</scale><Icon><href>http://maps.google.com/mapfiles/kml/shapes/dot.png</href></Icon></IconStyle></Style>
  <Point><coordinates>31.414324,-15.393729,712.5</coordinates></Point>
</Placemark>
<Placemark>
  <name>707.3m</name>
  <Style><IconStyle><color>ff00FF66</color><scale>0.3</scale><Icon><href>http://maps.google.com/mapfiles/kml/shapes/dot.png</href></Icon></IconStyle></Style>
  <Point><coordinates>31.414791,-15.393729,707.3</coordinates></Point>
</Placemark>
<Placemark>
  <name>703.3m</name>
  <Style><IconStyle><color>ff00FF66</color><scale>0.3</scale><Icon><href>http://maps.google.com/mapfiles/kml/shapes/dot.png</href></Icon></IconStyle></Style>
  <Point><coordinates>31.415259,-15.393729,703.3</coordinates></Point>
</Placemark>
<Placemark>
  <name>702.9m</name>
  <Style><IconStyle><color>ff00FF66</color><scale>0.3</scale><Icon><href>http://maps.google.com/mapfiles/kml/shapes/dot.png</href></Icon></IconStyle></Style>
  <Point><coordinates>31.415726,-15.393729,702.9</coordinates></Point>
</Placemark>
<Placemark>
  <name>705.4m</name>
  <Style><IconStyle><color>ff00FF66</color><scale>0.3</scale><Icon><href>http://maps.google.com/mapfiles/kml/shapes/dot.png</href></Icon></IconStyle></Style>
  <Point><coordinates>31.416193,-15.393729,705.4</coordinates></Point>
</Placemark>
<Placemark>
  <name>712.2m</name>
  <Style><IconStyle><color>ff66FF00</color><scale>0.3</scale><Icon><href>http://maps.google.com/mapfiles/kml/shapes/dot.png</href></Icon></IconStyle></Style>
  <Point><coordinates>31.416660,-15.393729,712.2</coordinates></Point>
</Placemark>
<Placemark>
  <name>717.0m</name>
  <Style><IconStyle><color>ff66FF00</color><scale>0.3</scale><Icon><href>http://maps.google.com/mapfiles/kml/shapes/dot.png</href></Icon></IconStyle></Style>
  <Point><coordinates>31.417127,-15.393729,717.0</coordinates></Point>
</Placemark>
<Placemark>
  <name>720.1m</name>
  <Style><IconStyle><color>ff66FF00</color><scale>0.3</scale><Icon><href>http://maps.google.com/mapfiles/kml/shapes/dot.png</href></Icon></IconStyle></Style>
  <Point><coordinates>31.417595,-15.393729,720.1</coordinates></Point>
</Placemark>
<Placemark>
  <name>720.8m</name>
  <Style><IconStyle><color>ff66FF00</color><scale>0.3</scale><Icon><href>http://maps.google.com/mapfiles/kml/shapes/dot.png</href></Icon></IconStyle></Style>
  <Point><coordinates>31.418062,-15.393729,720.8</coordinates></Point>
</Placemark>
<Placemark>
  <name>720.4m</name>
  <Style><IconStyle><color>ff66FF00</color><scale>0.3</scale><Icon><href>http://maps.google.com/mapfiles/kml/shapes/dot.png</href></Icon></IconStyle></Style>
  <Point><coordinates>31.418529,-15.393729,720.4</coordinates></Point>
</Placemark>
<Placemark>
  <name>718.8m</name>
  <Style><IconStyle><color>ff66FF00</color><scale>0.3</scale><Icon><href>http://maps.google.com/mapfiles/kml/shapes/dot.png</href></Icon></IconStyle></Style>
  <Point><coordinates>31.418996,-15.393729,718.8</coordinates></Point>
</Placemark>
<Placemark>
  <name>715.4m</name>
  <Style><IconStyle><color>ff66FF00</color><scale>0.3</scale><Icon><href>http://maps.google.com/mapfiles/kml/shapes/dot.png</href></Icon></IconStyle></Style>
  <Point><coordinates>31.419464,-15.393729,715.4</coordinates></Point>
</Placemark>
<Placemark>
  <name>710.8m</name>
  <Style><IconStyle><color>ff00FF66</color><scale>0.3</scale><Icon><href>http://maps.google.com/mapfiles/kml/shapes/dot.png</href></Icon></IconStyle></Style>
  <Point><coordinates>31.419931,-15.393729,710.8</coordinates></Point>
</Placemark>
<Placemark>
  <name>706.9m</name>
  <Style><IconStyle><color>ff00FF66</color><scale>0.3</scale><Icon><href>http://maps.google.com/mapfiles/kml/shapes/dot.png</href></Icon></IconStyle></Style>
  <Point><coordinates>31.420398,-15.393729,706.9</coordinates></Point>
</Placemark>
<Placemark>
  <name>706.2m</name>
  <Style><IconStyle><color>ff00FF66</color><scale>0.3</scale><Icon><href>http://maps.google.com/mapfiles/kml/shapes/dot.png</href></Icon></IconStyle></Style>
  <Point><coordinates>31.420865,-15.393729,706.2</coordinates></Point>
</Placemark>
<Placemark>
  <name>702.8m</name>
  <Style><IconStyle><color>ff00FF66</color><scale>0.3</scale><Icon><href>http://maps.google.com/mapfiles/kml/shapes/dot.png</href></Icon></IconStyle></Style>
  <Point><coordinates>31.411521,-15.394180,702.8</coordinates></Point>
</Placemark>
<Placemark>
  <name>704.4m</name>
  <Style><IconStyle><color>ff00FF66</color><scale>0.3</scale><Icon><href>http://maps.google.com/mapfiles/kml/shapes/dot.png</href></Icon></IconStyle></Style>
  <Point><coordinates>31.411988,-15.394180,704.4</coordinates></Point>
</Placemark>
<Placemark>
  <name>706.2m</name>
  <Style><IconStyle><color>ff00FF66</color><scale>0.3</scale><Icon><href>http://maps.google.com/mapfiles/kml/shapes/dot.png</href></Icon></IconStyle></Style>
  <Point><coordinates>31.412455,-15.394180,706.2</coordinates></Point>
</Placemark>
<Placemark>
  <name>708.4m</name>
  <Style><IconStyle><color>ff00FF66</color><scale>0.3</scale><Icon><href>http://maps.google.com/mapfiles/kml/shapes/dot.png</href></Icon></IconStyle></Style>
  <Point><coordinates>31.412922,-15.394180,708.4</coordinates></Point>
</Placemark>
<Placemark>
  <name>710.7m</name>
  <Style><IconStyle><color>ff00FF66</color><scale>0.3</scale><Icon><href>http://maps.google.com/mapfiles/kml/shapes/dot.png</href></Icon></IconStyle></Style>
  <Point><coordinates>31.413390,-15.394180,710.7</coordinates></Point>
</Placemark>
<Placemark>
  <name>710.7m</name>
  <Style><IconStyle><color>ff00FF66</color><scale>0.3</scale><Icon><href>http://maps.google.com/mapfiles/kml/shapes/dot.png</href></Icon></IconStyle></Style>
  <Point><coordinates>31.413857,-15.394180,710.7</coordinates></Point>
</Placemark>
<Placemark>
  <name>708.7m</name>
  <Style><IconStyle><color>ff00FF66</color><scale>0.3</scale><Icon><href>http://maps.google.com/mapfiles/kml/shapes/dot.png</href></Icon></IconStyle></Style>
  <Point><coordinates>31.414324,-15.394180,708.7</coordinates></Point>
</Placemark>
<Placemark>
  <name>705.4m</name>
  <Style><IconStyle><color>ff00FF66</color><scale>0.3</scale><Icon><href>http://maps.google.com/mapfiles/kml/shapes/dot.png</href></Icon></IconStyle></Style>
  <Point><coordinates>31.414791,-15.394180,705.4</coordinates></Point>
</Placemark>
<Placemark>
  <name>701.8m</name>
  <Style><IconStyle><color>ff00FF66</color><scale>0.3</scale><Icon><href>http://maps.google.com/mapfiles/kml/shapes/dot.png</href></Icon></IconStyle></Style>
  <Point><coordinates>31.415259,-15.394180,701.8</coordinates></Point>
</Placemark>
<Placemark>
  <name>700.7m</name>
  <Style><IconStyle><color>ff00FF66</color><scale>0.3</scale><Icon><href>http://maps.google.com/mapfiles/kml/shapes/dot.png</href></Icon></IconStyle></Style>
  <Point><coordinates>31.415726,-15.394180,700.7</coordinates></Point>
</Placemark>
<Placemark>
  <name>701.9m</name>
  <Style><IconStyle><color>ff00FF66</color><scale>0.3</scale><Icon><href>http://maps.google.com/mapfiles/kml/shapes/dot.png</href></Icon></IconStyle></Style>
  <Point><coordinates>31.416193,-15.394180,701.9</coordinates></Point>
</Placemark>
<Placemark>
  <name>707.8m</name>
  <Style><IconStyle><color>ff00FF66</color><scale>0.3</scale><Icon><href>http://maps.google.com/mapfiles/kml/shapes/dot.png</href></Icon></IconStyle></Style>
  <Point><coordinates>31.416660,-15.394180,707.8</coordinates></Point>
</Placemark>
<Placemark>
  <name>711.7m</name>
  <Style><IconStyle><color>ff66FF00</color><scale>0.3</scale><Icon><href>http://maps.google.com/mapfiles/kml/shapes/dot.png</href></Icon></IconStyle></Style>
  <Point><coordinates>31.417127,-15.394180,711.7</coordinates></Point>
</Placemark>
<Placemark>
  <name>714.2m</name>
  <Style><IconStyle><color>ff66FF00</color><scale>0.3</scale><Icon><href>http://maps.google.com/mapfiles/kml/shapes/dot.png</href></Icon></IconStyle></Style>
  <Point><coordinates>31.417595,-15.394180,714.2</coordinates></Point>
</Placemark>
<Placemark>
  <name>714.9m</name>
  <Style><IconStyle><color>ff66FF00</color><scale>0.3</scale><Icon><href>http://maps.google.com/mapfiles/kml/shapes/dot.png</href></Icon></IconStyle></Style>
  <Point><coordinates>31.418062,-15.394180,714.9</coordinates></Point>
</Placemark>
<Placemark>
  <name>714.8m</name>
  <Style><IconStyle><color>ff66FF00</color><scale>0.3</scale><Icon><href>http://maps.google.com/mapfiles/kml/shapes/dot.png</href></Icon></IconStyle></Style>
  <Point><coordinates>31.418529,-15.394180,714.8</coordinates></Point>
</Placemark>
<Placemark>
  <name>713.8m</name>
  <Style><IconStyle><color>ff66FF00</color><scale>0.3</scale><Icon><href>http://maps.google.com/mapfiles/kml/shapes/dot.png</href></Icon></IconStyle></Style>
  <Point><coordinates>31.418996,-15.394180,713.8</coordinates></Point>
</Placemark>
<Placemark>
  <name>711.3m</name>
  <Style><IconStyle><color>ff66FF00</color><scale>0.3</scale><Icon><href>http://maps.google.com/mapfiles/kml/shapes/dot.png</href></Icon></IconStyle></Style>
  <Point><coordinates>31.419464,-15.394180,711.3</coordinates></Point>
</Placemark>
<Placemark>
  <name>707.7m</name>
  <Style><IconStyle><color>ff00FF66</color><scale>0.3</scale><Icon><href>http://maps.google.com/mapfiles/kml/shapes/dot.png</href></Icon></IconStyle></Style>
  <Point><coordinates>31.419931,-15.394180,707.7</coordinates></Point>
</Placemark>
<Placemark>
  <name>705.0m</name>
  <Style><IconStyle><color>ff00FF66</color><scale>0.3</scale><Icon><href>http://maps.google.com/mapfiles/kml/shapes/dot.png</href></Icon></IconStyle></Style>
  <Point><coordinates>31.420398,-15.394180,705.0</coordinates></Point>
</Placemark>
<Placemark>
  <name>704.3m</name>
  <Style><IconStyle><color>ff00FF66</color><scale>0.3</scale><Icon><href>http://maps.google.com/mapfiles/kml/shapes/dot.png</href></Icon></IconStyle></Style>
  <Point><coordinates>31.420865,-15.394180,704.3</coordinates></Point>
</Placemark>
<Placemark>
  <name>699.2m</name>
  <Style><IconStyle><color>ffFF6600</color><scale>0.3</scale><Icon><href>http://maps.google.com/mapfiles/kml/shapes/dot.png</href></Icon></IconStyle></Style>
  <Point><coordinates>31.411521,-15.394630,699.2</coordinates></Point>
</Placemark>
<Placemark>
  <name>699.8m</name>
  <Style><IconStyle><color>ffFF6600</color><scale>0.3</scale><Icon><href>http://maps.google.com/mapfiles/kml/shapes/dot.png</href></Icon></IconStyle></Style>
  <Point><coordinates>31.411988,-15.394630,699.8</coordinates></Point>
</Placemark>
<Placemark>
  <name>701.2m</name>
  <Style><IconStyle><color>ff00FF66</color><scale>0.3</scale><Icon><href>http://maps.google.com/mapfiles/kml/shapes/dot.png</href></Icon></IconStyle></Style>
  <Point><coordinates>31.412455,-15.394630,701.2</coordinates></Point>
</Placemark>
<Placemark>
  <name>702.9m</name>
  <Style><IconStyle><color>ff00FF66</color><scale>0.3</scale><Icon><href>http://maps.google.com/mapfiles/kml/shapes/dot.png</href></Icon></IconStyle></Style>
  <Point><coordinates>31.412922,-15.394630,702.9</coordinates></Point>
</Placemark>
<Placemark>
  <name>704.8m</name>
  <Style><IconStyle><color>ff00FF66</color><scale>0.3</scale><Icon><href>http://maps.google.com/mapfiles/kml/shapes/dot.png</href></Icon></IconStyle></Style>
  <Point><coordinates>31.413390,-15.394630,704.8</coordinates></Point>
</Placemark>
<Placemark>
  <name>705.7m</name>
  <Style><IconStyle><color>ff00FF66</color><scale>0.3</scale><Icon><href>http://maps.google.com/mapfiles/kml/shapes/dot.png</href></Icon></IconStyle></Style>
  <Point><coordinates>31.413857,-15.394630,705.7</coordinates></Point>
</Placemark>
<Placemark>
  <name>705.1m</name>
  <Style><IconStyle><color>ff00FF66</color><scale>0.3</scale><Icon><href>http://maps.google.com/mapfiles/kml/shapes/dot.png</href></Icon></IconStyle></Style>
  <Point><coordinates>31.414324,-15.394630,705.1</coordinates></Point>
</Placemark>
<Placemark>
  <name>703.2m</name>
  <Style><IconStyle><color>ff00FF66</color><scale>0.3</scale><Icon><href>http://maps.google.com/mapfiles/kml/shapes/dot.png</href></Icon></IconStyle></Style>
  <Point><coordinates>31.414791,-15.394630,703.2</coordinates></Point>
</Placemark>
<Placemark>
  <name>700.0m</name>
  <Style><IconStyle><color>ff00FF66</color><scale>0.3</scale><Icon><href>http://maps.google.com/mapfiles/kml/shapes/dot.png</href></Icon></IconStyle></Style>
  <Point><coordinates>31.415259,-15.394630,700.0</coordinates></Point>
</Placemark>
<Placemark>
  <name>698.6m</name>
  <Style><IconStyle><color>ffFF6600</color><scale>0.3</scale><Icon><href>http://maps.google.com/mapfiles/kml/shapes/dot.png</href></Icon></IconStyle></Style>
  <Point><coordinates>31.415726,-15.394630,698.6</coordinates></Point>
</Placemark>
<Placemark>
  <name>699.1m</name>
  <Style><IconStyle><color>ffFF6600</color><scale>0.3</scale><Icon><href>http://maps.google.com/mapfiles/kml/shapes/dot.png</href></Icon></IconStyle></Style>
  <Point><coordinates>31.416193,-15.394630,699.1</coordinates></Point>
</Placemark>
<Placemark>
  <name>703.9m</name>
  <Style><IconStyle><color>ff00FF66</color><scale>0.3</scale><Icon><href>http://maps.google.com/mapfiles/kml/shapes/dot.png</href></Icon></IconStyle></Style>
  <Point><coordinates>31.416660,-15.394630,703.9</coordinates></Point>
</Placemark>
<Placemark>
  <name>706.8m</name>
  <Style><IconStyle><color>ff00FF66</color><scale>0.3</scale><Icon><href>http://maps.google.com/mapfiles/kml/shapes/dot.png</href></Icon></IconStyle></Style>
  <Point><coordinates>31.417127,-15.394630,706.8</coordinates></Point>
</Placemark>
<Placemark>
  <name>708.6m</name>
  <Style><IconStyle><color>ff00FF66</color><scale>0.3</scale><Icon><href>http://maps.google.com/mapfiles/kml/shapes/dot.png</href></Icon></IconStyle></Style>
  <Point><coordinates>31.417595,-15.394630,708.6</coordinates></Point>
</Placemark>
<Placemark>
  <name>709.3m</name>
  <Style><IconStyle><color>ff00FF66</color><scale>0.3</scale><Icon><href>http://maps.google.com/mapfiles/kml/shapes/dot.png</href></Icon></IconStyle></Style>
  <Point><coordinates>31.418062,-15.394630,709.3</coordinates></Point>
</Placemark>
<Placemark>
  <name>709.4m</name>
  <Style><IconStyle><color>ff00FF66</color><scale>0.3</scale><Icon><href>http://maps.google.com/mapfiles/kml/shapes/dot.png</href></Icon></IconStyle></Style>
  <Point><coordinates>31.418529,-15.394630,709.4</coordinates></Point>
</Placemark>
<Placemark>
  <name>708.9m</name>
  <Style><IconStyle><color>ff00FF66</color><scale>0.3</scale><Icon><href>http://maps.google.com/mapfiles/kml/shapes/dot.png</href></Icon></IconStyle></Style>
  <Point><coordinates>31.418996,-15.394630,708.9</coordinates></Point>
</Placemark>
<Placemark>
  <name>707.3m</name>
  <Style><IconStyle><color>ff00FF66</color><scale>0.3</scale><Icon><href>http://maps.google.com/mapfiles/kml/shapes/dot.png</href></Icon></IconStyle></Style>
  <Point><coordinates>31.419464,-15.394630,707.3</coordinates></Point>
</Placemark>
<Placemark>
  <name>704.9m</name>
  <Style><IconStyle><color>ff00FF66</color><scale>0.3</scale><Icon><href>http://maps.google.com/mapfiles/kml/shapes/dot.png</href></Icon></IconStyle></Style>
  <Point><coordinates>31.419931,-15.394630,704.9</coordinates></Point>
</Placemark>
<Placemark>
  <name>703.6m</name>
  <Style><IconStyle><color>ff00FF66</color><scale>0.3</scale><Icon><href>http://maps.google.com/mapfiles/kml/shapes/dot.png</href></Icon></IconStyle></Style>
  <Point><coordinates>31.420398,-15.394630,703.6</coordinates></Point>
</Placemark>
<Placemark>
  <name>704.2m</name>
  <Style><IconStyle><color>ff00FF66</color><scale>0.3</scale><Icon><href>http://maps.google.com/mapfiles/kml/shapes/dot.png</href></Icon></IconStyle></Style>
  <Point><coordinates>31.420865,-15.394630,704.2</coordinates></Point>
</Placemark>
<Placemark>
  <name>695.7m</name>
  <Style><IconStyle><color>ffFF6600</color><scale>0.3</scale><Icon><href>http://maps.google.com/mapfiles/kml/shapes/dot.png</href></Icon></IconStyle></Style>
  <Point><coordinates>31.411521,-15.395081,695.7</coordinates></Point>
</Placemark>
<Placemark>
  <name>695.2m</name>
  <Style><IconStyle><color>ffFF6600</color><scale>0.3</scale><Icon><href>http://maps.google.com/mapfiles/kml/shapes/dot.png</href></Icon></IconStyle></Style>
  <Point><coordinates>31.411988,-15.395081,695.2</coordinates></Point>
</Placemark>
<Placemark>
  <name>696.6m</name>
  <Style><IconStyle><color>ffFF6600</color><scale>0.3</scale><Icon><href>http://maps.google.com/mapfiles/kml/shapes/dot.png</href></Icon></IconStyle></Style>
  <Point><coordinates>31.412455,-15.395081,696.6</coordinates></Point>
</Placemark>
<Placemark>
  <name>698.3m</name>
  <Style><IconStyle><color>ffFF6600</color><scale>0.3</scale><Icon><href>http://maps.google.com/mapfiles/kml/shapes/dot.png</href></Icon></IconStyle></Style>
  <Point><coordinates>31.412922,-15.395081,698.3</coordinates></Point>
</Placemark>
<Placemark>
  <name>700.3m</name>
  <Style><IconStyle><color>ff00FF66</color><scale>0.3</scale><Icon><href>http://maps.google.com/mapfiles/kml/shapes/dot.png</href></Icon></IconStyle></Style>
  <Point><coordinates>31.413390,-15.395081,700.3</coordinates></Point>
</Placemark>
<Placemark>
  <name>701.6m</name>
  <Style><IconStyle><color>ff00FF66</color><scale>0.3</scale><Icon><href>http://maps.google.com/mapfiles/kml/shapes/dot.png</href></Icon></IconStyle></Style>
  <Point><coordinates>31.413857,-15.395081,701.6</coordinates></Point>
</Placemark>
<Placemark>
  <name>701.7m</name>
  <Style><IconStyle><color>ff00FF66</color><scale>0.3</scale><Icon><href>http://maps.google.com/mapfiles/kml/shapes/dot.png</href></Icon></IconStyle></Style>
  <Point><coordinates>31.414324,-15.395081,701.7</coordinates></Point>
</Placemark>
<Placemark>
  <name>700.7m</name>
  <Style><IconStyle><color>ff00FF66</color><scale>0.3</scale><Icon><href>http://maps.google.com/mapfiles/kml/shapes/dot.png</href></Icon></IconStyle></Style>
  <Point><coordinates>31.414791,-15.395081,700.7</coordinates></Point>
</Placemark>
<Placemark>
  <name>697.9m</name>
  <Style><IconStyle><color>ffFF6600</color><scale>0.3</scale><Icon><href>http://maps.google.com/mapfiles/kml/shapes/dot.png</href></Icon></IconStyle></Style>
  <Point><coordinates>31.415259,-15.395081,697.9</coordinates></Point>
</Placemark>
<Placemark>
  <name>696.6m</name>
  <Style><IconStyle><color>ffFF6600</color><scale>0.3</scale><Icon><href>http://maps.google.com/mapfiles/kml/shapes/dot.png</href></Icon></IconStyle></Style>
  <Point><coordinates>31.415726,-15.395081,696.6</coordinates></Point>
</Placemark>
<Placemark>
  <name>696.8m</name>
  <Style><IconStyle><color>ffFF6600</color><scale>0.3</scale><Icon><href>http://maps.google.com/mapfiles/kml/shapes/dot.png</href></Icon></IconStyle></Style>
  <Point><coordinates>31.416193,-15.395081,696.8</coordinates></Point>
</Placemark>
<Placemark>
  <name>700.3m</name>
  <Style><IconStyle><color>ff00FF66</color><scale>0.3</scale><Icon><href>http://maps.google.com/mapfiles/kml/shapes/dot.png</href></Icon></IconStyle></Style>
  <Point><coordinates>31.416660,-15.395081,700.3</coordinates></Point>
</Placemark>
<Placemark>
  <name>702.2m</name>
  <Style><IconStyle><color>ff00FF66</color><scale>0.3</scale><Icon><href>http://maps.google.com/mapfiles/kml/shapes/dot.png</href></Icon></IconStyle></Style>
  <Point><coordinates>31.417127,-15.395081,702.2</coordinates></Point>
</Placemark>
<Placemark>
  <name>703.4m</name>
  <Style><IconStyle><color>ff00FF66</color><scale>0.3</scale><Icon><href>http://maps.google.com/mapfiles/kml/shapes/dot.png</href></Icon></IconStyle></Style>
  <Point><coordinates>31.417595,-15.395081,703.4</coordinates></Point>
</Placemark>
<Placemark>
  <name>704.0m</name>
  <Style><IconStyle><color>ff00FF66</color><scale>0.3</scale><Icon><href>http://maps.google.com/mapfiles/kml/shapes/dot.png</href></Icon></IconStyle></Style>
  <Point><coordinates>31.418062,-15.395081,704.0</coordinates></Point>
</Placemark>
<Placemark>
  <name>704.2m</name>
  <Style><IconStyle><color>ff00FF66</color><scale>0.3</scale><Icon><href>http://maps.google.com/mapfiles/kml/shapes/dot.png</href></Icon></IconStyle></Style>
  <Point><coordinates>31.418529,-15.395081,704.2</coordinates></Point>
</Placemark>
<Placemark>
  <name>703.9m</name>
  <Style><IconStyle><color>ff00FF66</color><scale>0.3</scale><Icon><href>http://maps.google.com/mapfiles/kml/shapes/dot.png</href></Icon></IconStyle></Style>
  <Point><coordinates>31.418996,-15.395081,703.9</coordinates></Point>
</Placemark>
<Placemark>
  <name>703.2m</name>
  <Style><IconStyle><color>ff00FF66</color><scale>0.3</scale><Icon><href>http://maps.google.com/mapfiles/kml/shapes/dot.png</href></Icon></IconStyle></Style>
  <Point><coordinates>31.419464,-15.395081,703.2</coordinates></Point>
</Placemark>
<Placemark>
  <name>702.5m</name>
  <Style><IconStyle><color>ff00FF66</color><scale>0.3</scale><Icon><href>http://maps.google.com/mapfiles/kml/shapes/dot.png</href></Icon></IconStyle></Style>
  <Point><coordinates>31.419931,-15.395081,702.5</coordinates></Point>
</Placemark>
<Placemark>
  <name>702.8m</name>
  <Style><IconStyle><color>ff00FF66</color><scale>0.3</scale><Icon><href>http://maps.google.com/mapfiles/kml/shapes/dot.png</href></Icon></IconStyle></Style>
  <Point><coordinates>31.420398,-15.395081,702.8</coordinates></Point>
</Placemark>
<Placemark>
  <name>704.6m</name>
  <Style><IconStyle><color>ff00FF66</color><scale>0.3</scale><Icon><href>http://maps.google.com/mapfiles/kml/shapes/dot.png</href></Icon></IconStyle></Style>
  <Point><coordinates>31.420865,-15.395081,704.6</coordinates></Point>
</Placemark>
<Placemark>
  <name>694.4m</name>
  <Style><IconStyle><color>ffFF6600</color><scale>0.3</scale><Icon><href>http://maps.google.com/mapfiles/kml/shapes/dot.png</href></Icon></IconStyle></Style>
  <Point><coordinates>31.411521,-15.395531,694.4</coordinates></Point>
</Placemark>
<Placemark>
  <name>693.7m</name>
  <Style><IconStyle><color>ffFF6600</color><scale>0.3</scale><Icon><href>http://maps.google.com/mapfiles/kml/shapes/dot.png</href></Icon></IconStyle></Style>
  <Point><coordinates>31.411988,-15.395531,693.7</coordinates></Point>
</Placemark>
<Placemark>
  <name>693.8m</name>
  <Style><IconStyle><color>ffFF6600</color><scale>0.3</scale><Icon><href>http://maps.google.com/mapfiles/kml/shapes/dot.png</href></Icon></IconStyle></Style>
  <Point><coordinates>31.412455,-15.395531,693.8</coordinates></Point>
</Placemark>
<Placemark>
  <name>694.7m</name>
  <Style><IconStyle><color>ffFF6600</color><scale>0.3</scale><Icon><href>http://maps.google.com/mapfiles/kml/shapes/dot.png</href></Icon></IconStyle></Style>
  <Point><coordinates>31.412922,-15.395531,694.7</coordinates></Point>
</Placemark>
<Placemark>
  <name>696.3m</name>
  <Style><IconStyle><color>ffFF6600</color><scale>0.3</scale><Icon><href>http://maps.google.com/mapfiles/kml/shapes/dot.png</href></Icon></IconStyle></Style>
  <Point><coordinates>31.413390,-15.395531,696.3</coordinates></Point>
</Placemark>
<Placemark>
  <name>697.7m</name>
  <Style><IconStyle><color>ffFF6600</color><scale>0.3</scale><Icon><href>http://maps.google.com/mapfiles/kml/shapes/dot.png</href></Icon></IconStyle></Style>
  <Point><coordinates>31.413857,-15.395531,697.7</coordinates></Point>
</Placemark>
<Placemark>
  <name>698.3m</name>
  <Style><IconStyle><color>ffFF6600</color><scale>0.3</scale><Icon><href>http://maps.google.com/mapfiles/kml/shapes/dot.png</href></Icon></IconStyle></Style>
  <Point><coordinates>31.414324,-15.395531,698.3</coordinates></Point>
</Placemark>
<Placemark>
  <name>698.2m</name>
  <Style><IconStyle><color>ffFF6600</color><scale>0.3</scale><Icon><href>http://maps.google.com/mapfiles/kml/shapes/dot.png</href></Icon></IconStyle></Style>
  <Point><coordinates>31.414791,-15.395531,698.2</coordinates></Point>
</Placemark>
<Placemark>
  <name>696.3m</name>
  <Style><IconStyle><color>ffFF6600</color><scale>0.3</scale><Icon><href>http://maps.google.com/mapfiles/kml/shapes/dot.png</href></Icon></IconStyle></Style>
  <Point><coordinates>31.415259,-15.395531,696.3</coordinates></Point>
</Placemark>
<Placemark>
  <name>695.0m</name>
  <Style><IconStyle><color>ffFF6600</color><scale>0.3</scale><Icon><href>http://maps.google.com/mapfiles/kml/shapes/dot.png</href></Icon></IconStyle></Style>
  <Point><coordinates>31.415726,-15.395531,695.0</coordinates></Point>
</Placemark>
<Placemark>
  <name>694.6m</name>
  <Style><IconStyle><color>ffFF6600</color><scale>0.3</scale><Icon><href>http://maps.google.com/mapfiles/kml/shapes/dot.png</href></Icon></IconStyle></Style>
  <Point><coordinates>31.416193,-15.395531,694.6</coordinates></Point>
</Placemark>
<Placemark>
  <name>696.7m</name>
  <Style><IconStyle><color>ffFF6600</color><scale>0.3</scale><Icon><href>http://maps.google.com/mapfiles/kml/shapes/dot.png</href></Icon></IconStyle></Style>
  <Point><coordinates>31.416660,-15.395531,696.7</coordinates></Point>
</Placemark>
<Placemark>
  <name>697.9m</name>
  <Style><IconStyle><color>ffFF6600</color><scale>0.3</scale><Icon><href>http://maps.google.com/mapfiles/kml/shapes/dot.png</href></Icon></IconStyle></Style>
  <Point><coordinates>31.417127,-15.395531,697.9</coordinates></Point>
</Placemark>
<Placemark>
  <name>698.9m</name>
  <Style><IconStyle><color>ffFF6600</color><scale>0.3</scale><Icon><href>http://maps.google.com/mapfiles/kml/shapes/dot.png</href></Icon></IconStyle></Style>
  <Point><coordinates>31.417595,-15.395531,698.9</coordinates></Point>
</Placemark>
<Placemark>
  <name>700.0m</name>
  <Style><IconStyle><color>ffFF6600</color><scale>0.3</scale><Icon><href>http://maps.google.com/mapfiles/kml/shapes/dot.png</href></Icon></IconStyle></Style>
  <Point><coordinates>31.418062,-15.395531,700.0</coordinates></Point>
</Placemark>
<Placemark>
  <name>700.6m</name>
  <Style><IconStyle><color>ff00FF66</color><scale>0.3</scale><Icon><href>http://maps.google.com/mapfiles/kml/shapes/dot.png</href></Icon></IconStyle></Style>
  <Point><coordinates>31.418529,-15.395531,700.6</coordinates></Point>
</Placemark>
<Placemark>
  <name>700.9m</name>
  <Style><IconStyle><color>ff00FF66</color><scale>0.3</scale><Icon><href>http://maps.google.com/mapfiles/kml/shapes/dot.png</href></Icon></IconStyle></Style>
  <Point><coordinates>31.418996,-15.395531,700.9</coordinates></Point>
</Placemark>
<Placemark>
  <name>701.1m</name>
  <Style><IconStyle><color>ff00FF66</color><scale>0.3</scale><Icon><href>http://maps.google.com/mapfiles/kml/shapes/dot.png</href></Icon></IconStyle></Style>
  <Point><coordinates>31.419464,-15.395531,701.1</coordinates></Point>
</Placemark>
<Placemark>
  <name>700.9m</name>
  <Style><IconStyle><color>ff00FF66</color><scale>0.3</scale><Icon><href>http://maps.google.com/mapfiles/kml/shapes/dot.png</href></Icon></IconStyle></Style>
  <Point><coordinates>31.419931,-15.395531,700.9</coordinates></Point>
</Placemark>
<Placemark>
  <name>701.5m</name>
  <Style><IconStyle><color>ff00FF66</color><scale>0.3</scale><Icon><href>http://maps.google.com/mapfiles/kml/shapes/dot.png</href></Icon></IconStyle></Style>
  <Point><coordinates>31.420398,-15.395531,701.5</coordinates></Point>
</Placemark>
<Placemark>
  <name>703.6m</name>
  <Style><IconStyle><color>ff00FF66</color><scale>0.3</scale><Icon><href>http://maps.google.com/mapfiles/kml/shapes/dot.png</href></Icon></IconStyle></Style>
  <Point><coordinates>31.420865,-15.395531,703.6</coordinates></Point>
</Placemark>
<Placemark>
  <name>694.0m</name>
  <Style><IconStyle><color>ffFF6600</color><scale>0.3</scale><Icon><href>http://maps.google.com/mapfiles/kml/shapes/dot.png</href></Icon></IconStyle></Style>
  <Point><coordinates>31.411521,-15.395981,694.0</coordinates></Point>
</Placemark>
<Placemark>
  <name>693.3m</name>
  <Style><IconStyle><color>ffFF6600</color><scale>0.3</scale><Icon><href>http://maps.google.com/mapfiles/kml/shapes/dot.png</href></Icon></IconStyle></Style>
  <Point><coordinates>31.411988,-15.395981,693.3</coordinates></Point>
</Placemark>
<Placemark>
  <name>692.4m</name>
  <Style><IconStyle><color>ffFF6600</color><scale>0.3</scale><Icon><href>http://maps.google.com/mapfiles/kml/shapes/dot.png</href></Icon></IconStyle></Style>
  <Point><coordinates>31.412455,-15.395981,692.4</coordinates></Point>
</Placemark>
<Placemark>
  <name>692.4m</name>
  <Style><IconStyle><color>ffFF6600</color><scale>0.3</scale><Icon><href>http://maps.google.com/mapfiles/kml/shapes/dot.png</href></Icon></IconStyle></Style>
  <Point><coordinates>31.412922,-15.395981,692.4</coordinates></Point>
</Placemark>
<Placemark>
  <name>693.2m</name>
  <Style><IconStyle><color>ffFF6600</color><scale>0.3</scale><Icon><href>http://maps.google.com/mapfiles/kml/shapes/dot.png</href></Icon></IconStyle></Style>
  <Point><coordinates>31.413390,-15.395981,693.2</coordinates></Point>
</Placemark>
<Placemark>
  <name>694.2m</name>
  <Style><IconStyle><color>ffFF6600</color><scale>0.3</scale><Icon><href>http://maps.google.com/mapfiles/kml/shapes/dot.png</href></Icon></IconStyle></Style>
  <Point><coordinates>31.413857,-15.395981,694.2</coordinates></Point>
</Placemark>
<Placemark>
  <name>695.0m</name>
  <Style><IconStyle><color>ffFF6600</color><scale>0.3</scale><Icon><href>http://maps.google.com/mapfiles/kml/shapes/dot.png</href></Icon></IconStyle></Style>
  <Point><coordinates>31.414324,-15.395981,695.0</coordinates></Point>
</Placemark>
<Placemark>
  <name>695.4m</name>
  <Style><IconStyle><color>ffFF6600</color><scale>0.3</scale><Icon><href>http://maps.google.com/mapfiles/kml/shapes/dot.png</href></Icon></IconStyle></Style>
  <Point><coordinates>31.414791,-15.395981,695.4</coordinates></Point>
</Placemark>
<Placemark>
  <name>694.2m</name>
  <Style><IconStyle><color>ffFF6600</color><scale>0.3</scale><Icon><href>http://maps.google.com/mapfiles/kml/shapes/dot.png</href></Icon></IconStyle></Style>
  <Point><coordinates>31.415259,-15.395981,694.2</coordinates></Point>
</Placemark>
<Placemark>
  <name>693.0m</name>
  <Style><IconStyle><color>ffFF6600</color><scale>0.3</scale><Icon><href>http://maps.google.com/mapfiles/kml/shapes/dot.png</href></Icon></IconStyle></Style>
  <Point><coordinates>31.415726,-15.395981,693.0</coordinates></Point>
</Placemark>
<Placemark>
  <name>692.4m</name>
  <Style><IconStyle><color>ffFF6600</color><scale>0.3</scale><Icon><href>http://maps.google.com/mapfiles/kml/shapes/dot.png</href></Icon></IconStyle></Style>
  <Point><coordinates>31.416193,-15.395981,692.4</coordinates></Point>
</Placemark>
<Placemark>
  <name>693.6m</name>
  <Style><IconStyle><color>ffFF6600</color><scale>0.3</scale><Icon><href>http://maps.google.com/mapfiles/kml/shapes/dot.png</href></Icon></IconStyle></Style>
  <Point><coordinates>31.416660,-15.395981,693.6</coordinates></Point>
</Placemark>
<Placemark>
  <name>694.4m</name>
  <Style><IconStyle><color>ffFF6600</color><scale>0.3</scale><Icon><href>http://maps.google.com/mapfiles/kml/shapes/dot.png</href></Icon></IconStyle></Style>
  <Point><coordinates>31.417127,-15.395981,694.4</coordinates></Point>
</Placemark>
<Placemark>
  <name>695.2m</name>
  <Style><IconStyle><color>ffFF6600</color><scale>0.3</scale><Icon><href>http://maps.google.com/mapfiles/kml/shapes/dot.png</href></Icon></IconStyle></Style>
  <Point><coordinates>31.417595,-15.395981,695.2</coordinates></Point>
</Placemark>
<Placemark>
  <name>696.6m</name>
  <Style><IconStyle><color>ffFF6600</color><scale>0.3</scale><Icon><href>http://maps.google.com/mapfiles/kml/shapes/dot.png</href></Icon></IconStyle></Style>
  <Point><coordinates>31.418062,-15.395981,696.6</coordinates></Point>
</Placemark>
<Placemark>
  <name>697.2m</name>
  <Style><IconStyle><color>ffFF6600</color><scale>0.3</scale><Icon><href>http://maps.google.com/mapfiles/kml/shapes/dot.png</href></Icon></IconStyle></Style>
  <Point><coordinates>31.418529,-15.395981,697.2</coordinates></Point>
</Placemark>
<Placemark>
  <name>697.8m</name>
  <Style><IconStyle><color>ffFF6600</color><scale>0.3</scale><Icon><href>http://maps.google.com/mapfiles/kml/shapes/dot.png</href></Icon></IconStyle></Style>
  <Point><coordinates>31.418996,-15.395981,697.8</coordinates></Point>
</Placemark>
<Placemark>
  <name>698.5m</name>
  <Style><IconStyle><color>ffFF6600</color><scale>0.3</scale><Icon><href>http://maps.google.com/mapfiles/kml/shapes/dot.png</href></Icon></IconStyle></Style>
  <Point><coordinates>31.419464,-15.395981,698.5</coordinates></Point>
</Placemark>
<Placemark>
  <name>698.7m</name>
  <Style><IconStyle><color>ffFF6600</color><scale>0.3</scale><Icon><href>http://maps.google.com/mapfiles/kml/shapes/dot.png</href></Icon></IconStyle></Style>
  <Point><coordinates>31.419931,-15.395981,698.7</coordinates></Point>
</Placemark>
<Placemark>
  <name>699.6m</name>
  <Style><IconStyle><color>ffFF6600</color><scale>0.3</scale><Icon><href>http://maps.google.com/mapfiles/kml/shapes/dot.png</href></Icon></IconStyle></Style>
  <Point><coordinates>31.420398,-15.395981,699.6</coordinates></Point>
</Placemark>
<Placemark>
  <name>701.2m</name>
  <Style><IconStyle><color>ff00FF66</color><scale>0.3</scale><Icon><href>http://maps.google.com/mapfiles/kml/shapes/dot.png</href></Icon></IconStyle></Style>
  <Point><coordinates>31.420865,-15.395981,701.2</coordinates></Point>
</Placemark>
<Placemark>
  <name>694.9m</name>
  <Style><IconStyle><color>ffFF6600</color><scale>0.3</scale><Icon><href>http://maps.google.com/mapfiles/kml/shapes/dot.png</href></Icon></IconStyle></Style>
  <Point><coordinates>31.411521,-15.396432,694.9</coordinates></Point>
</Placemark>
<Placemark>
  <name>693.9m</name>
  <Style><IconStyle><color>ffFF6600</color><scale>0.3</scale><Icon><href>http://maps.google.com/mapfiles/kml/shapes/dot.png</href></Icon></IconStyle></Style>
  <Point><coordinates>31.411988,-15.396432,693.9</coordinates></Point>
</Placemark>
<Placemark>
  <name>692.6m</name>
  <Style><IconStyle><color>ffFF6600</color><scale>0.3</scale><Icon><href>http://maps.google.com/mapfiles/kml/shapes/dot.png</href></Icon></IconStyle></Style>
  <Point><coordinates>31.412455,-15.396432,692.6</coordinates></Point>
</Placemark>
<Placemark>
  <name>691.7m</name>
  <Style><IconStyle><color>ffFF6600</color><scale>0.3</scale><Icon><href>http://maps.google.com/mapfiles/kml/shapes/dot.png</href></Icon></IconStyle></Style>
  <Point><coordinates>31.412922,-15.396432,691.7</coordinates></Point>
</Placemark>
<Placemark>
  <name>691.2m</name>
  <Style><IconStyle><color>ffFF6600</color><scale>0.3</scale><Icon><href>http://maps.google.com/mapfiles/kml/shapes/dot.png</href></Icon></IconStyle></Style>
  <Point><coordinates>31.413390,-15.396432,691.2</coordinates></Point>
</Placemark>
<Placemark>
  <name>691.2m</name>
  <Style><IconStyle><color>ffFF6600</color><scale>0.3</scale><Icon><href>http://maps.google.com/mapfiles/kml/shapes/dot.png</href></Icon></IconStyle></Style>
  <Point><coordinates>31.413857,-15.396432,691.2</coordinates></Point>
</Placemark>
<Placemark>
  <name>691.7m</name>
  <Style><IconStyle><color>ffFF6600</color><scale>0.3</scale><Icon><href>http://maps.google.com/mapfiles/kml/shapes/dot.png</href></Icon></IconStyle></Style>
  <Point><coordinates>31.414324,-15.396432,691.7</coordinates></Point>
</Placemark>
<Placemark>
  <name>692.2m</name>
  <Style><IconStyle><color>ffFF6600</color><scale>0.3</scale><Icon><href>http://maps.google.com/mapfiles/kml/shapes/dot.png</href></Icon></IconStyle></Style>
  <Point><coordinates>31.414791,-15.396432,692.2</coordinates></Point>
</Placemark>
<Placemark>
  <name>691.4m</name>
  <Style><IconStyle><color>ffFF6600</color><scale>0.3</scale><Icon><href>http://maps.google.com/mapfiles/kml/shapes/dot.png</href></Icon></IconStyle></Style>
  <Point><coordinates>31.415259,-15.396432,691.4</coordinates></Point>
</Placemark>
<Placemark>
  <name>690.7m</name>
  <Style><IconStyle><color>ffFF6600</color><scale>0.3</scale><Icon><href>http://maps.google.com/mapfiles/kml/shapes/dot.png</href></Icon></IconStyle></Style>
  <Point><coordinates>31.415726,-15.396432,690.7</coordinates></Point>
</Placemark>
<Placemark>
  <name>690.3m</name>
  <Style><IconStyle><color>ffFF6600</color><scale>0.3</scale><Icon><href>http://maps.google.com/mapfiles/kml/shapes/dot.png</href></Icon></IconStyle></Style>
  <Point><coordinates>31.416193,-15.396432,690.3</coordinates></Point>
</Placemark>
<Placemark>
  <name>691.0m</name>
  <Style><IconStyle><color>ffFF6600</color><scale>0.3</scale><Icon><href>http://maps.google.com/mapfiles/kml/shapes/dot.png</href></Icon></IconStyle></Style>
  <Point><coordinates>31.416660,-15.396432,691.0</coordinates></Point>
</Placemark>
<Placemark>
  <name>691.7m</name>
  <Style><IconStyle><color>ffFF6600</color><scale>0.3</scale><Icon><href>http://maps.google.com/mapfiles/kml/shapes/dot.png</href></Icon></IconStyle></Style>
  <Point><coordinates>31.417127,-15.396432,691.7</coordinates></Point>
</Placemark>
<Placemark>
  <name>692.6m</name>
  <Style><IconStyle><color>ffFF6600</color><scale>0.3</scale><Icon><href>http://maps.google.com/mapfiles/kml/shapes/dot.png</href></Icon></IconStyle></Style>
  <Point><coordinates>31.417595,-15.396432,692.6</coordinates></Point>
</Placemark>
<Placemark>
  <name>694.0m</name>
  <Style><IconStyle><color>ffFF6600</color><scale>0.3</scale><Icon><href>http://maps.google.com/mapfiles/kml/shapes/dot.png</href></Icon></IconStyle></Style>
  <Point><coordinates>31.418062,-15.396432,694.0</coordinates></Point>
</Placemark>
<Placemark>
  <name>694.2m</name>
  <Style><IconStyle><color>ffFF6600</color><scale>0.3</scale><Icon><href>http://maps.google.com/mapfiles/kml/shapes/dot.png</href></Icon></IconStyle></Style>
  <Point><coordinates>31.418529,-15.396432,694.2</coordinates></Point>
</Placemark>
<Placemark>
  <name>694.5m</name>
  <Style><IconStyle><color>ffFF6600</color><scale>0.3</scale><Icon><href>http://maps.google.com/mapfiles/kml/shapes/dot.png</href></Icon></IconStyle></Style>
  <Point><coordinates>31.418996,-15.396432,694.5</coordinates></Point>
</Placemark>
<Placemark>
  <name>695.2m</name>
  <Style><IconStyle><color>ffFF6600</color><scale>0.3</scale><Icon><href>http://maps.google.com/mapfiles/kml/shapes/dot.png</href></Icon></IconStyle></Style>
  <Point><coordinates>31.419464,-15.396432,695.2</coordinates></Point>
</Placemark>
<Placemark>
  <name>695.8m</name>
  <Style><IconStyle><color>ffFF6600</color><scale>0.3</scale><Icon><href>http://maps.google.com/mapfiles/kml/shapes/dot.png</href></Icon></IconStyle></Style>
  <Point><coordinates>31.419931,-15.396432,695.8</coordinates></Point>
</Placemark>
<Placemark>
  <name>696.8m</name>
  <Style><IconStyle><color>ffFF6600</color><scale>0.3</scale><Icon><href>http://maps.google.com/mapfiles/kml/shapes/dot.png</href></Icon></IconStyle></Style>
  <Point><coordinates>31.420398,-15.396432,696.8</coordinates></Point>
</Placemark>
<Placemark>
  <name>698.2m</name>
  <Style><IconStyle><color>ffFF6600</color><scale>0.3</scale><Icon><href>http://maps.google.com/mapfiles/kml/shapes/dot.png</href></Icon></IconStyle></Style>
  <Point><coordinates>31.420865,-15.396432,698.2</coordinates></Point>
</Placemark>
<Placemark>
  <name>696.9m</name>
  <Style><IconStyle><color>ffFF6600</color><scale>0.3</scale><Icon><href>http://maps.google.com/mapfiles/kml/shapes/dot.png</href></Icon></IconStyle></Style>
  <Point><coordinates>31.411521,-15.396882,696.9</coordinates></Point>
</Placemark>
<Placemark>
  <name>696.9m</name>
  <Style><IconStyle><color>ffFF6600</color><scale>0.3</scale><Icon><href>http://maps.google.com/mapfiles/kml/shapes/dot.png</href></Icon></IconStyle></Style>
  <Point><coordinates>31.411988,-15.396882,696.9</coordinates></Point>
</Placemark>
<Placemark>
  <name>695.2m</name>
  <Style><IconStyle><color>ffFF6600</color><scale>0.3</scale><Icon><href>http://maps.google.com/mapfiles/kml/shapes/dot.png</href></Icon></IconStyle></Style>
  <Point><coordinates>31.412455,-15.396882,695.2</coordinates></Point>
</Placemark>
<Placemark>
  <name>693.6m</name>
  <Style><IconStyle><color>ffFF6600</color><scale>0.3</scale><Icon><href>http://maps.google.com/mapfiles/kml/shapes/dot.png</href></Icon></IconStyle></Style>
  <Point><coordinates>31.412922,-15.396882,693.6</coordinates></Point>
</Placemark>
<Placemark>
  <name>692.1m</name>
  <Style><IconStyle><color>ffFF6600</color><scale>0.3</scale><Icon><href>http://maps.google.com/mapfiles/kml/shapes/dot.png</href></Icon></IconStyle></Style>
  <Point><coordinates>31.413390,-15.396882,692.1</coordinates></Point>
</Placemark>
<Placemark>
  <name>690.9m</name>
  <Style><IconStyle><color>ffFF6600</color><scale>0.3</scale><Icon><href>http://maps.google.com/mapfiles/kml/shapes/dot.png</href></Icon></IconStyle></Style>
  <Point><coordinates>31.413857,-15.396882,690.9</coordinates></Point>
</Placemark>
<Placemark>
  <name>690.6m</name>
  <Style><IconStyle><color>ffFF6600</color><scale>0.3</scale><Icon><href>http://maps.google.com/mapfiles/kml/shapes/dot.png</href></Icon></IconStyle></Style>
  <Point><coordinates>31.414324,-15.396882,690.6</coordinates></Point>
</Placemark>
<Placemark>
  <name>690.9m</name>
  <Style><IconStyle><color>ffFF6600</color><scale>0.3</scale><Icon><href>http://maps.google.com/mapfiles/kml/shapes/dot.png</href></Icon></IconStyle></Style>
  <Point><coordinates>31.414791,-15.396882,690.9</coordinates></Point>
</Placemark>
<Placemark>
  <name>691.4m</name>
  <Style><IconStyle><color>ffFF6600</color><scale>0.3</scale><Icon><href>http://maps.google.com/mapfiles/kml/shapes/dot.png</href></Icon></IconStyle></Style>
  <Point><coordinates>31.415259,-15.396882,691.4</coordinates></Point>
</Placemark>
<Placemark>
  <name>691.4m</name>
  <Style><IconStyle><color>ffFF6600</color><scale>0.3</scale><Icon><href>http://maps.google.com/mapfiles/kml/shapes/dot.png</href></Icon></IconStyle></Style>
  <Point><coordinates>31.415726,-15.396882,691.4</coordinates></Point>
</Placemark>
<Placemark>
  <name>691.3m</name>
  <Style><IconStyle><color>ffFF6600</color><scale>0.3</scale><Icon><href>http://maps.google.com/mapfiles/kml/shapes/dot.png</href></Icon></IconStyle></Style>
  <Point><coordinates>31.416193,-15.396882,691.3</coordinates></Point>
</Placemark>
<Placemark>
  <name>692.0m</name>
  <Style><IconStyle><color>ffFF6600</color><scale>0.3</scale><Icon><href>http://maps.google.com/mapfiles/kml/shapes/dot.png</href></Icon></IconStyle></Style>
  <Point><coordinates>31.416660,-15.396882,692.0</coordinates></Point>
</Placemark>
<Placemark>
  <name>691.8m</name>
  <Style><IconStyle><color>ffFF6600</color><scale>0.3</scale><Icon><href>http://maps.google.com/mapfiles/kml/shapes/dot.png</href></Icon></IconStyle></Style>
  <Point><coordinates>31.417127,-15.396882,691.8</coordinates></Point>
</Placemark>
<Placemark>
  <name>691.6m</name>
  <Style><IconStyle><color>ffFF6600</color><scale>0.3</scale><Icon><href>http://maps.google.com/mapfiles/kml/shapes/dot.png</href></Icon></IconStyle></Style>
  <Point><coordinates>31.417595,-15.396882,691.6</coordinates></Point>
</Placemark>
<Placemark>
  <name>692.1m</name>
  <Style><IconStyle><color>ffFF6600</color><scale>0.3</scale><Icon><href>http://maps.google.com/mapfiles/kml/shapes/dot.png</href></Icon></IconStyle></Style>
  <Point><coordinates>31.418062,-15.396882,692.1</coordinates></Point>
</Placemark>
<Placemark>
  <name>691.9m</name>
  <Style><IconStyle><color>ffFF6600</color><scale>0.3</scale><Icon><href>http://maps.google.com/mapfiles/kml/shapes/dot.png</href></Icon></IconStyle></Style>
  <Point><coordinates>31.418529,-15.396882,691.9</coordinates></Point>
</Placemark>
<Placemark>
  <name>691.7m</name>
  <Style><IconStyle><color>ffFF6600</color><scale>0.3</scale><Icon><href>http://maps.google.com/mapfiles/kml/shapes/dot.png</href></Icon></IconStyle></Style>
  <Point><coordinates>31.418996,-15.396882,691.7</coordinates></Point>
</Placemark>
<Placemark>
  <name>692.0m</name>
  <Style><IconStyle><color>ffFF6600</color><scale>0.3</scale><Icon><href>http://maps.google.com/mapfiles/kml/shapes/dot.png</href></Icon></IconStyle></Style>
  <Point><coordinates>31.419464,-15.396882,692.0</coordinates></Point>
</Placemark>
<Placemark>
  <name>692.9m</name>
  <Style><IconStyle><color>ffFF6600</color><scale>0.3</scale><Icon><href>http://maps.google.com/mapfiles/kml/shapes/dot.png</href></Icon></IconStyle></Style>
  <Point><coordinates>31.419931,-15.396882,692.9</coordinates></Point>
</Placemark>
<Placemark>
  <name>694.1m</name>
  <Style><IconStyle><color>ffFF6600</color><scale>0.3</scale><Icon><href>http://maps.google.com/mapfiles/kml/shapes/dot.png</href></Icon></IconStyle></Style>
  <Point><coordinates>31.420398,-15.396882,694.1</coordinates></Point>
</Placemark>
<Placemark>
  <name>695.5m</name>
  <Style><IconStyle><color>ffFF6600</color><scale>0.3</scale><Icon><href>http://maps.google.com/mapfiles/kml/shapes/dot.png</href></Icon></IconStyle></Style>
  <Point><coordinates>31.420865,-15.396882,695.5</coordinates></Point>
</Placemark>
<Placemark>
  <name>700.3m</name>
  <Style><IconStyle><color>ff00FF66</color><scale>0.3</scale><Icon><href>http://maps.google.com/mapfiles/kml/shapes/dot.png</href></Icon></IconStyle></Style>
  <Point><coordinates>31.411521,-15.397333,700.3</coordinates></Point>
</Placemark>
<Placemark>
  <name>700.5m</name>
  <Style><IconStyle><color>ff00FF66</color><scale>0.3</scale><Icon><href>http://maps.google.com/mapfiles/kml/shapes/dot.png</href></Icon></IconStyle></Style>
  <Point><coordinates>31.411988,-15.397333,700.5</coordinates></Point>
</Placemark>
<Placemark>
  <name>698.3m</name>
  <Style><IconStyle><color>ffFF6600</color><scale>0.3</scale><Icon><href>http://maps.google.com/mapfiles/kml/shapes/dot.png</href></Icon></IconStyle></Style>
  <Point><coordinates>31.412455,-15.397333,698.3</coordinates></Point>
</Placemark>
<Placemark>
  <name>696.0m</name>
  <Style><IconStyle><color>ffFF6600</color><scale>0.3</scale><Icon><href>http://maps.google.com/mapfiles/kml/shapes/dot.png</href></Icon></IconStyle></Style>
  <Point><coordinates>31.412922,-15.397333,696.0</coordinates></Point>
</Placemark>
<Placemark>
  <name>693.9m</name>
  <Style><IconStyle><color>ffFF6600</color><scale>0.3</scale><Icon><href>http://maps.google.com/mapfiles/kml/shapes/dot.png</href></Icon></IconStyle></Style>
  <Point><coordinates>31.413390,-15.397333,693.9</coordinates></Point>
</Placemark>
<Placemark>
  <name>692.0m</name>
  <Style><IconStyle><color>ffFF6600</color><scale>0.3</scale><Icon><href>http://maps.google.com/mapfiles/kml/shapes/dot.png</href></Icon></IconStyle></Style>
  <Point><coordinates>31.413857,-15.397333,692.0</coordinates></Point>
</Placemark>
<Placemark>
  <name>691.5m</name>
  <Style><IconStyle><color>ffFF6600</color><scale>0.3</scale><Icon><href>http://maps.google.com/mapfiles/kml/shapes/dot.png</href></Icon></IconStyle></Style>
  <Point><coordinates>31.414324,-15.397333,691.5</coordinates></Point>
</Placemark>
<Placemark>
  <name>692.0m</name>
  <Style><IconStyle><color>ffFF6600</color><scale>0.3</scale><Icon><href>http://maps.google.com/mapfiles/kml/shapes/dot.png</href></Icon></IconStyle></Style>
  <Point><coordinates>31.414791,-15.397333,692.0</coordinates></Point>
</Placemark>
<Placemark>
  <name>693.4m</name>
  <Style><IconStyle><color>ffFF6600</color><scale>0.3</scale><Icon><href>http://maps.google.com/mapfiles/kml/shapes/dot.png</href></Icon></IconStyle></Style>
  <Point><coordinates>31.415259,-15.397333,693.4</coordinates></Point>
</Placemark>
<Placemark>
  <name>693.9m</name>
  <Style><IconStyle><color>ffFF6600</color><scale>0.3</scale><Icon><href>http://maps.google.com/mapfiles/kml/shapes/dot.png</href></Icon></IconStyle></Style>
  <Point><coordinates>31.415726,-15.397333,693.9</coordinates></Point>
</Placemark>
<Placemark>
  <name>694.1m</name>
  <Style><IconStyle><color>ffFF6600</color><scale>0.3</scale><Icon><href>http://maps.google.com/mapfiles/kml/shapes/dot.png</href></Icon></IconStyle></Style>
  <Point><coordinates>31.416193,-15.397333,694.1</coordinates></Point>
</Placemark>
<Placemark>
  <name>694.5m</name>
  <Style><IconStyle><color>ffFF6600</color><scale>0.3</scale><Icon><href>http://maps.google.com/mapfiles/kml/shapes/dot.png</href></Icon></IconStyle></Style>
  <Point><coordinates>31.416660,-15.397333,694.5</coordinates></Point>
</Placemark>
<Placemark>
  <name>693.4m</name>
  <Style><IconStyle><color>ffFF6600</color><scale>0.3</scale><Icon><href>http://maps.google.com/mapfiles/kml/shapes/dot.png</href></Icon></IconStyle></Style>
  <Point><coordinates>31.417127,-15.397333,693.4</coordinates></Point>
</Placemark>
<Placemark>
  <name>692.0m</name>
  <Style><IconStyle><color>ffFF6600</color><scale>0.3</scale><Icon><href>http://maps.google.com/mapfiles/kml/shapes/dot.png</href></Icon></IconStyle></Style>
  <Point><coordinates>31.417595,-15.397333,692.0</coordinates></Point>
</Placemark>
<Placemark>
  <name>691.2m</name>
  <Style><IconStyle><color>ffFF6600</color><scale>0.3</scale><Icon><href>http://maps.google.com/mapfiles/kml/shapes/dot.png</href></Icon></IconStyle></Style>
  <Point><coordinates>31.418062,-15.397333,691.2</coordinates></Point>
</Placemark>
<Placemark>
  <name>690.3m</name>
  <Style><IconStyle><color>ffFF6600</color><scale>0.3</scale><Icon><href>http://maps.google.com/mapfiles/kml/shapes/dot.png</href></Icon></IconStyle></Style>
  <Point><coordinates>31.418529,-15.397333,690.3</coordinates></Point>
</Placemark>
<Placemark>
  <name>689.7m</name>
  <Style><IconStyle><color>ffFF6600</color><scale>0.3</scale><Icon><href>http://maps.google.com/mapfiles/kml/shapes/dot.png</href></Icon></IconStyle></Style>
  <Point><coordinates>31.418996,-15.397333,689.7</coordinates></Point>
</Placemark>
<Placemark>
  <name>689.7m</name>
  <Style><IconStyle><color>ffFF6600</color><scale>0.3</scale><Icon><href>http://maps.google.com/mapfiles/kml/shapes/dot.png</href></Icon></IconStyle></Style>
  <Point><coordinates>31.419464,-15.397333,689.7</coordinates></Point>
</Placemark>
<Placemark>
  <name>690.6m</name>
  <Style><IconStyle><color>ffFF6600</color><scale>0.3</scale><Icon><href>http://maps.google.com/mapfiles/kml/shapes/dot.png</href></Icon></IconStyle></Style>
  <Point><coordinates>31.419931,-15.397333,690.6</coordinates></Point>
</Placemark>
<Placemark>
  <name>691.8m</name>
  <Style><IconStyle><color>ffFF6600</color><scale>0.3</scale><Icon><href>http://maps.google.com/mapfiles/kml/shapes/dot.png</href></Icon></IconStyle></Style>
  <Point><coordinates>31.420398,-15.397333,691.8</coordinates></Point>
</Placemark>
<Placemark>
  <name>692.2m</name>
  <Style><IconStyle><color>ffFF6600</color><scale>0.3</scale><Icon><href>http://maps.google.com/mapfiles/kml/shapes/dot.png</href></Icon></IconStyle></Style>
  <Point><coordinates>31.420865,-15.397333,692.2</coordinates></Point>
</Placemark>
<Placemark>
  <name>702.2m</name>
  <Style><IconStyle><color>ff00FF66</color><scale>0.3</scale><Icon><href>http://maps.google.com/mapfiles/kml/shapes/dot.png</href></Icon></IconStyle></Style>
  <Point><coordinates>31.411521,-15.397783,702.2</coordinates></Point>
</Placemark>
<Placemark>
  <name>703.2m</name>
  <Style><IconStyle><color>ff00FF66</color><scale>0.3</scale><Icon><href>http://maps.google.com/mapfiles/kml/shapes/dot.png</href></Icon></IconStyle></Style>
  <Point><coordinates>31.411988,-15.397783,703.2</coordinates></Point>
</Placemark>
<Placemark>
  <name>701.7m</name>
  <Style><IconStyle><color>ff00FF66</color><scale>0.3</scale><Icon><href>http://maps.google.com/mapfiles/kml/shapes/dot.png</href></Icon></IconStyle></Style>
  <Point><coordinates>31.412455,-15.397783,701.7</coordinates></Point>
</Placemark>
<Placemark>
  <name>699.1m</name>
  <Style><IconStyle><color>ffFF6600</color><scale>0.3</scale><Icon><href>http://maps.google.com/mapfiles/kml/shapes/dot.png</href></Icon></IconStyle></Style>
  <Point><coordinates>31.412922,-15.397783,699.1</coordinates></Point>
</Placemark>
<Placemark>
  <name>696.5m</name>
  <Style><IconStyle><color>ffFF6600</color><scale>0.3</scale><Icon><href>http://maps.google.com/mapfiles/kml/shapes/dot.png</href></Icon></IconStyle></Style>
  <Point><coordinates>31.413390,-15.397783,696.5</coordinates></Point>
</Placemark>
<Placemark>
  <name>695.1m</name>
  <Style><IconStyle><color>ffFF6600</color><scale>0.3</scale><Icon><href>http://maps.google.com/mapfiles/kml/shapes/dot.png</href></Icon></IconStyle></Style>
  <Point><coordinates>31.413857,-15.397783,695.1</coordinates></Point>
</Placemark>
<Placemark>
  <name>695.3m</name>
  <Style><IconStyle><color>ffFF6600</color><scale>0.3</scale><Icon><href>http://maps.google.com/mapfiles/kml/shapes/dot.png</href></Icon></IconStyle></Style>
  <Point><coordinates>31.414324,-15.397783,695.3</coordinates></Point>
</Placemark>
<Placemark>
  <name>696.6m</name>
  <Style><IconStyle><color>ffFF6600</color><scale>0.3</scale><Icon><href>http://maps.google.com/mapfiles/kml/shapes/dot.png</href></Icon></IconStyle></Style>
  <Point><coordinates>31.414791,-15.397783,696.6</coordinates></Point>
</Placemark>
<Placemark>
  <name>698.0m</name>
  <Style><IconStyle><color>ffFF6600</color><scale>0.3</scale><Icon><href>http://maps.google.com/mapfiles/kml/shapes/dot.png</href></Icon></IconStyle></Style>
  <Point><coordinates>31.415259,-15.397783,698.0</coordinates></Point>
</Placemark>
<Placemark>
  <name>698.8m</name>
  <Style><IconStyle><color>ffFF6600</color><scale>0.3</scale><Icon><href>http://maps.google.com/mapfiles/kml/shapes/dot.png</href></Icon></IconStyle></Style>
  <Point><coordinates>31.415726,-15.397783,698.8</coordinates></Point>
</Placemark>
<Placemark>
  <name>699.2m</name>
  <Style><IconStyle><color>ffFF6600</color><scale>0.3</scale><Icon><href>http://maps.google.com/mapfiles/kml/shapes/dot.png</href></Icon></IconStyle></Style>
  <Point><coordinates>31.416193,-15.397783,699.2</coordinates></Point>
</Placemark>
<Placemark>
  <name>698.6m</name>
  <Style><IconStyle><color>ffFF6600</color><scale>0.3</scale><Icon><href>http://maps.google.com/mapfiles/kml/shapes/dot.png</href></Icon></IconStyle></Style>
  <Point><coordinates>31.416660,-15.397783,698.6</coordinates></Point>
</Placemark>
<Placemark>
  <name>697.0m</name>
  <Style><IconStyle><color>ffFF6600</color><scale>0.3</scale><Icon><href>http://maps.google.com/mapfiles/kml/shapes/dot.png</href></Icon></IconStyle></Style>
  <Point><coordinates>31.417127,-15.397783,697.0</coordinates></Point>
</Placemark>
<Placemark>
  <name>694.7m</name>
  <Style><IconStyle><color>ffFF6600</color><scale>0.3</scale><Icon><href>http://maps.google.com/mapfiles/kml/shapes/dot.png</href></Icon></IconStyle></Style>
  <Point><coordinates>31.417595,-15.397783,694.7</coordinates></Point>
</Placemark>
<Placemark>
  <name>691.6m</name>
  <Style><IconStyle><color>ffFF6600</color><scale>0.3</scale><Icon><href>http://maps.google.com/mapfiles/kml/shapes/dot.png</href></Icon></IconStyle></Style>
  <Point><coordinates>31.418062,-15.397783,691.6</coordinates></Point>
</Placemark>
<Placemark>
  <name>689.9m</name>
  <Style><IconStyle><color>ffFF6600</color><scale>0.3</scale><Icon><href>http://maps.google.com/mapfiles/kml/shapes/dot.png</href></Icon></IconStyle></Style>
  <Point><coordinates>31.418529,-15.397783,689.9</coordinates></Point>
</Placemark>
<Placemark>
  <name>689.1m</name>
  <Style><IconStyle><color>ffFF6600</color><scale>0.3</scale><Icon><href>http://maps.google.com/mapfiles/kml/shapes/dot.png</href></Icon></IconStyle></Style>
  <Point><coordinates>31.418996,-15.397783,689.1</coordinates></Point>
</Placemark>
<Placemark>
  <name>689.1m</name>
  <Style><IconStyle><color>ffFF6600</color><scale>0.3</scale><Icon><href>http://maps.google.com/mapfiles/kml/shapes/dot.png</href></Icon></IconStyle></Style>
  <Point><coordinates>31.419464,-15.397783,689.1</coordinates></Point>
</Placemark>
<Placemark>
  <name>689.2m</name>
  <Style><IconStyle><color>ffFF6600</color><scale>0.3</scale><Icon><href>http://maps.google.com/mapfiles/kml/shapes/dot.png</href></Icon></IconStyle></Style>
  <Point><coordinates>31.419931,-15.397783,689.2</coordinates></Point>
</Placemark>
<Placemark>
  <name>689.6m</name>
  <Style><IconStyle><color>ffFF6600</color><scale>0.3</scale><Icon><href>http://maps.google.com/mapfiles/kml/shapes/dot.png</href></Icon></IconStyle></Style>
  <Point><coordinates>31.420398,-15.397783,689.6</coordinates></Point>
</Placemark>
<Placemark>
  <name>690.7m</name>
  <Style><IconStyle><color>ffFF6600</color><scale>0.3</scale><Icon><href>http://maps.google.com/mapfiles/kml/shapes/dot.png</href></Icon></IconStyle></Style>
  <Point><coordinates>31.420865,-15.397783,690.7</coordinates></Point>
</Placemark>
<Placemark>
  <name>703.7m</name>
  <Style><IconStyle><color>ff00FF66</color><scale>0.3</scale><Icon><href>http://maps.google.com/mapfiles/kml/shapes/dot.png</href></Icon></IconStyle></Style>
  <Point><coordinates>31.411521,-15.398234,703.7</coordinates></Point>
</Placemark>
<Placemark>
  <name>704.5m</name>
  <Style><IconStyle><color>ff00FF66</color><scale>0.3</scale><Icon><href>http://maps.google.com/mapfiles/kml/shapes/dot.png</href></Icon></IconStyle></Style>
  <Point><coordinates>31.411988,-15.398234,704.5</coordinates></Point>
</Placemark>
<Placemark>
  <name>706.2m</name>
  <Style><IconStyle><color>ff00FF66</color><scale>0.3</scale><Icon><href>http://maps.google.com/mapfiles/kml/shapes/dot.png</href></Icon></IconStyle></Style>
  <Point><coordinates>31.412455,-15.398234,706.2</coordinates></Point>
</Placemark>
<Placemark>
  <name>703.0m</name>
  <Style><IconStyle><color>ff00FF66</color><scale>0.3</scale><Icon><href>http://maps.google.com/mapfiles/kml/shapes/dot.png</href></Icon></IconStyle></Style>
  <Point><coordinates>31.412922,-15.398234,703.0</coordinates></Point>
</Placemark>
<Placemark>
  <name>699.7m</name>
  <Style><IconStyle><color>ffFF6600</color><scale>0.3</scale><Icon><href>http://maps.google.com/mapfiles/kml/shapes/dot.png</href></Icon></IconStyle></Style>
  <Point><coordinates>31.413390,-15.398234,699.7</coordinates></Point>
</Placemark>
<Placemark>
  <name>697.9m</name>
  <Style><IconStyle><color>ffFF6600</color><scale>0.3</scale><Icon><href>http://maps.google.com/mapfiles/kml/shapes/dot.png</href></Icon></IconStyle></Style>
  <Point><coordinates>31.413857,-15.398234,697.9</coordinates></Point>
</Placemark>
<Placemark>
  <name>697.9m</name>
  <Style><IconStyle><color>ffFF6600</color><scale>0.3</scale><Icon><href>http://maps.google.com/mapfiles/kml/shapes/dot.png</href></Icon></IconStyle></Style>
  <Point><coordinates>31.414324,-15.398234,697.9</coordinates></Point>
</Placemark>
<Placemark>
  <name>698.9m</name>
  <Style><IconStyle><color>ffFF6600</color><scale>0.3</scale><Icon><href>http://maps.google.com/mapfiles/kml/shapes/dot.png</href></Icon></IconStyle></Style>
  <Point><coordinates>31.414791,-15.398234,698.9</coordinates></Point>
</Placemark>
<Placemark>
  <name>700.3m</name>
  <Style><IconStyle><color>ff00FF66</color><scale>0.3</scale><Icon><href>http://maps.google.com/mapfiles/kml/shapes/dot.png</href></Icon></IconStyle></Style>
  <Point><coordinates>31.415259,-15.398234,700.3</coordinates></Point>
</Placemark>
<Placemark>
  <name>701.4m</name>
  <Style><IconStyle><color>ff00FF66</color><scale>0.3</scale><Icon><href>http://maps.google.com/mapfiles/kml/shapes/dot.png</href></Icon></IconStyle></Style>
  <Point><coordinates>31.415726,-15.398234,701.4</coordinates></Point>
</Placemark>
<Placemark>
  <name>702.4m</name>
  <Style><IconStyle><color>ff00FF66</color><scale>0.3</scale><Icon><href>http://maps.google.com/mapfiles/kml/shapes/dot.png</href></Icon></IconStyle></Style>
  <Point><coordinates>31.416193,-15.398234,702.4</coordinates></Point>
</Placemark>
<Placemark>
  <name>702.9m</name>
  <Style><IconStyle><color>ff00FF66</color><scale>0.3</scale><Icon><href>http://maps.google.com/mapfiles/kml/shapes/dot.png</href></Icon></IconStyle></Style>
  <Point><coordinates>31.416660,-15.398234,702.9</coordinates></Point>
</Placemark>
<Placemark>
  <name>702.0m</name>
  <Style><IconStyle><color>ff00FF66</color><scale>0.3</scale><Icon><href>http://maps.google.com/mapfiles/kml/shapes/dot.png</href></Icon></IconStyle></Style>
  <Point><coordinates>31.417127,-15.398234,702.0</coordinates></Point>
</Placemark>
<Placemark>
  <name>700.3m</name>
  <Style><IconStyle><color>ff00FF66</color><scale>0.3</scale><Icon><href>http://maps.google.com/mapfiles/kml/shapes/dot.png</href></Icon></IconStyle></Style>
  <Point><coordinates>31.417595,-15.398234,700.3</coordinates></Point>
</Placemark>
<Placemark>
  <name>697.3m</name>
  <Style><IconStyle><color>ffFF6600</color><scale>0.3</scale><Icon><href>http://maps.google.com/mapfiles/kml/shapes/dot.png</href></Icon></IconStyle></Style>
  <Point><coordinates>31.418062,-15.398234,697.3</coordinates></Point>
</Placemark>
<Placemark>
  <name>695.6m</name>
  <Style><IconStyle><color>ffFF6600</color><scale>0.3</scale><Icon><href>http://maps.google.com/mapfiles/kml/shapes/dot.png</href></Icon></IconStyle></Style>
  <Point><coordinates>31.418529,-15.398234,695.6</coordinates></Point>
</Placemark>
<Placemark>
  <name>694.3m</name>
  <Style><IconStyle><color>ffFF6600</color><scale>0.3</scale><Icon><href>http://maps.google.com/mapfiles/kml/shapes/dot.png</href></Icon></IconStyle></Style>
  <Point><coordinates>31.418996,-15.398234,694.3</coordinates></Point>
</Placemark>
<Placemark>
  <name>693.1m</name>
  <Style><IconStyle><color>ffFF6600</color><scale>0.3</scale><Icon><href>http://maps.google.com/mapfiles/kml/shapes/dot.png</href></Icon></IconStyle></Style>
  <Point><coordinates>31.419464,-15.398234,693.1</coordinates></Point>
</Placemark>
<Placemark>
  <name>692.0m</name>
  <Style><IconStyle><color>ffFF6600</color><scale>0.3</scale><Icon><href>http://maps.google.com/mapfiles/kml/shapes/dot.png</href></Icon></IconStyle></Style>
  <Point><coordinates>31.419931,-15.398234,692.0</coordinates></Point>
</Placemark>
<Placemark>
  <name>689.8m</name>
  <Style><IconStyle><color>ffFF6600</color><scale>0.3</scale><Icon><href>http://maps.google.com/mapfiles/kml/shapes/dot.png</href></Icon></IconStyle></Style>
  <Point><coordinates>31.420398,-15.398234,689.8</coordinates></Point>
</Placemark>
<Placemark>
  <name>689.1m</name>
  <Style><IconStyle><color>ffFF6600</color><scale>0.3</scale><Icon><href>http://maps.google.com/mapfiles/kml/shapes/dot.png</href></Icon></IconStyle></Style>
  <Point><coordinates>31.420865,-15.398234,689.1</coordinates></Point>
</Placemark>
<Placemark>
  <name>705.3m</name>
  <Style><IconStyle><color>ff00FF66</color><scale>0.3</scale><Icon><href>http://maps.google.com/mapfiles/kml/shapes/dot.png</href></Icon></IconStyle></Style>
  <Point><coordinates>31.411521,-15.398684,705.3</coordinates></Point>
</Placemark>
<Placemark>
  <name>706.2m</name>
  <Style><IconStyle><color>ff00FF66</color><scale>0.3</scale><Icon><href>http://maps.google.com/mapfiles/kml/shapes/dot.png</href></Icon></IconStyle></Style>
  <Point><coordinates>31.411988,-15.398684,706.2</coordinates></Point>
</Placemark>
<Placemark>
  <name>707.5m</name>
  <Style><IconStyle><color>ff00FF66</color><scale>0.3</scale><Icon><href>http://maps.google.com/mapfiles/kml/shapes/dot.png</href></Icon></IconStyle></Style>
  <Point><coordinates>31.412455,-15.398684,707.5</coordinates></Point>
</Placemark>
<Placemark>
  <name>705.9m</name>
  <Style><IconStyle><color>ff00FF66</color><scale>0.3</scale><Icon><href>http://maps.google.com/mapfiles/kml/shapes/dot.png</href></Icon></IconStyle></Style>
  <Point><coordinates>31.412922,-15.398684,705.9</coordinates></Point>
</Placemark>
<Placemark>
  <name>702.0m</name>
  <Style><IconStyle><color>ff00FF66</color><scale>0.3</scale><Icon><href>http://maps.google.com/mapfiles/kml/shapes/dot.png</href></Icon></IconStyle></Style>
  <Point><coordinates>31.413390,-15.398684,702.0</coordinates></Point>
</Placemark>
<Placemark>
  <name>699.7m</name>
  <Style><IconStyle><color>ffFF6600</color><scale>0.3</scale><Icon><href>http://maps.google.com/mapfiles/kml/shapes/dot.png</href></Icon></IconStyle></Style>
  <Point><coordinates>31.413857,-15.398684,699.7</coordinates></Point>
</Placemark>
<Placemark>
  <name>699.0m</name>
  <Style><IconStyle><color>ffFF6600</color><scale>0.3</scale><Icon><href>http://maps.google.com/mapfiles/kml/shapes/dot.png</href></Icon></IconStyle></Style>
  <Point><coordinates>31.414324,-15.398684,699.0</coordinates></Point>
</Placemark>
<Placemark>
  <name>699.5m</name>
  <Style><IconStyle><color>ffFF6600</color><scale>0.3</scale><Icon><href>http://maps.google.com/mapfiles/kml/shapes/dot.png</href></Icon></IconStyle></Style>
  <Point><coordinates>31.414791,-15.398684,699.5</coordinates></Point>
</Placemark>
<Placemark>
  <name>700.7m</name>
  <Style><IconStyle><color>ff00FF66</color><scale>0.3</scale><Icon><href>http://maps.google.com/mapfiles/kml/shapes/dot.png</href></Icon></IconStyle></Style>
  <Point><coordinates>31.415259,-15.398684,700.7</coordinates></Point>
</Placemark>
<Placemark>
  <name>702.0m</name>
  <Style><IconStyle><color>ff00FF66</color><scale>0.3</scale><Icon><href>http://maps.google.com/mapfiles/kml/shapes/dot.png</href></Icon></IconStyle></Style>
  <Point><coordinates>31.415726,-15.398684,702.0</coordinates></Point>
</Placemark>
<Placemark>
  <name>703.4m</name>
  <Style><IconStyle><color>ff00FF66</color><scale>0.3</scale><Icon><href>http://maps.google.com/mapfiles/kml/shapes/dot.png</href></Icon></IconStyle></Style>
  <Point><coordinates>31.416193,-15.398684,703.4</coordinates></Point>
</Placemark>
<Placemark>
  <name>704.6m</name>
  <Style><IconStyle><color>ff00FF66</color><scale>0.3</scale><Icon><href>http://maps.google.com/mapfiles/kml/shapes/dot.png</href></Icon></IconStyle></Style>
  <Point><coordinates>31.416660,-15.398684,704.6</coordinates></Point>
</Placemark>
<Placemark>
  <name>704.6m</name>
  <Style><IconStyle><color>ff00FF66</color><scale>0.3</scale><Icon><href>http://maps.google.com/mapfiles/kml/shapes/dot.png</href></Icon></IconStyle></Style>
  <Point><coordinates>31.417127,-15.398684,704.6</coordinates></Point>
</Placemark>
<Placemark>
  <name>703.7m</name>
  <Style><IconStyle><color>ff00FF66</color><scale>0.3</scale><Icon><href>http://maps.google.com/mapfiles/kml/shapes/dot.png</href></Icon></IconStyle></Style>
  <Point><coordinates>31.417595,-15.398684,703.7</coordinates></Point>
</Placemark>
<Placemark>
  <name>701.6m</name>
  <Style><IconStyle><color>ff00FF66</color><scale>0.3</scale><Icon><href>http://maps.google.com/mapfiles/kml/shapes/dot.png</href></Icon></IconStyle></Style>
  <Point><coordinates>31.418062,-15.398684,701.6</coordinates></Point>
</Placemark>
<Placemark>
  <name>700.7m</name>
  <Style><IconStyle><color>ff00FF66</color><scale>0.3</scale><Icon><href>http://maps.google.com/mapfiles/kml/shapes/dot.png</href></Icon></IconStyle></Style>
  <Point><coordinates>31.418529,-15.398684,700.7</coordinates></Point>
</Placemark>
<Placemark>
  <name>699.8m</name>
  <Style><IconStyle><color>ffFF6600</color><scale>0.3</scale><Icon><href>http://maps.google.com/mapfiles/kml/shapes/dot.png</href></Icon></IconStyle></Style>
  <Point><coordinates>31.418996,-15.398684,699.8</coordinates></Point>
</Placemark>
<Placemark>
  <name>698.2m</name>
  <Style><IconStyle><color>ffFF6600</color><scale>0.3</scale><Icon><href>http://maps.google.com/mapfiles/kml/shapes/dot.png</href></Icon></IconStyle></Style>
  <Point><coordinates>31.419464,-15.398684,698.2</coordinates></Point>
</Placemark>
<Placemark>
  <name>695.0m</name>
  <Style><IconStyle><color>ffFF6600</color><scale>0.3</scale><Icon><href>http://maps.google.com/mapfiles/kml/shapes/dot.png</href></Icon></IconStyle></Style>
  <Point><coordinates>31.419931,-15.398684,695.0</coordinates></Point>
</Placemark>
<Placemark>
  <name>692.0m</name>
  <Style><IconStyle><color>ffFF6600</color><scale>0.3</scale><Icon><href>http://maps.google.com/mapfiles/kml/shapes/dot.png</href></Icon></IconStyle></Style>
  <Point><coordinates>31.420398,-15.398684,692.0</coordinates></Point>
</Placemark>
<Placemark>
  <name>690.8m</name>
  <Style><IconStyle><color>ffFF6600</color><scale>0.3</scale><Icon><href>http://maps.google.com/mapfiles/kml/shapes/dot.png</href></Icon></IconStyle></Style>
  <Point><coordinates>31.420865,-15.398684,690.8</coordinates></Point>
</Placemark>
<Placemark>
  <name>706.2m</name>
  <Style><IconStyle><color>ff00FF66</color><scale>0.3</scale><Icon><href>http://maps.google.com/mapfiles/kml/shapes/dot.png</href></Icon></IconStyle></Style>
  <Point><coordinates>31.411521,-15.399135,706.2</coordinates></Point>
</Placemark>
<Placemark>
  <name>707.5m</name>
  <Style><IconStyle><color>ff00FF66</color><scale>0.3</scale><Icon><href>http://maps.google.com/mapfiles/kml/shapes/dot.png</href></Icon></IconStyle></Style>
  <Point><coordinates>31.411988,-15.399135,707.5</coordinates></Point>
</Placemark>
<Placemark>
  <name>706.0m</name>
  <Style><IconStyle><color>ff00FF66</color><scale>0.3</scale><Icon><href>http://maps.google.com/mapfiles/kml/shapes/dot.png</href></Icon></IconStyle></Style>
  <Point><coordinates>31.412455,-15.399135,706.0</coordinates></Point>
</Placemark>
<Placemark>
  <name>704.6m</name>
  <Style><IconStyle><color>ff00FF66</color><scale>0.3</scale><Icon><href>http://maps.google.com/mapfiles/kml/shapes/dot.png</href></Icon></IconStyle></Style>
  <Point><coordinates>31.412922,-15.399135,704.6</coordinates></Point>
</Placemark>
<Placemark>
  <name>702.6m</name>
  <Style><IconStyle><color>ff00FF66</color><scale>0.3</scale><Icon><href>http://maps.google.com/mapfiles/kml/shapes/dot.png</href></Icon></IconStyle></Style>
  <Point><coordinates>31.413390,-15.399135,702.6</coordinates></Point>
</Placemark>
<Placemark>
  <name>699.3m</name>
  <Style><IconStyle><color>ffFF6600</color><scale>0.3</scale><Icon><href>http://maps.google.com/mapfiles/kml/shapes/dot.png</href></Icon></IconStyle></Style>
  <Point><coordinates>31.413857,-15.399135,699.3</coordinates></Point>
</Placemark>
<Placemark>
  <name>697.8m</name>
  <Style><IconStyle><color>ffFF6600</color><scale>0.3</scale><Icon><href>http://maps.google.com/mapfiles/kml/shapes/dot.png</href></Icon></IconStyle></Style>
  <Point><coordinates>31.414324,-15.399135,697.8</coordinates></Point>
</Placemark>
<Placemark>
  <name>697.5m</name>
  <Style><IconStyle><color>ffFF6600</color><scale>0.3</scale><Icon><href>http://maps.google.com/mapfiles/kml/shapes/dot.png</href></Icon></IconStyle></Style>
  <Point><coordinates>31.414791,-15.399135,697.5</coordinates></Point>
</Placemark>
<Placemark>
  <name>698.2m</name>
  <Style><IconStyle><color>ffFF6600</color><scale>0.3</scale><Icon><href>http://maps.google.com/mapfiles/kml/shapes/dot.png</href></Icon></IconStyle></Style>
  <Point><coordinates>31.415259,-15.399135,698.2</coordinates></Point>
</Placemark>
<Placemark>
  <name>699.4m</name>
  <Style><IconStyle><color>ffFF6600</color><scale>0.3</scale><Icon><href>http://maps.google.com/mapfiles/kml/shapes/dot.png</href></Icon></IconStyle></Style>
  <Point><coordinates>31.415726,-15.399135,699.4</coordinates></Point>
</Placemark>
<Placemark>
  <name>700.6m</name>
  <Style><IconStyle><color>ff00FF66</color><scale>0.3</scale><Icon><href>http://maps.google.com/mapfiles/kml/shapes/dot.png</href></Icon></IconStyle></Style>
  <Point><coordinates>31.416193,-15.399135,700.6</coordinates></Point>
</Placemark>
<Placemark>
  <name>701.4m</name>
  <Style><IconStyle><color>ff00FF66</color><scale>0.3</scale><Icon><href>http://maps.google.com/mapfiles/kml/shapes/dot.png</href></Icon></IconStyle></Style>
  <Point><coordinates>31.416660,-15.399135,701.4</coordinates></Point>
</Placemark>
<Placemark>
  <name>702.0m</name>
  <Style><IconStyle><color>ff00FF66</color><scale>0.3</scale><Icon><href>http://maps.google.com/mapfiles/kml/shapes/dot.png</href></Icon></IconStyle></Style>
  <Point><coordinates>31.417127,-15.399135,702.0</coordinates></Point>
</Placemark>
<Placemark>
  <name>702.3m</name>
  <Style><IconStyle><color>ff00FF66</color><scale>0.3</scale><Icon><href>http://maps.google.com/mapfiles/kml/shapes/dot.png</href></Icon></IconStyle></Style>
  <Point><coordinates>31.417595,-15.399135,702.3</coordinates></Point>
</Placemark>
<Placemark>
  <name>701.9m</name>
  <Style><IconStyle><color>ff00FF66</color><scale>0.3</scale><Icon><href>http://maps.google.com/mapfiles/kml/shapes/dot.png</href></Icon></IconStyle></Style>
  <Point><coordinates>31.418062,-15.399135,701.9</coordinates></Point>
</Placemark>
<Placemark>
  <name>703.2m</name>
  <Style><IconStyle><color>ff00FF66</color><scale>0.3</scale><Icon><href>http://maps.google.com/mapfiles/kml/shapes/dot.png</href></Icon></IconStyle></Style>
  <Point><coordinates>31.418529,-15.399135,703.2</coordinates></Point>
</Placemark>
<Placemark>
  <name>704.2m</name>
  <Style><IconStyle><color>ff00FF66</color><scale>0.3</scale><Icon><href>http://maps.google.com/mapfiles/kml/shapes/dot.png</href></Icon></IconStyle></Style>
  <Point><coordinates>31.418996,-15.399135,704.2</coordinates></Point>
</Placemark>
<Placemark>
  <name>701.5m</name>
  <Style><IconStyle><color>ff00FF66</color><scale>0.3</scale><Icon><href>http://maps.google.com/mapfiles/kml/shapes/dot.png</href></Icon></IconStyle></Style>
  <Point><coordinates>31.419464,-15.399135,701.5</coordinates></Point>
</Placemark>
<Placemark>
  <name>698.8m</name>
  <Style><IconStyle><color>ffFF6600</color><scale>0.3</scale><Icon><href>http://maps.google.com/mapfiles/kml/shapes/dot.png</href></Icon></IconStyle></Style>
  <Point><coordinates>31.419931,-15.399135,698.8</coordinates></Point>
</Placemark>
<Placemark>
  <name>695.0m</name>
  <Style><IconStyle><color>ffFF6600</color><scale>0.3</scale><Icon><href>http://maps.google.com/mapfiles/kml/shapes/dot.png</href></Icon></IconStyle></Style>
  <Point><coordinates>31.420398,-15.399135,695.0</coordinates></Point>
</Placemark>
<Placemark>
  <name>692.0m</name>
  <Style><IconStyle><color>ffFF6600</color><scale>0.3</scale><Icon><href>http://maps.google.com/mapfiles/kml/shapes/dot.png</href></Icon></IconStyle></Style>
  <Point><coordinates>31.420865,-15.399135,692.0</coordinates></Point>
</Placemark>
<Placemark>
  <name>707.5m</name>
  <Style><IconStyle><color>ff00FF66</color><scale>0.3</scale><Icon><href>http://maps.google.com/mapfiles/kml/shapes/dot.png</href></Icon></IconStyle></Style>
  <Point><coordinates>31.411521,-15.399585,707.5</coordinates></Point>
</Placemark>
<Placemark>
  <name>706.0m</name>
  <Style><IconStyle><color>ff00FF66</color><scale>0.3</scale><Icon><href>http://maps.google.com/mapfiles/kml/shapes/dot.png</href></Icon></IconStyle></Style>
  <Point><coordinates>31.411988,-15.399585,706.0</coordinates></Point>
</Placemark>
<Placemark>
  <name>704.6m</name>
  <Style><IconStyle><color>ff00FF66</color><scale>0.3</scale><Icon><href>http://maps.google.com/mapfiles/kml/shapes/dot.png</href></Icon></IconStyle></Style>
  <Point><coordinates>31.412455,-15.399585,704.6</coordinates></Point>
</Placemark>
<Placemark>
  <name>702.6m</name>
  <Style><IconStyle><color>ff00FF66</color><scale>0.3</scale><Icon><href>http://maps.google.com/mapfiles/kml/shapes/dot.png</href></Icon></IconStyle></Style>
  <Point><coordinates>31.412922,-15.399585,702.6</coordinates></Point>
</Placemark>
<Placemark>
  <name>701.0m</name>
  <Style><IconStyle><color>ff00FF66</color><scale>0.3</scale><Icon><href>http://maps.google.com/mapfiles/kml/shapes/dot.png</href></Icon></IconStyle></Style>
  <Point><coordinates>31.413390,-15.399585,701.0</coordinates></Point>
</Placemark>
<Placemark>
  <name>699.9m</name>
  <Style><IconStyle><color>ffFF6600</color><scale>0.3</scale><Icon><href>http://maps.google.com/mapfiles/kml/shapes/dot.png</href></Icon></IconStyle></Style>
  <Point><coordinates>31.413857,-15.399585,699.9</coordinates></Point>
</Placemark>
<Placemark>
  <name>699.0m</name>
  <Style><IconStyle><color>ffFF6600</color><scale>0.3</scale><Icon><href>http://maps.google.com/mapfiles/kml/shapes/dot.png</href></Icon></IconStyle></Style>
  <Point><coordinates>31.414324,-15.399585,699.0</coordinates></Point>
</Placemark>
<Placemark>
  <name>698.0m</name>
  <Style><IconStyle><color>ffFF6600</color><scale>0.3</scale><Icon><href>http://maps.google.com/mapfiles/kml/shapes/dot.png</href></Icon></IconStyle></Style>
  <Point><coordinates>31.414791,-15.399585,698.0</coordinates></Point>
</Placemark>
<Placemark>
  <name>697.6m</name>
  <Style><IconStyle><color>ffFF6600</color><scale>0.3</scale><Icon><href>http://maps.google.com/mapfiles/kml/shapes/dot.png</href></Icon></IconStyle></Style>
  <Point><coordinates>31.415259,-15.399585,697.6</coordinates></Point>
</Placemark>
<Placemark>
  <name>697.4m</name>
  <Style><IconStyle><color>ffFF6600</color><scale>0.3</scale><Icon><href>http://maps.google.com/mapfiles/kml/shapes/dot.png</href></Icon></IconStyle></Style>
  <Point><coordinates>31.415726,-15.399585,697.4</coordinates></Point>
</Placemark>
<Placemark>
  <name>697.4m</name>
  <Style><IconStyle><color>ffFF6600</color><scale>0.3</scale><Icon><href>http://maps.google.com/mapfiles/kml/shapes/dot.png</href></Icon></IconStyle></Style>
  <Point><coordinates>31.416193,-15.399585,697.4</coordinates></Point>
</Placemark>
<Placemark>
  <name>697.7m</name>
  <Style><IconStyle><color>ffFF6600</color><scale>0.3</scale><Icon><href>http://maps.google.com/mapfiles/kml/shapes/dot.png</href></Icon></IconStyle></Style>
  <Point><coordinates>31.416660,-15.399585,697.7</coordinates></Point>
</Placemark>
<Placemark>
  <name>698.6m</name>
  <Style><IconStyle><color>ffFF6600</color><scale>0.3</scale><Icon><href>http://maps.google.com/mapfiles/kml/shapes/dot.png</href></Icon></IconStyle></Style>
  <Point><coordinates>31.417127,-15.399585,698.6</coordinates></Point>
</Placemark>
<Placemark>
  <name>699.4m</name>
  <Style><IconStyle><color>ffFF6600</color><scale>0.3</scale><Icon><href>http://maps.google.com/mapfiles/kml/shapes/dot.png</href></Icon></IconStyle></Style>
  <Point><coordinates>31.417595,-15.399585,699.4</coordinates></Point>
</Placemark>
<Placemark>
  <name>699.8m</name>
  <Style><IconStyle><color>ffFF6600</color><scale>0.3</scale><Icon><href>http://maps.google.com/mapfiles/kml/shapes/dot.png</href></Icon></IconStyle></Style>
  <Point><coordinates>31.418062,-15.399585,699.8</coordinates></Point>
</Placemark>
<Placemark>
  <name>702.4m</name>
  <Style><IconStyle><color>ff00FF66</color><scale>0.3</scale><Icon><href>http://maps.google.com/mapfiles/kml/shapes/dot.png</href></Icon></IconStyle></Style>
  <Point><coordinates>31.418529,-15.399585,702.4</coordinates></Point>
</Placemark>
<Placemark>
  <name>704.1m</name>
  <Style><IconStyle><color>ff00FF66</color><scale>0.3</scale><Icon><href>http://maps.google.com/mapfiles/kml/shapes/dot.png</href></Icon></IconStyle></Style>
  <Point><coordinates>31.418996,-15.399585,704.1</coordinates></Point>
</Placemark>
<Placemark>
  <name>704.2m</name>
  <Style><IconStyle><color>ff00FF66</color><scale>0.3</scale><Icon><href>http://maps.google.com/mapfiles/kml/shapes/dot.png</href></Icon></IconStyle></Style>
  <Point><coordinates>31.419464,-15.399585,704.2</coordinates></Point>
</Placemark>
<Placemark>
  <name>701.5m</name>
  <Style><IconStyle><color>ff00FF66</color><scale>0.3</scale><Icon><href>http://maps.google.com/mapfiles/kml/shapes/dot.png</href></Icon></IconStyle></Style>
  <Point><coordinates>31.419931,-15.399585,701.5</coordinates></Point>
</Placemark>
<Placemark>
  <name>698.8m</name>
  <Style><IconStyle><color>ffFF6600</color><scale>0.3</scale><Icon><href>http://maps.google.com/mapfiles/kml/shapes/dot.png</href></Icon></IconStyle></Style>
  <Point><coordinates>31.420398,-15.399585,698.8</coordinates></Point>
</Placemark>
<Placemark>
  <name>695.0m</name>
  <Style><IconStyle><color>ffFF6600</color><scale>0.3</scale><Icon><href>http://maps.google.com/mapfiles/kml/shapes/dot.png</href></Icon></IconStyle></Style>
  <Point><coordinates>31.420865,-15.399585,695.0</coordinates></Point>
</Placemark>
<Placemark>
  <name>706.0m</name>
  <Style><IconStyle><color>ff00FF66</color><scale>0.3</scale><Icon><href>http://maps.google.com/mapfiles/kml/shapes/dot.png</href></Icon></IconStyle></Style>
  <Point><coordinates>31.411521,-15.400036,706.0</coordinates></Point>
</Placemark>
<Placemark>
  <name>704.6m</name>
  <Style><IconStyle><color>ff00FF66</color><scale>0.3</scale><Icon><href>http://maps.google.com/mapfiles/kml/shapes/dot.png</href></Icon></IconStyle></Style>
  <Point><coordinates>31.411988,-15.400036,704.6</coordinates></Point>
</Placemark>
<Placemark>
  <name>702.6m</name>
  <Style><IconStyle><color>ff00FF66</color><scale>0.3</scale><Icon><href>http://maps.google.com/mapfiles/kml/shapes/dot.png</href></Icon></IconStyle></Style>
  <Point><coordinates>31.412455,-15.400036,702.6</coordinates></Point>
</Placemark>
<Placemark>
  <name>701.7m</name>
  <Style><IconStyle><color>ff00FF66</color><scale>0.3</scale><Icon><href>http://maps.google.com/mapfiles/kml/shapes/dot.png</href></Icon></IconStyle></Style>
  <Point><coordinates>31.412922,-15.400036,701.7</coordinates></Point>
</Placemark>
<Placemark>
  <name>700.4m</name>
  <Style><IconStyle><color>ff00FF66</color><scale>0.3</scale><Icon><href>http://maps.google.com/mapfiles/kml/shapes/dot.png</href></Icon></IconStyle></Style>
  <Point><coordinates>31.413390,-15.400036,700.4</coordinates></Point>
</Placemark>
<Placemark>
  <name>699.3m</name>
  <Style><IconStyle><color>ffFF6600</color><scale>0.3</scale><Icon><href>http://maps.google.com/mapfiles/kml/shapes/dot.png</href></Icon></IconStyle></Style>
  <Point><coordinates>31.413857,-15.400036,699.3</coordinates></Point>
</Placemark>
<Placemark>
  <name>699.0m</name>
  <Style><IconStyle><color>ffFF6600</color><scale>0.3</scale><Icon><href>http://maps.google.com/mapfiles/kml/shapes/dot.png</href></Icon></IconStyle></Style>
  <Point><coordinates>31.414324,-15.400036,699.0</coordinates></Point>
</Placemark>
<Placemark>
  <name>698.4m</name>
  <Style><IconStyle><color>ffFF6600</color><scale>0.3</scale><Icon><href>http://maps.google.com/mapfiles/kml/shapes/dot.png</href></Icon></IconStyle></Style>
  <Point><coordinates>31.414791,-15.400036,698.4</coordinates></Point>
</Placemark>
<Placemark>
  <name>697.3m</name>
  <Style><IconStyle><color>ffFF6600</color><scale>0.3</scale><Icon><href>http://maps.google.com/mapfiles/kml/shapes/dot.png</href></Icon></IconStyle></Style>
  <Point><coordinates>31.415259,-15.400036,697.3</coordinates></Point>
</Placemark>
<Placemark>
  <name>695.9m</name>
  <Style><IconStyle><color>ffFF6600</color><scale>0.3</scale><Icon><href>http://maps.google.com/mapfiles/kml/shapes/dot.png</href></Icon></IconStyle></Style>
  <Point><coordinates>31.415726,-15.400036,695.9</coordinates></Point>
</Placemark>
<Placemark>
  <name>694.6m</name>
  <Style><IconStyle><color>ffFF6600</color><scale>0.3</scale><Icon><href>http://maps.google.com/mapfiles/kml/shapes/dot.png</href></Icon></IconStyle></Style>
  <Point><coordinates>31.416193,-15.400036,694.6</coordinates></Point>
</Placemark>
<Placemark>
  <name>694.5m</name>
  <Style><IconStyle><color>ffFF6600</color><scale>0.3</scale><Icon><href>http://maps.google.com/mapfiles/kml/shapes/dot.png</href></Icon></IconStyle></Style>
  <Point><coordinates>31.416660,-15.400036,694.5</coordinates></Point>
</Placemark>
<Placemark>
  <name>695.6m</name>
  <Style><IconStyle><color>ffFF6600</color><scale>0.3</scale><Icon><href>http://maps.google.com/mapfiles/kml/shapes/dot.png</href></Icon></IconStyle></Style>
  <Point><coordinates>31.417127,-15.400036,695.6</coordinates></Point>
</Placemark>
<Placemark>
  <name>697.4m</name>
  <Style><IconStyle><color>ffFF6600</color><scale>0.3</scale><Icon><href>http://maps.google.com/mapfiles/kml/shapes/dot.png</href></Icon></IconStyle></Style>
  <Point><coordinates>31.417595,-15.400036,697.4</coordinates></Point>
</Placemark>
<Placemark>
  <name>698.8m</name>
  <Style><IconStyle><color>ffFF6600</color><scale>0.3</scale><Icon><href>http://maps.google.com/mapfiles/kml/shapes/dot.png</href></Icon></IconStyle></Style>
  <Point><coordinates>31.418062,-15.400036,698.8</coordinates></Point>
</Placemark>
<Placemark>
  <name>700.9m</name>
  <Style><IconStyle><color>ff00FF66</color><scale>0.3</scale><Icon><href>http://maps.google.com/mapfiles/kml/shapes/dot.png</href></Icon></IconStyle></Style>
  <Point><coordinates>31.418529,-15.400036,700.9</coordinates></Point>
</Placemark>
<Placemark>
  <name>703.1m</name>
  <Style><IconStyle><color>ff00FF66</color><scale>0.3</scale><Icon><href>http://maps.google.com/mapfiles/kml/shapes/dot.png</href></Icon></IconStyle></Style>
  <Point><coordinates>31.418996,-15.400036,703.1</coordinates></Point>
</Placemark>
<Placemark>
  <name>705.0m</name>
  <Style><IconStyle><color>ff00FF66</color><scale>0.3</scale><Icon><href>http://maps.google.com/mapfiles/kml/shapes/dot.png</href></Icon></IconStyle></Style>
  <Point><coordinates>31.419464,-15.400036,705.0</coordinates></Point>
</Placemark>
<Placemark>
  <name>704.2m</name>
  <Style><IconStyle><color>ff00FF66</color><scale>0.3</scale><Icon><href>http://maps.google.com/mapfiles/kml/shapes/dot.png</href></Icon></IconStyle></Style>
  <Point><coordinates>31.419931,-15.400036,704.2</coordinates></Point>
</Placemark>
<Placemark>
  <name>701.5m</name>
  <Style><IconStyle><color>ff00FF66</color><scale>0.3</scale><Icon><href>http://maps.google.com/mapfiles/kml/shapes/dot.png</href></Icon></IconStyle></Style>
  <Point><coordinates>31.420398,-15.400036,701.5</coordinates></Point>
</Placemark>
<Placemark>
  <name>698.8m</name>
  <Style><IconStyle><color>ffFF6600</color><scale>0.3</scale><Icon><href>http://maps.google.com/mapfiles/kml/shapes/dot.png</href></Icon></IconStyle></Style>
  <Point><coordinates>31.420865,-15.400036,698.8</coordinates></Point>
</Placemark>
</Folder>
<Placemark>
  <name>★ Alluvial Point (-15.395531, 31.416193)</name>
  <Style><IconStyle><color>ff0000ff</color><scale>2.0</scale><Icon><href>http://maps.google.com/mapfiles/kml/shapes/star.png</href></Icon></IconStyle></Style>
  <Point><coordinates>31.416193,-15.395531,694.6</coordinates></Point>
</Placemark>
<Placemark>
  <name>Search Radius (500m)</name>
  <Style><LineStyle><color>ff00ff00</color><width>2</width></LineStyle><PolyStyle><fill>0</fill></PolyStyle></Style>
  <LineString><tessellate>1</tessellate><coordinates>31.420865,-15.395531,0 31.420862,-15.395374,0 31.420854,-15.395217,0 31.420840,-15.395060,0 31.420820,-15.394904,0 31.420794,-15.394749,0 31.420763,-15.394594,0 31.420726,-15.394441,0 31.420684,-15.394289,0 31.420636,-15.394139,0 31.420583,-15.393990,0 31.420525,-15.393844,0 31.420461,-15.393699,0 31.420392,-15.393556,0 31.420318,-15.393416,0 31.420239,-15.393279,0 31.420155,-15.393144,0 31.420066,-15.393012,0 31.419973,-15.392883,0 31.419875,-15.392758,0 31.419772,-15.392636,0 31.419665,-15.392517,0 31.419554,-15.392402,0 31.419439,-15.392291,0 31.419319,-15.392184,0 31.419196,-15.392080,0 31.419069,-15.391981,0 31.418939,-15.391887,0 31.418806,-15.391797,0 31.418669,-15.391711,0 31.418529,-15.391630,0 31.418386,-15.391554,0 31.418241,-15.391482,0 31.418093,-15.391416,0 31.417943,-15.391354,0 31.417791,-15.391298,0 31.417637,-15.391247,0 31.417481,-15.391201,0 31.417323,-15.391160,0 31.417164,-15.391125,0 31.417004,-15.391095,0 31.416843,-15.391070,0 31.416681,-15.391051,0 31.416519,-15.391037,0 31.416356,-15.391029,0 31.416193,-15.391026,0 31.416030,-15.391029,0 31.415867,-15.391037,0 31.415705,-15.391051,0 31.415543,-15.391070,0 31.415382,-15.391095,0 31.415222,-15.391125,0 31.415063,-15.391160,0 31.414905,-15.391201,0 31.414749,-15.391247,0 31.414595,-15.391298,0 31.414443,-15.391354,0 31.414293,-15.391416,0 31.414145,-15.391482,0 31.414000,-15.391554,0 31.413857,-15.391630,0 31.413717,-15.391711,0 31.413580,-15.391797,0 31.413447,-15.391887,0 31.413317,-15.391981,0 31.413190,-15.392080,0 31.413067,-15.392184,0 31.412947,-15.392291,0 31.412832,-15.392402,0 31.412721,-15.392517,0 31.412614,-15.392636,0 31.412511,-15.392758,0 31.412413,-15.392883,0 31.412320,-15.393012,0 31.412231,-15.393144,0 31.412147,-15.393279,0 31.412068,-15.393416,0 31.411994,-15.393556,0 31.411925,-15.393699,0 31.411861,-15.393844,0 31.411803,-15.393990,0 31.411750,-15.394139,0 31.411702,-15.394289,0 31.411660,-15.394441,0 31.411623,-15.394594,0 31.411592,-15.394749,0 31.411566,-15.394904,0 31.411546,-15.395060,0 31.411532,-15.395217,0 31.411524,-15.395374,0 31.411521,-15.395531,0 31.411524,-15.395688,0 31.411532,-15.395845,0 31.411546,-15.396002,0 31.411566,-15.396158,0 31.411592,-15.396313,0 31.411623,-15.396468,0 31.411660,-15.396621,0 31.411702,-15.396773,0 31.411750,-15.396923,0 31.411803,-15.397072,0 31.411861,-15.397218,0 31.411925,-15.397363,0 31.411994,-15.397506,0 31.412068,-15.397646,0 31.412147,-15.397783,0 31.412231,-15.397918,0 31.412320,-15.398050,0 31.412413,-15.398179,0 31.412511,-15.398304,0 31.412614,-15.398426,0 31.412721,-15.398545,0 31.412832,-15.398660,0 31.412947,-15.398771,0 31.413067,-15.398878,0 31.413190,-15.398982,0 31.413317,-15.399081,0 31.413447,-15.399175,0 31.413580,-15.399265,0 31.413717,-15.399351,0 31.413857,-15.399432,0 31.414000,-15.399508,0 31.414145,-15.399580,0 31.414293,-15.399646,0 31.414443,-15.399708,0 31.414595,-15.399764,0 31.414749,-15.399815,0 31.414905,-15.399861,0 31.415063,-15.399902,0 31.415222,-15.399937,0 31.415382,-15.399967,0 31.415543,-15.399992,0 31.415705,-15.400011,0 31.415867,-15.400025,0 31.416030,-15.400033,0 31.416193,-15.400036,0 31.416356,-15.400033,0 31.416519,-15.400025,0 31.416681,-15.400011,0 31.416843,-15.399992,0 31.417004,-15.399967,0 31.417164,-15.399937,0 31.417323,-15.399902,0 31.417481,-15.399861,0 31.417637,-15.399815,0 31.417791,-15.399764,0 31.417943,-15.399708,0 31.418093,-15.399646,0 31.418241,-15.399580,0 31.418386,-15.399508,0 31.418529,-15.399432,0 31.418669,-15.399351,0 31.418806,-15.399265,0 31.418939,-15.399175,0 31.419069,-15.399081,0 31.419196,-15.398982,0 31.419319,-15.398878,0 31.419439,-15.398771,0 31.419554,-15.398660,0 31.419665,-15.398545,0 31.419772,-15.398426,0 31.419875,-15.398304,0 31.419973,-15.398179,0 31.420066,-15.398050,0 31.420155,-15.397918,0 31.420239,-15.397783,0 31.420318,-15.397646,0 31.420392,-15.397506,0 31.420461,-15.397363,0 31.420525,-15.397218,0 31.420583,-15.397072,0 31.420636,-15.396923,0 31.420684,-15.396773,0 31.420726,-15.396621,0 31.420763,-15.396468,0 31.420794,-15.396313,0 31.420820,-15.396158,0 31.420840,-15.396002,0 31.420854,-15.395845,0 31.420862,-15.395688,0</coordinates></LineString>
</Placemark>
</Document>
</kml>