<?xml version="1.0" encoding="UTF-8"?>
<kml xmlns="http://www.opengis.net/kml/2.2" xmlns:gx="http://www.google.com/kml/ext/2.2" xmlns:kml="http://www.opengis.net/kml/2.2" xmlns:atom="http://www.w3.org/2005/Atom">
<Document>
	<name>i want elevation of these points.kmz</name>
	<StyleMap id="inline">
		<Pair>
			<key>normal</key>
			<styleUrl>#inline1</styleUrl>
		</Pair>
		<Pair>
			<key>highlight</key>
			<styleUrl>#inline0</styleUrl>
		</Pair>
	</StyleMap>
	<Style id="inline0">
		<LineStyle>
			<color>ffff0000</color>
			<width>10</width>
		</LineStyle>
	</Style>
	<Style id="inline1">
		<LineStyle>
			<color>ffff0000</color>
			<width>10</width>
		</LineStyle>
	</Style>
	<Placemark>
		<name>i want elevation of these points</name>
		<styleUrl>#inline</styleUrl>
		<LineString>
			<tessellate>1</tessellate>
			<coordinates>
				31.4163333687579,-15.39531739090985,0 31.41630312642953,-15.39534594764112,0 31.4162639789955,-15.39539966868123,0 31.41622539230592,-15.39545262040993,0 31.41605506048093,-15.39570139591292,0 31.41595266541904,-15.39582012833501,0 31.41583246695992,-15.39595631610846,0 31.41577907083004,-15.39601322036062,0 31.41576390542749,-15.39603271853427,0 31.41573780613304,-15.39606051463541,0 31.41567014630748,-15.39615326710958,0 31.41562499750015,-15.39620007724149,0 31.41562810251235,-15.39621294094135,0 31.41564444250607,-15.39620321622868,0 31.41567154614429,-15.3961854385566,0 31.41574848253426,-15.39613294525592,0 31.41585243503479,-15.39604193529912,0 31.41598903953742,-15.39591766071716,0 31.41616278288387,-15.39572472603104,0 31.41633289076829,-15.39550361232234,0 31.41637736012672,-15.39543781962049,0 31.41644216250307,-15.3953188012281,0 31.41649372368423,-15.39522501277271,0 31.41655717559486,-15.39508389653865,0 31.41656140726635,-15.39505881851459,0 31.41648768494157,-15.39518184957378,0 31.41638504760554,-15.39532459635842,0 31.4162591965511,-15.39552047747707,0 31.41617785523342,-15.39563037463263,0 31.41601797053782,-15.39585753780533,0 31.41573799954723,-15.39619737061932,0 31.415649770419,-15.39630269669324,0 31.41555470597982,-15.39641140328582,0 31.41551411250981,-15.39646257106054,0 31.41552061717934,-15.39646516996738,0 31.41554617960639,-15.39644927590754,0 31.41562130258841,-15.39638803519811,0 31.41571017502146,-15.39629399980566,0 31.41587959813554,-15.39610076085799,0 31.41627310865203,-15.39552062569793,0 31.41649805923745,-15.39514892814003,0 31.41658149805057,-15.39497985625143,0 31.4166493522843,-15.39484287825017,0 31.41665609385964,-15.39483385348006,0 31.41662478162933,-15.39489573154564,0 31.41652162537563,-15.39504649707614,0 31.41644797037945,-15.39516391565442,0 31.41624958045172,-15.39547029804303,0 31.41571078114511,-15.39616373523776,0 31.41547462278321,-15.39642091111144,0 31.4154106741542,-15.39648687728333,0 31.41539942105726,-15.39648996942234,0 31.41565168469901,-15.39623328819781,0 31.41591458114807,-15.39595778407291,0 31.41627789748314,-15.39554568257403,0 31.41640715471062,-15.39536581176288,0 31.41669912452929,-15.39498296885176,0 31.41678243571923,-15.39488127911999,0 31.41670372422263,-15.39495717544812,0 31.41663515904368,-15.3950336347977,0 31.41641407340582,-15.39528524438185,0 31.41603270835132,-15.39569937020197,0 31.4155869689204,-15.3961197496691,0 31.4150574738641,-15.39655486094128,0 31.41489652181753,-15.396669511764,0 31.41482792394723,-15.39671411396844,0 31.41490695408678,-15.3966162711298,0 31.41509824915132,-15.39642017795786,0 31.4153771024692,-15.39611247875336,0 31.41553625131686,-15.39593588615231,0 31.41583039605563,-15.39559285496308,0 31.41607418135841,-15.39528624150442,0 31.41629951980654,-15.39501572712365,0 31.41632047721085,-15.39500640195453,0 31.41628583890826,-15.39506163487506,0 31.41619669999177,-15.39517341795493,0 31.41600843235957,-15.3953948171518,0 31.41557284525538,-15.39587970075236,0 31.41531120613667,-15.39613543021579,0 31.41502678491556,-15.39637209231793,0 31.41498989290323,-15.39640022387521,0 31.41501232267725,-15.3963808199268,0 31.41526780470942,-15.39616381784314,0 31.41561539225091,-15.39584468604075,0 31.41600575614654,-15.39544899734125,0 31.41638914040206,-15.39506261111774,0 31.41651362463056,-15.3949326724926,0 31.41665542975395,-15.39476750099374,0 31.41671236381417,-15.39471103378704,0 31.41665312620895,-15.39481100401467,0 31.4164917817463,-15.39499509124995,0 31.41596011741798,-15.39563416868996,0 31.4153458905838,-15.39625706038676,0 31.4152085037465,-15.39636964880056,0 31.41536069789606,-15.39619448532591,0 31.4156390504102,-15.39583586376197,0 31.41608129992547,-15.39528314826433,0 31.41623494157226,-15.39510652723653,0 31.41626028626148,-15.39508417285603,0 31.41621074463664,-15.39517302545197,0 31.41612494689207,-15.39532472391936,0 31.41575418784655,-15.39582248842135,0 31.41543276683873,-15.39615698607289,0 31.41521410271445,-15.396367926444,0 31.41509553568432,-15.39647057556526,0 31.41512318392639,-15.39644587432026,0 31.41528473621174,-15.3963115479815,0 31.41629441965345,-15.39529982786205,0 31.41667405589835,-15.39485003160846,0 31.41684128422204,-15.39467044408838,0 31.41702541208346,-15.39444732447095,0 31.41680198639659,-15.3947688520109,0 31.41610779937744,-15.39568201781152,0 31.4155708856613,-15.39623080547898,0 31.41538616685105,-15.39639829863086,0 31.41530832852826,-15.39645948736995,0 31.41533168498193,-15.39643138945939,0 31.41578381206858,-15.39594873846991,0 31.41633047312182,-15.39530194432441,0 31.41664333589048,-15.39491750443014,0 31.41682486662916,-15.39467801691104,0 31.41691461986888,-15.39457385139016,0 31.41675063368283,-15.39482231243024,0 31.41602196367597,-15.39578010597737,0 31.41556831830723,-15.39624528741817,0 31.4153681050135,-15.39642524369537,0 31.41499143581899,-15.39672290661917,0 31.41496977007101,-15.39673985926916,0 31.41504221554437,-15.39665506021036,0 31.41531321573566,-15.39641093944064,0 31.41569347174308,-15.39603726987749,0 31.41644250240777,-15.39517758459919,0 31.41655766065411,-15.39503118188971,0 31.41668525112276,-15.39487523979571,0 31.41674080804199,-15.39480838835632,0 31.41671180372406,-15.3948333668847,0 31.4164778263996,-15.39511132941537,0 31.41612663945506,-15.39550673689592,0 31.41538758392013,-15.3962658833846,0 31.41509813662853,-15.3965190558071,0 31.41504301744454,-15.39656290973917,0 31.41532942899755,-15.39624472537025,0 31.41574650872441,-15.39576120990467,0 31.41634983082393,-15.39504509013973,0 31.41732476975523,-15.39372087938569,0 31.41741255763648,-15.39358361657897,0 31.41752944626653,-15.3934261775933,0 31.41748511748629,-15.39348483234797,0 31.41697368503933,-15.39421608678494,0 31.41616220582529,-15.39522145709058,0 31.41523322179131,-15.39617577004753,0 31.41499467126164,-15.39637823553164,0 31.41495847438005,-15.39640607474411,0 31.41497549975074,-15.39638844966932,0 31.41525442212454,-15.39606624644786,0 31.41552764824613,-15.39573375068789,0 31.41582952620556,-15.39534567967774,0 31.41595777685414,-15.39515942249867,0 31.41616341616761,-15.39489501299616,0 31.41620977245157,-15.39482703427013,0 31.41617171562813,-15.39493683403497,0 31.41606863187114,-15.39512442853856,0 31.41581313788981,-15.39549762279061,0 31.41536795342852,-15.39605670300554,0 31.4149869667365,-15.39640930855734,0 31.41496592192617,-15.39643213123477,0 31.41502558297785,-15.39632691339364,0 31.41526013226905,-15.39606416212114,0 31.4157705762493,-15.39544900744995,0 31.41608524018661,-15.39505555725121,0 31.41630040488802,-15.39478388104507,0 31.41620887796708,-15.39493677858337,0 31.41610327094979,-15.39506962199494,0 31.41580288236064,-15.395460875003,0 31.41546508002944,-15.39585366676069,0 31.41512575682868,-15.39620426360404,0 31.41503739403846,-15.39628540764864,0 31.41528285514849,-15.39602877440081,0 31.41542124069014,-15.39589851215418,0 31.41550024058281,-15.39579735585116,0 31.41562300546531,-15.39564653773821,0 31.41570064642013,-15.39555478839766,0 31.41570565975016,-15.39554766372099,0 31.41570453633216,-15.39561833869447,0 31.41559939281357,-15.39583137276864,0 31.41541746900442,-15.39607107559802,0 31.41526306841766,-15.39621386257925,0 31.41499829680778,-15.39640984108706,0 31.41483314756154,-15.39650472611384,0 31.41478320892498,-15.39652374890825,0 31.41474240011921,-15.39653609544438,0 31.41472519736834,-15.39652599347373,0 31.41460899165093,-15.39662471779971,0 31.41622595656016,-15.39449894935002,0 31.41599027553948,-15.3947124859719,0 31.41585017579377,-15.39486570415433,0 31.41578291583595,-15.39493926373848,0 31.41558513474107,-15.39515180204045,0 31.41542675454575,-15.39535613248609,0 31.41538134452151,-15.39543198033291,0 31.41548558239672,-15.39532842101958,0 31.41557819097343,-15.39523842334828,0 31.41613932636864,-15.39462232909859,0 31.41631231681389,-15.39442138162904,0 31.41688086344942,-15.39371009057335,0 31.41697615004655,-15.39358888803168,0 31.41691663386055,-15.39363533343512,0 31.4165138131554,-15.39425520935875,0 31.41628845259219,-15.39457711520458,0 31.41622803401519,-15.39464843277866,0 31.41610668398714,-15.3947958423598,0 31.41611701263614,-15.39477348762832,0 31.41618201105626,-15.39472414937777,0 31.41645032642651,-15.39478990799057,0 31.41645985977014,-15.39475573356551,0 31.41654303460714,-15.3945718547394,0 31.41661735006167,-15.39432266466107,0 31.41665888309032,-15.39419359709965,0 31.41668660649048,-15.39415527250083,0 31.41671557776012,-15.39414051220905,0 31.4167625585303,-15.39410432047081,0 31.41689148346201,-15.39400390547192,0 31.41700878445571,-15.39388976700931,0 31.41701702633405,-15.39388536194869,0 31.41728733438931,-15.39549258827747,0 31.41720879115639,-15.39554812612377,0 31.41682347575101,-15.39585107019352,0 31.41660779451124,-15.39602219078247,0 31.41604199949246,-15.39651009931542,0 31.41565741407912,-15.39680944410902,0 31.41555180700162,-15.3968868720077,0 31.41562655076866,-15.39684594734519,0 31.41595512136709,-15.39662312424942,0 31.41666754340729,-15.39603553111647,0 31.4183592705746,-15.39459369201442,0 31.4194829096312,-15.39354619914599,0 31.4528688938264,-15.37506521292421,0 31.41673676956266,-15.39638539571634,0 31.41667081641767,-15.39643207101162,0 31.41643320018017,-15.3966026407138,0 31.41599906928489,-15.39689963058068,0 31.4158473697966,-15.39698559148096,0 31.41566414999339,-15.39708687048485,0 31.41561595475875,-15.39711580017785,0 31.4155573989034,-15.39714593419699,0 31.41560824346405,-15.39708828078486,0 31.41566686976504,-15.39703229803184,0 31.41591399576664,-15.39680773748295,0 31.4162561973191,-15.39648806043341,0 31.41642366123679,-15.39629767044293,0 31.41680085209422,-15.39587951429927,0 31.41702202986546,-15.39566686573685,0 31.41748290134805,-15.39518831162267,0 31.41759023592112,-15.39505510900915,0 31.41755702830079,-15.39509891930303,0 31.4175158814041,-15.39515151479269,0 31.41737069903247,-15.39532038996013,0 31.4172351065459,-15.3954632761645,0 31.41687866821624,-15.39582850553252,0 31.41636151908461,-15.39639771803788,0 31.41590523032195,-15.39684925825481,0 31.41573931292335,-15.39699812221379,0 31.4156691391968,-15.39706114759164,0 31.41573539546062,-15.39703646319087,0 31.41605436147516,-15.39683546733184,0 31.41633813994202,-15.39660775194421,0 31.41651738872482,-15.39646715011293,0 31.41685662874302,-15.39619325399423,0 31.4170592336108,-15.3960547527195,0 31.41733102818948,-15.39584647794981,0 31.41740988219027,-15.395800780421,0 31.41750050482359,-15.39573378008566,0 31.41747140135977,-15.39578264556116,0 31.41731961656138,-15.39591108466046,0 31.41721041522383,-15.39601297378,0 31.41663655721711,-15.39641661112528,0 31.4163345172414,-15.39663191272166,0 31.41624677783327,-15.39669522033383,0 31.4161282654673,-15.39677411789074,0 31.41617940472359,-15.39673456503652,0 31.41653531931499,-15.39649614203664,0 31.41703032287054,-15.3961575355639,0 31.41730884083503,-15.39598577407218,0 31.41797311406755,-15.39552484432257,0 31.41808058701042,-15.39545436078621,0 31.41818029632384,-15.39538522484677,0 31.41819130102383,-15.3953817510246,0 31.41809100157203,-15.395457384716,0 31.41768687773591,-15.39577173810208,0 31.41700279660263,-15.3962887639131,0 31.41652252316445,-15.39666026793545,0 31.41641362658704,-15.39675139791892,0 31.41644810804371,-15.39672475746978,0 31.41668564114752,-15.39652039863237,0 31.41720339443518,-15.39611174028373,0 31.41746340779662,-15.3959207373299,0 31.41754510451527,-15.39586396953318,0 31.41762924682883,-15.39579990384943,0 31.41753580612505,-15.39587227068475,0 31.41688316185728,-15.3963135306497,0 31.41629533138395,-15.39671547743805,0 31.41610988924874,-15.39683227946501,0 31.41613271563042,-15.39681347154039,0 31.41647093958485,-15.39651270439392,0 31.41717046150649,-15.3959317243216,0 31.41741419422191,-15.39571952372141,0 31.417676984354,-15.39551392791158,0 31.41796314446335,-15.3952778027461,0 31.41800970890029,-15.39523673643794,0 31.41779474147274,-15.39543956631345,0 31.41759852025776,-15.39559257075393,0 31.41688417764342,-15.39612392469121,0 31.41674275739137,-15.39623405865254,0 31.41652518992175,-15.39640704949493,0 31.41648812972462,-15.39643142212156,0 31.41653431935274,-15.39637047247921,0 31.41661917911827,-15.39627822388926,0 31.41722682503832,-15.39573710491932,0 31.41783302028773,-15.39523336322498,0 31.41801818976229,-15.39507271198081,0 31.41771569428786,-15.39536693425728,0 31.41709974852538,-15.3958702993264,0 31.41674491329371,-15.39613166294811,0 31.41685744985084,-15.39600591741056,0 31.41802741322002,-15.39476533212181,0 31.4184951823136,-15.39430968047865,0 31.4185832588858,-15.39424296673406,0 31.41845854019572,-15.39434689227004,0 31.41777611314827,-15.39500513930753,0 31.41708904200757,-15.39562796345052,0 31.41697306035441,-15.39571071274078,0 31.4168851486609,-15.39578293158771,0 31.41712977238922,-15.39549945036205,0 31.41759794830815,-15.39493126238933,0 31.41767427150537,-15.39482389189962,0 31.41769131975802,-15.39479754933249,0 31.41736336682967,-15.39512151932546,0 31.41690813748119,-15.3954904759643,0 31.41676744833062,-15.39560163628872,0 31.41724517835386,-15.39514184816038,0 31.41798638772886,-15.3943588961712,0 31.4184325931603,-15.39391199981223,0 31.41845649390449,-15.39389334509555,0 31.41821801904337,-15.39414399367717,0 31.41814975382761,-15.39421802216657,0 31.41805539393359,-15.39432229082763,0 31.41813707944051,-15.39420226912793,0 31.41870620110706,-15.39353190117037,0 31.41897636859161,-15.39319391846026,0 31.41900181268408,-15.3931369344449,0 31.41870446354561,-15.3934169437759,0 31.41829536901776,-15.39372838378763,0 31.41795587617797,-15.39393042227775,0 31.41791360086029,-15.39395089661527,0 31.41784427127272,-15.39395651243822,0 31.41799244386196,-15.39370708423792,0 31.41718872489492,-15.3947162579504,0 31.41655513305168,-15.39495584573434,0 31.4163456350419,-15.39501816767474,0 31.41600196433046,-15.39507835969918,0 31.41593942482228,-15.39508070877514,0 31.41594661694672,-15.39504427000242,0 31.41621289190538,-15.39484291060207,0 31.41629335359375,-15.39478723859919,0 31.41646121843832,-15.39467732628023,0 31.41652071212188,-15.39464876433319,0 31.41606793804217,-15.39388771047181,0 31.41584116374791,-15.39418739188538,0 31.41541384853112,-15.39474417779851,0 31.4146275521828,-15.39565107242256,0 31.41419898643747,-15.39615835094042,0 31.41413818800335,-15.39629217047217,0 31.41416448585426,-15.39625936095946,0 31.41418227067811,-15.39623717301562,0 31.4142332635446,-15.3961705668441,0 31.41456818705581,-15.39581702160426,0 31.4151636252465,-15.39517337181139,0 31.41584443795188,-15.39441334297382,0 31.41610992707708,-15.39403623072344,0 31.41616969186875,-15.39395012695116,0 31.41614063730302,-15.39399573957945,0 31.41612076994482,-15.3940243512128,0 31.41587808480486,-15.39432799690828,0 31.41571062739402,-15.39450911716165,0 31.41554114319617,-15.39469300178086,0 31.41539428212204,-15.39484781618853,0 31.41514359579411,-15.39508326978267,0 31.41510002652779,-15.39513759361636,0 31.41505535668938,-15.39518197586654,0 31.41520313535189,-15.39500903282052,0 31.41568702544269,-15.39450592285714,0 31.41621521911265,-15.39392433418392,0 31.41647230835097,-15.3936349359563,0 31.41655316616869,-15.39356679483286,0 31.41652840875619,-15.39362700816188,0 31.41644687523829,-15.39373530922565,0 31.41612252950304,-15.39414493723018,0 31.41576010237879,-15.39459057061856,0 31.41552807725797,-15.39483844808369,0 31.41547756108179,-15.39489331082285,0 31.41554150304206,-15.39483653345191,0 31.41580971267198,-15.39454763345733,0 31.4159340230201,-15.39440283377623,0 31.41635667134919,-15.39385285828761,0 31.41662591166034,-15.39346761847503,0 31.41667413443007,-15.39339918865429,0 31.41672824988677,-15.39330917699938,0 31.41672153324601,-15.39334266240701,0 31.41670527988549,-15.39337559678404,0 31.41641142270724,-15.39396330218017,0 31.41540247439746,-15.39523709301095,0 31.41482027897625,-15.39586726317295,0 31.41463843235976,-15.3960416108162,0 31.41461513117298,-15.39606356766385,0 31.41462911346713,-15.39604131742517,0 31.41481164913439,-15.39585369826234,0 31.41535691671725,-15.39530036206771,0 31.41560515493432,-15.39501972718582,0 31.41671703381278,-15.39359966796769,0 31.41683761089876,-15.39344715102783,0 31.41698315625063,-15.39321876021128,0 31.41698654963952,-15.39322275359924,0 31.41692212412008,-15.39334153842842,0 31.41661129171035,-15.39382091886263,0 31.41566413867507,-15.39500031186148,0 31.41542684786734,-15.39526085863054,0 31.41484192598663,-15.39586639096419,0 31.41475607577725,-15.3959713084506,0 31.41462536144022,-15.39610415803184,0 31.41460467037781,-15.39611656852592,0 31.41465278906853,-15.39606032520895,0 31.41491002138459,-15.39577965007316,0 31.41572562087987,-15.39483630518317,0 31.41599908818473,-15.39453530465808,0 31.41617973797756,-15.39428724598708,0 31.41652110456947,-15.39375850820538,0 31.41658935901994,-15.3936692028753,0 31.41669762412612,-15.3935098984185,0 31.41670989556459,-15.3935149116182,0 31.41663894201467,-15.39370669833806,0 31.41656629832279,-15.39386210219367,0 31.41641035706762,-15.3940831523452,0 31.41572408422889,-15.39494223966233,0 31.41500970894112,-15.39566719932918,0 31.41483884484911,-15.39583746397687,0 31.41458639567854,-15.39607942617193,0 31.41454050078357,-15.39611836902813,0 31.41456140114312,-15.39608964517186,0 31.4145833403559,-15.39606432482994,0 31.41486827573,-15.39578493803953,0 31.41548717482097,-15.39507499240585,0 31.41617676233341,-15.39420226558741,0 31.41649740266417,-15.39371928786531,0 31.41656786737644,-15.39360520522299,0 31.416550998748,-15.39367847123002,0 31.41650842513703,-15.39385207552812,0 31.41644397366141,-15.39398143713942,0 31.41609378829984,-15.39453074397692,0 31.4159318377108,-15.39473789579067,0 31.41541839093381,-15.39528017590338,0 31.4151965117328,-15.39548637885713,0 31.41516567125149,-15.39551056223411,0 31.41513962599977,-15.39552761226379,0 31.41515732371153,-15.39550016184318,0 31.41517070816004,-15.39547940095759,0 31.41520687526255,-15.39542330255092,0 31.41548621286454,-15.3950702127022,0 31.4160779791981,-15.39432388408938,0 31.41658133508703,-15.39365608194592,0 31.41669084469179,-15.39351366074306,0 31.41687121685955,-15.39332445044313,0 31.4168715666875,-15.39341458602131,0 31.41682391523587,-15.39365284926218,0 31.41678753426464,-15.3937691581647,0 31.41672603612666,-15.39395133836729,0 31.41637075289021,-15.39456626064437,0 31.41616764325509,-15.39484133721911,0 31.41560185413288,-15.39542619787405,0 31.41520864387639,-15.39573403201319,0 31.41514054997299,-15.39577707368216,0 31.41497941825294,-15.39585494677798,0 31.4149731060263,-15.39585324107574,0 31.41504267286157,-15.39569752106729,0 31.41508034886465,-15.39560239385139,0 31.41538080456143,-15.39504132773578,0 31.41555388773099,-15.39475805264497,0 31.41577003942907,-15.39445454669048,0 31.41598321522537,-15.39414406186754,0 31.41673221800966,-15.39327130088737,0 31.41695098026304,-15.39308035333379,0 31.41701703356928,-15.39304562733921,0 31.41714726029344,-15.39303122808304,0 31.4173297033053,-15.39313395618372,0 31.41739617775481,-15.39328244931453,0 31.41736447078282,-15.39337816236119,0 31.41672178496268,-15.39424074146468,0 31.415654413878,-15.39514383523821,0 31.41498299646009,-15.39550375708228,0 31.41491558843384,-15.39552754213106,0 31.4148160577512,-15.39554465704482,0 31.41480064157338,-15.39552499913547,0 31.41494208294414,-15.39525342150848,0 31.41533432445465,-15.39458773666918,0 31.41610682946247,-15.39351574472206,0 31.41644097123225,-15.39318545517682,0 31.41664124944528,-15.39316986571816,0 31.41684532616576,-15.39335243315293,0 31.41684169072494,-15.39366051060333,0 31.41646217584463,-15.39421035778102,0 31.41627782872958,-15.39437511062287,0 31.41548073899265,-15.39487534729095,0 31.4150041354694,-15.39503587534056,0 31.41491386497746,-15.39502281763418,0 31.41499967293581,-15.39486356316246,0 31.41509880400817,-15.39474441245672,0 31.41576682406887,-15.39397102045535,0 31.41601472906525,-15.39369269036713,0 31.416677098662,-15.39301421962668,0 31.41693487988137,-15.39285795237298,0 31.41709356509076,-15.39290994315896,0 31.41712114813533,-15.39324476059953,0 31.41657835553284,-15.39389650626041,0 31.4163713462317,-15.39406847129031,0 31.41575969087128,-15.39439466483576,0 31.41557396580637,-15.39444582645854,0 31.4151204467545,-15.39447158853344,0 31.41500235801382,-15.39432552905705,0 31.41510207868763,-15.39412576007001,0 31.41522507296708,-15.39396020535851,0 31.41600195726189,-15.39332319252265,0 31.41660176426328,-15.39299829006586,0 31.41668613308946,-15.39298528090529,0 31.41691230832268,-15.39311572448429,0 31.41667220993943,-15.3936005383256,0 31.41581464292339,-15.39445183179925,0 31.41520817188822,-15.39485462853448,0 31.41507492470713,-15.39488115982885,0 31.41511585059435,-15.3947014094883,0 31.41516461883332,-15.39462149647749,0 31.41558450609767,-15.39409452199354,0 31.41608528226067,-15.39371122790651,0 31.41626774897257,-15.39368199052673,0 31.41631880417162,-15.39384490657252,0 31.41629018306148,-15.39392933744469,0 31.41585730713801,-15.39446146356983,0 31.41501927171905,-15.39510246363135,0 31.41458051688129,-15.39523903319369,0 31.41455694968475,-15.39512395025572,0 31.41458369713413,-15.39506469687897,0 31.41499801470516,-15.3946627210822,0 31.41579106378888,-15.39417746889966,0 31.4159072231148,-15.39413741706285,0 31.41608808344899,-15.39411780956625,0 31.41612252950304,-15.39414493723018,0 31.41610906036354,-15.3942843350909,0 31.41605934878255,-15.39435679563641,0 31.4156482167519,-15.39473315744188,0 31.41495600775628,-15.39516279633561,0 31.41468526569793,-15.39522832906304,0 31.4146535608031,-15.39521724868657,0 31.41459771840829,-15.39513391963004,0 31.41484953060757,-15.39472190677599,0 31.41505683002516,-15.39452089110233,0 31.41533430781406,-15.39426541792736,0 31.41616105803131,-15.39368347298675,0 31.41654103075425,-15.3935038186038,0 31.4165913161486,-15.39349879689545,0 31.41662743720755,-15.3935136716167,0 31.41664635967594,-15.39354422088636,0 31.41659763483548,-15.39374059520181,0 31.41614907717952,-15.39426888502461,0 31.41595155029657,-15.3944434984057,0 31.41532052897703,-15.39488469412475,0 31.41515036163495,-15.39497190099772,0 31.41483921935701,-15.39507162286976,0 31.41473894042198,-15.3949821854229,0 31.41474712812365,-15.39494196685789,0 31.4149065120619,-15.39468465355916,0 31.41504120510234,-15.39454568433623,0 31.41555710043947,-15.39411690203051,0 31.41573356115087,-15.3940028684035,0 31.41610892065691,-15.39382709911055,0 31.41616049099335,-15.39381414565304,0 31.41620813752282,-15.39380957028069,0 31.41627133143408,-15.39384805241297,0 31.41602340583982,-15.39416074155742,0 31.41524360680742,-15.39474257950922,0 31.41486144164862,-15.39495777290674,0 31.41476987378812,-15.39497319052556,0 31.41474589947579,-15.39496285259619,0 31.41475517004033,-15.39484540561083,0 31.41480064437334,-15.39476430690931,0 31.41532661633753,-15.39413613282996,0 31.41598587834719,-15.39353416198367,0 31.41611131240453,-15.39342705288029,0 31.41620115539908,-15.39336655381925,0 31.41629923210787,-15.39330088408388,0 31.4163237603149,-15.39336837547285,0 31.41628314228282,-15.39343682445674,0 31.41579992435856,-15.39401916740224,0 31.41517125251438,-15.39453846670033,0 31.4149962165909,-15.39465308447542,0 31.41487283369531,-15.39472254830081,0 31.41479471436818,-15.39476295996118,0 31.4146775268613,-15.39477684047244,0 31.41464613689443,-15.39461500020313,0 31.41476769779416,-15.39440758727485,0 31.41485847832055,-15.39431723712932,0 31.41500523587247,-15.394183734065,0 31.41580752298793,-15.39373900542929,0 31.41623606581138,-15.39363994202317,0 31.41643388752023,-15.39371368933645,0 31.41636945062957,-15.39387446916469,0 31.41629061072624,-15.3939705446615,0 31.4156133787792,-15.39448777875703,0 31.4154695311622,-15.39456855682348,0 31.41511728636799,-15.39474375584635,0 31.41499348660883,-15.39476728778464,0 31.41499259962949,-15.39473059300262,0 31.41502968439993,-15.39466933671507,0 31.41510525577671,-15.39458312473181,0 31.4156552724397,-15.39405100820947,0 31.41629885854748,-15.39349337497852,0 31.41636673016953,-15.39344760303673,0 31.41640638684407,-15.39341294010891,0 31.41630247180446,-15.3936069154926,0 31.41621665391605,-15.39372222831656,0 31.41610557544221,-15.39383439855686,0 31.41563478436564,-15.39426903259474,0 31.41527089986259,-15.39452569186266,0 31.41521565389899,-15.3945532427685,0 31.41516656481251,-15.39457722563296,0 31.41515395818405,-15.39454370193256,0 31.41517227823171,-15.39450693529807,0 31.41533987482805,-15.39426192975881,0 31.41541497357435,-15.3941662251704,0 31.4155709953672,-15.39398042523165,0 31.41559275096204,-15.3939610629627,0 31.41553789881312,-15.39404577217001,0 31.41548720290147,-15.39409950468862,0 31.41519711528477,-15.39433043560639,0 31.41515632260227,-15.39436133502375,0 31.4151196912328,-15.39438437803648,0 31.41508191989512,-15.39440299441671,0 31.41507924336166,-15.39437894326756,0 31.41516516859217,-15.39424589110303,0 31.41551766489378,-15.39391400047101,0 31.41563089375741,-15.39382677338197,0 31.41593805956501,-15.39365227713033,0 31.41601106682711,-15.39365217903193,0 31.41593623320739,-15.39380130524793,0 31.41588582349311,-15.39386678911662,0 31.41542036500737,-15.39425496694628,0 31.41534744693501,-15.39429996798083,0 31.41522920926818,-15.39436278485082,0 31.4152613092381,-15.39425290153411,0 31.41551709957059,-15.39389840600625,0 31.4155845876731,-15.39382345370859,0 31.41563112881258,-15.39377057548316,0 31.41567465565577,-15.39373458206074,0 31.41572107526345,-15.39370191503424,0 31.41576389454857,-15.39369718779203,0 31.41577458529945,-15.39380490095011,0 31.41557111690576,-15.39405836190664,0 31.41522123057669,-15.39428892207059,0 31.41513157417756,-15.39433016917065,0 31.41488446545138,-15.39433228591291,0 31.41485379898647,-15.39429902426193,0 31.41486727421997,-15.39413421072299,0 31.41494772354609,-15.39402452495465,0 31.41559962380152,-15.39357940499636,0 31.41619775459516,-15.39337406443036,0 31.41645428427783,-15.39341244703298,0 31.41647850747974,-15.39344304121536,0 31.41644005049838,-15.39365283744941,0 31.41555113107247,-15.39440495525151,0 31.41503047696089,-15.3947065707346,0 31.41496761140477,-15.39472515856931,0 31.41494807122165,-15.39471635683276,0 31.41510289384198,-15.39449263423659,0 31.4152061742334,-15.39437187550343,0 31.41536752770558,-15.39420694567516,0 31.4157881679895,-15.39380224291403,0 31.41582464962953,-15.39377595190127,0 31.41588810401596,-15.3937655390838,0 31.4159090136843,-15.39390122547534,0 31.41540910793452,-15.39457103976177,0 31.4149290922985,-15.39498337995355,0 31.41473891502833,-15.39514016561092,0 31.41435714571688,-15.39538782986857,0 31.41430535296038,-15.39541241315773,0 31.41440640529173,-15.39525376277521,0 31.41499169651707,-15.39482124033362,0 31.41544790137092,-15.39460789371288,0 31.41555321369319,-15.39464682335737,0 31.41555715056977,-15.39466700727442,0 31.41541843682316,-15.39486654230527,0 31.41491868161856,-15.39525165902567,0 31.41479573289011,-15.39532351618235,0 31.41451329873464,-15.39545267292316,0 31.41447711738295,-15.39545377933643,0 31.41448986967517,-15.3954012599842,0 31.41452195625173,-15.39535136585867,0 31.41501288876135,-15.39493368621109,0 31.41575777273777,-15.39453213322939,0 31.41595952096078,-15.39451720630579,0 31.41598610700848,-15.39454212572354,0 31.41594405309415,-15.39471987171844,0 31.41561774482352,-15.3950132676914,0 31.4149596202349,-15.39537857063249,0 31.41483791448264,-15.39540886190122,0 31.41483100581335,-15.39537974152797,0 31.41485648382043,-15.39534736021965,0 31.41506986797534,-15.39513917699578,0 31.41516033456661,-15.39507398398942,0 31.41543407079829,-15.39494380467578,0 31.41556860905957,-15.39497408879901,0 31.41558157515768,-15.39500500662594,0 31.4155845245677,-15.39517821749297,0 31.41539136416849,-15.39544196460711,0 31.4146102513532,-15.39587399740093,0 31.41429627446485,-15.39591412773561,0 31.41426092816975,-15.39590663819508,0 31.41420844779729,-15.39586368379226,0 31.41433474589167,-15.395765072319,0 31.41530855343949,-15.39537402484429,0 31.4158139899625,-15.39528982513915,0 31.41583497419885,-15.39531185551061,0 31.41571938850567,-15.39541998820826,0 31.41563674093245,-15.39547634186964,0 31.41506240756715,-15.39576109099931,0 31.4149158503788,-15.39581659247469,0 31.41466377022571,-15.3958799314481,0 31.41473100520162,-15.39581588720778,0 31.41478516096135,-15.39578707059575,0 31.41494142245651,-15.39570736704638,0 31.41517404938959,-15.39564265853476,0 31.41531479846385,-15.39567880738143,0 31.41534396315795,-15.39570881735961,0 31.41540705544024,-15.39580546095187,0 31.41540870348371,-15.39583305262531,0 31.41512249267635,-15.39604861205903,0 31.41477854228169,-15.39615823818514,0 31.41470351117973,-15.39616259835716,0 31.4147314586969,-15.39613541523268,0 31.41478573672141,-15.39610583744973,0 31.4155069754125,-15.39577559163401,0 31.41636408227572,-15.39551906732329,0 31.41644240222853,-15.39551733144549,0 31.41653842915242,-15.39553722320653,0 31.416484602159,-15.39562198781415,0 31.41642352572197,-15.39567022434364,0 31.41633914892674,-15.39572594936098,0 31.41581695763469,-15.39597621778397,0 31.41558595694845,-15.39606418076048,0 31.41490102885913,-15.39626567402939,0 31.41483807945726,-15.39626735220701,0 31.41477755805856,-15.39627268196945,0 31.41484081812411,-15.39621722145965,0 31.41510143096512,-15.39608286653114,0 31.41534857792751,-15.39595847923498,0 31.41538369123168,-15.39594522869938,0 31.41543773088333,-15.39593433402751,0 31.41544193109947,-15.39595146382123,0 31.41545619612467,-15.39596025826478,0 31.41554723295498,-15.3959555410644,0 31.41574101880447,-15.39596356378107,0 31.41580246757322,-15.39597144833231,0 31.41597401746114,-15.39606589279301,0 31.41597503076822,-15.39624938408546,0 31.41595254475128,-15.39629868087116,0 31.41591158733809,-15.39635256475171,0 31.41564796410269,-15.39657235922064,0 31.41556352565419,-15.39661541652827,0 31.4154425199423,-15.39665833947891,0 31.41499890500262,-15.39674831813828,0 31.41486661100246,-15.39674225171014,0 31.41489639551522,-15.39670419761492,0 31.41536935658213,-15.39654091194083,0 31.41552222973982,-15.39649545323315,0 31.41603572344528,-15.3963942563073,0 31.41609716012888,-15.39639698084505,0 31.41613985506608,-15.39641394988475,0 31.41623804743642,-15.39652583299154,0 31.41615080360618,-15.3967051796561,0 31.41604577274511,-15.39677495217519,0 31.41534410924841,-15.39706861556586,0 31.41477508843376,-15.39715093080365,0 31.41468565160815,-15.39714774310596,0 31.41468141428089,-15.39713464684938,0 31.41491639651538,-15.39697839448875,0 31.41502879883041,-15.39692238876093,0 31.41517604948049,-15.39684544003815,0 31.41550473529505,-15.39669855542559,0 31.4156908815955,-15.3966935808032,0 31.41573057024209,-15.39681540436773,0 31.41571240518559,-15.39685805542583,0 31.41533760647868,-15.39708547428915,0 31.41484025538406,-15.39719689111721,0 31.41477926830217,-15.39719558374783,0 31.41463751257481,-15.39714480175726,0 31.41475495111075,-15.39700622616456,0 31.41486168334884,-15.39694508685334,0 31.4155586371071,-15.39668568638438,0 31.41574384062379,-15.39664150068154,0 31.41610985312142,-15.39665602885142,0 31.41613896622518,-15.39668987328543,0 31.41607081596741,-15.39710334253251,0 31.41556746340484,-15.39708299077567,0 31.41539532830974,-15.39711262535421,0 31.41502506298887,-15.3971146028473,0 31.4149572671192,-15.3970482328535,0 31.41559862441199,-15.39676659260714,0 31.41658641116982,-15.39653100970376,0 31.41671444717128,-15.39654207173069,0 31.41690098864319,-15.39660499455049,0 31.41659137089951,-15.39684345737963,0 31.41641843710546,-15.39691379846003,0 31.41559652413504,-15.39710673778606,0 31.41516519683466,-15.3970926594976,0 31.41513380105405,-15.39708235371478,0 31.41519546528245,-15.39699490299095,0 31.41602114734523,-15.39667647250263,0 31.41624350023188,-15.39659913240058,0 31.41672428128658,-15.39650584914938,0 31.41679903105036,-15.39658904214594,0 31.41633812853997,-15.39683287588509,0 31.41520408989202,-15.39705563516421,0 31.41498732442346,-15.39704659744866,0 31.41515621097862,-15.3969630472161,0 31.41534009442264,-15.3969088915035,0 31.41623221348965,-15.39670338691213,0 31.41673285497384,-15.39669468916993,0 31.41681878962142,-15.39680567964766,0 31.41649459970731,-15.39697728553592,0 31.41562439822855,-15.39721877348013,0 31.41505008410755,-15.39726946539011,0 31.41503109977367,-15.39722800220678,0 31.4150877187624,-15.39719085568742,0 31.41518383953818,-15.39713188662161,0 31.41610775297098,-15.39677007047956,0 31.41685523068507,-15.39655746455218,0 31.41701955586243,-15.39665611896625,0 31.41673360035762,-15.39684693064755,0 31.41602294808499,-15.39706335403206,0 31.4157328778233,-15.39708652795002,0 31.41570508342981,-15.39707930570665,0 31.41574385728164,-15.39702237536407,0 31.41610285627969,-15.39690043397369,0 31.41621440741062,-15.39687036555331,0 31.41643942370678,-15.39685950845196,0 31.4165195694582,-15.39699375446808,0 31.41650592127349,-15.39704056320456,0 31.41649251695704,-15.39709120153858,0 31.41629159285164,-15.39732196963419,0 31.41580691965408,-15.39750772230023,0 31.41573638883768,-15.39751641148469,0 31.41552218533724,-15.39749003590174,0 31.41550996458919,-15.39740795813183,0 31.41554258526871,-15.39737630361795,0 31.41615882533962,-15.39717378770051,0 31.41635819143803,-15.39710709255534,0 31.4169203310855,-15.39703237273628,0 31.4169919661169,-15.39703369394465,0 31.41703122953632,-15.39704513107776,0 31.41707771279948,-15.39709961969978,0 31.41681705747771,-15.39725415839954,0 31.41597826579055,-15.3974788328381,0 31.41571322271906,-15.39747669391337,0 31.41568736567183,-15.39744900992105,0 31.41602638527246,-15.39728077742413,0 31.41633800571669,-15.3972004419669,0 31.41644490462714,-15.39728334724606,0 31.4164415460283,-15.39732959600509,0 31.41643858617386,-15.39738086269216,0 31.41619122284054,-15.39769861771676,0 31.41556454554333,-15.39789377855486,0 31.41529111025111,-15.39786627134926,0 31.41525681139642,-15.39784478434828,0 31.41529356382446,-15.39771749906662,0 31.4159614480626,-15.39739215976241,0 31.41657746949608,-15.3971978049131,0 31.41674492356093,-15.39724938395171,0 31.41667178158392,-15.39744629507241,0 31.41625326766808,-15.39777973659477,0 31.41608345154435,-15.3978503119662,0 31.41545182169521,-15.39790856946435,0 31.41534422042646,-15.39789213928384,0 31.41518793222565,-15.39777887623322,0 31.41537016707187,-15.39763485658804,0 31.41549844485736,-15.39758301465784,0 31.41628446160425,-15.39746538770662,0 31.4166049064816,-15.3975728470998,0 31.41667694759678,-15.39776155253607,0 31.41666027568167,-15.39780535442526,0 31.41643015298375,-15.39794824149838,0 31.41635463692354,-15.3979628790428,0 31.41591368367873,-15.39789512514814,0 31.41567831110216,-15.39772751455076,0 31.41563746208789,-15.39762328499505,0 31.4160933595579,-15.39740341673598,0 31.41661292492639,-15.39728788280245,0 31.41668120052768,-15.39729559966163,0 31.4168682393123,-15.39741773794854,0 31.41674992166758,-15.39770018845364,0 31.41665485132944,-15.39780205947262,0 31.41603996628977,-15.39815724530437,0 31.41562199434684,-15.39818903921658,0 31.41557094676238,-15.398172602327,0 31.41546396049269,-15.39805783243352,0 31.41548022071494,-15.39801189190736,0 31.41580212922655,-15.39770909295804,0 31.4159634773895,-15.39761248453979,0 31.41651279193305,-15.39733231975849,0 31.4165940147257,-15.39731663515027,0 31.41665206691092,-15.39730961087231,0 31.41683546707912,-15.39748777080021,0 31.41675629363564,-15.39791028771888,0 31.41637796756011,-15.39827438175587,0 31.41628299877789,-15.39831164750705,0 31.41586667281706,-15.39828930826879,0 31.41579809741033,-15.39825715320707,0 31.41574065186201,-15.39822238377171,0 31.41562996525651,-15.39804456395814,0 31.41586434740796,-15.39779581506963,0 31.41665031232141,-15.39739494767851,0 31.41692366234441,-15.39733461559038,0 31.41702821571419,-15.39740232831075,0 31.41702503766604,-15.39745142619683,0 31.41671306685156,-15.39777257544471,0 31.41657506780253,-15.39786705847184,0 31.41599350235809,-15.39803445040754,0 31.41589834731747,-15.39803432834446,0 31.41564814139357,-15.397917804123,0 31.41564459851887,-15.39768242321685,0 31.41571237150448,-15.39759985493466,0 31.4157982371834,-15.39751659465609,0 31.41648547686717,-15.39719536155463,0 31.41699383601322,-15.39721373881951,0 31.41703245700039,-15.39739281360143,0 31.41662753661661,-15.39783895262708,0 31.41609096001088,-15.3980539048721,0 31.41596601203142,-15.39805413731121,0 31.41571733956142,-15.39797966421004,0 31.41565928020636,-15.39790258774898,0 31.41572914147333,-15.39765876935248,0 31.41621907219654,-15.39725414717075,0 31.41638810128039,-15.3971434143127,0 31.41681177146201,-15.39697522434133,0 31.4170251014484,-15.39702357699028,0 31.41702390909493,-15.39707780842421,0 31.41673026366008,-15.39752584822073,0 31.41590004257532,-15.39804166463937,0 31.41532435371658,-15.39803707282219,0 31.41523674505647,-15.39800122330389,0 31.41516108755518,-15.39796069576826,0 31.4150208420247,-15.39774727570097,0 31.41503933725061,-15.3976849210563,0 31.4153559427349,-15.39741493913334,0 31.41595278302751,-15.39716398842308,0 31.41635974442317,-15.39714940454789,0 31.41641483175546,-15.39734740890712,0 31.41624622261503,-15.39765271212316,0 31.41615341078225,-15.3977370944876,0 31.41551265260392,-15.39789365560629,0 31.415069998387,-15.39775751144533,0 31.41496282599046,-15.39762562874907,0 31.41509666890615,-15.39742174941006,0 31.41522515191071,-15.39734221049846,0 31.41617219429132,-15.39689782294295,0 31.41647455797815,-15.39678303952756,0 31.41731076447468,-15.39660470561787,0 31.41738999487877,-15.39661298194826,0 31.41738427526321,-15.39686612092135,0 31.41646599628623,-15.39753505160689,0 31.41624559171169,-15.39764878233794,0 31.41547277358285,-15.39783640632347,0 31.41508335046864,-15.39776756976435,0 31.41502398595607,-15.39774073645233,0 31.41495085026799,-15.39751118907598,0 31.41564795488851,-15.396964438524,0 31.41691702938095,-15.39644046731407,0 31.41730315155302,-15.39644620242165,0 31.41733313276664,-15.3968570465332,0 31.41722313124584,-15.39702054058293,0 31.41646014253577,-15.39770507705817,0 31.41572846650047,-15.39783553285837,0 31.4153054552861,-15.39753545217709,0 31.41529009169712,-15.39729762647822,0 31.4156966605907,-15.39688699684662,0 31.41588913291311,-15.39678627848015,0 31.4166529992581,-15.39653820125332,0 31.4170871482011,-15.39669010461605,0 31.41685523059376,-15.39714911914125,0 31.41674986568286,-15.39724416186755,0 31.41606557608586,-15.39764258059592,0 31.41500660373129,-15.39762710746107,0 31.4147492307352,-15.39746405003011,0 31.41472524492286,-15.39740159248468,0 31.41473847679204,-15.39734464889836,0 31.41509440759192,-15.39704698294117,0 31.41534438792111,-15.39694044586121,0 31.41646988555327,-15.39658877690656,0 31.41715580695352,-15.39658350237058,0 31.41715104486396,-15.39685356128706,0 31.41694572663181,-15.39706831581942,0 31.4162422473505,-15.39754353703341,0 31.41517795927439,-15.39770733816416,0 31.41473452881581,-15.39751306673694,0 31.41466427155697,-15.39742784798175,0 31.41463634135989,-15.39732556927894,0 31.41485501821368,-15.39683912537012,0 31.416197758443,-15.39609515143883,0 31.41745150719463,-15.39598528105631,0 31.41765394706312,-15.39603756047192,0 31.41783032053579,-15.3961332644198,0 31.41775122775627,-15.39678564552593,0 31.41694608405254,-15.39740152009458,0 31.41675458765384,-15.39752163934893,0 31.41654533980989,-15.39762066090134,0 31.41636859531083,-15.3976838106812,0 31.41579020068262,-15.39772538342397,0 31.41558322088839,-15.39747822842445,0 31.41559788504247,-15.39737984909948,0 31.41630780903642,-15.39668481708184,0 31.41653703502986,-15.39652918958999,0 31.4168338715771,-15.39637578736824,0 31.41712600875947,-15.39626325183754,0 31.41737275372503,-15.3961691869123,0 31.41796602548169,-15.39614034769333,0 31.41758106040452,-15.39692326403625,0 31.41688743369471,-15.39752355332945,0 31.41613401926336,-15.39800564206569,0 31.41599265669289,-15.39803073156648,0 31.41566386703154,-15.39794237022518,0 31.41567552847105,-15.39751623124901,0 31.41600406800057,-15.39716800185722,0 31.41679946711081,-15.39679569464893,0 31.41729218493797,-15.39702650753315,0 31.4171137106252,-15.39758839115047,0 31.41684896473379,-15.39780444452835,0 31.41631764586023,-15.39781693069601,0 31.41591567818678,-15.39743853878845,0 31.41606924794242,-15.39698168763153,0 31.41642224888881,-15.39673092731303,0 31.41714606844884,-15.39661975476717,0 31.4173592948737,-15.39685674042392,0 31.41725704828102,-15.39710466467041,0 31.41669579372539,-15.39755731405349,0 31.41639776189893,-15.39760526784849,0 31.41632915339844,-15.39721486598081,0 31.41696192138312,-15.39644995245552,0 31.41761158757724,-15.396147459095,0 31.41834766871361,-15.39640704720488,0 31.41780915753946,-15.39734883061071,0 31.41758679812929,-15.39760293743258,0 31.41685137530759,-15.39834320404898,0 31.41670286578059,-15.39843487824579,0 31.41631469803327,-15.39847266239818,0 31.41605611206731,-15.3981344772873,0 31.41608259779696,-15.3978464707919,0 31.41612614217502,-15.39775763791725,0 31.41646726676468,-15.39738369832717,0 31.41724779145854,-15.39722972063904,0 31.41740011413187,-15.39726762062276,0 31.41752965881074,-15.39731278114366,0 31.4177959760495,-15.39764839501167,0 31.41746794335555,-15.39803498321185,0 31.41712478725503,-15.39822390215807,0 31.41668964573943,-15.39819921283205,0 31.41643283957198,-15.39788790423978,0 31.41641656442765,-15.39757720191353,0 31.41677469392087,-15.39712299766116,0 31.41748081853409,-15.39686252943482,0 31.41773028228994,-15.39696855330617,0 31.41764156727831,-15.39718021815209,0 31.41688032730937,-15.39776315047983,0 31.41619057561437,-15.39797823014872,0 31.416005875206,-15.39780105911848,0 31.41599037208761,-15.3977321049645,0 31.41641699798422,-15.39715010173721,0 31.41737693354268,-15.39668973212532,0 31.41749055599201,-15.3966673180179,0 31.41772843889571,-15.39693529433124,0 31.41767729165908,-15.39705128405781,0 31.41752188698881,-15.39722516978645,0 31.41740259426407,-15.39737795648431,0 31.41727971194125,-15.39754411625469,0 31.41669295208651,-15.3979920961778,0 31.4165954186256,-15.39803318195011,0 31.41623716960999,-15.39801071096098,0 31.41603620010625,-15.39756120648489,0 31.4160746003936,-15.3974223848802,0 31.41674867159382,-15.39670492293359,0 31.41857036865619,-15.39628999804534,0 31.41936910765689,-15.39643626967588,0 31.41875447011901,-15.39707124711179,0 31.41736324211921,-15.39744738375359,0 31.41715123504909,-15.39745972460759,0 31.41654869267775,-15.39721637387746,0 31.41660239569147,-15.39663619888856,0 31.4177767162576,-15.39567485579738,0 31.41865223085385,-15.3952362617466,0 31.41913258894712,-15.3952798039278,0 31.41846586913588,-15.39613083913355,0 31.41713041412822,-15.39700999681802,0 31.41687436815941,-15.39713296434308,0 31.41643089485629,-15.39729028174869,0 31.41637396680464,-15.39728084363253,0 31.41616235463769,-15.39698800214444,0 31.41612791386666,-15.3968592168634,0 31.41630124617082,-15.39617870528975,0 31.4169886766839,-15.39536319196572,0 31.41720546665006,-15.39519331797403,0 31.41792388103979,-15.3948781192063,0 31.41837479699399,-15.39518620458848,0 31.41788427329146,-15.3960978905757,0 31.41697100786907,-15.39672350976496,0 31.41681237491058,-15.3967931058522,0 31.41642809385101,-15.39679384524406,0 31.41622331375387,-15.39640098188714,0 31.41624226170763,-15.39627941744164,0 31.41680980441742,-15.39550277994563,0 31.418326815069,-15.39466916980719,0 31.41863384210763,-15.3949637637973,0 31.41813387862508,-15.39564912171729,0 31.41788856372316,-15.39587308622526,0 31.41685469624134,-15.39654302319866,0 31.41670542810157,-15.39659694233721,0 31.41635954184148,-15.39653192348411,0 31.41630240436904,-15.39601274175435,0 31.41652035502956,-15.3955656853337,0 31.41718102855717,-15.39497671236407,0 31.41728717267165,-15.39493379014271,0 31.41769594027785,-15.39507942618481,0 31.41747376671768,-15.39574178949614,0 31.41685571461758,-15.39616782538785,0 31.41654252116277,-15.3961642205392,0 31.4161346738172,-15.39588355362235,0 31.41609434305525,-15.39577979970767,0 31.41653980802602,-15.39479609059878,0 31.4167130434516,-15.39460595478734,0 31.41775507917585,-15.39388884532433,0 31.41854848796885,-15.39386503486928,0 31.41857512069936,-15.39459333379916,0 31.41748266074302,-15.39573912537771,0 31.41674131243963,-15.39602933412752,0 31.41664599912697,-15.3960211574902,0 31.41620578597116,-15.39570427938123,0 31.41616451580771,-15.39482553949639,0 31.41626522730661,-15.39464174507601,0 31.41668346319074,-15.39408389181854,0 31.41715941933466,-15.39385935448435,0 31.41754249569121,-15.39429824484343,0 31.41699974015332,-15.39524720197596,0 31.41645820293191,-15.39560945138466,0 31.41614840207287,-15.39558326443204,0 31.41604007501434,-15.39540292254787,0 31.41623738668529,-15.39492936978293,0 31.41692486368553,-15.39416046096004,0 31.4171008571976,-15.3940239908751,0 31.41761865315405,-15.39371766496088,0 31.41784350317543,-15.39404059514751,0 31.41746620694026,-15.39471955955327,0 31.41721676536962,-15.39496846765815,0 31.41678520813101,-15.3950955061245,0 31.41663591778649,-15.39486086366551,0 31.41665998132211,-15.39474106075424,0 31.41688049614581,-15.39428841816049,0 31.41736736369731,-15.39383269660805,0 31.41776926743344,-15.39379140535542,0 31.41779013875401,-15.39427199985685,0 31.41749056981617,-15.39478080897893,0 31.41738693347187,-15.39489344952272,0 31.416959674957,-15.3951321161,0 31.4166079272927,-15.39500392845635,0 31.4165505516865,-15.39446819497149,0 31.41674268958966,-15.3940777435823,0 31.41692130905512,-15.39387556528977,0 31.41782620439764,-15.39324494588536,0 31.4183732543963,-15.39319151174759,0 31.41843118155095,-15.39385369893226,0 31.41765060388745,-15.39456305562532,0 31.41748009106115,-15.39466812004769,0 31.41672918512592,-15.3948438958827,0 31.41662250741671,-15.39481867746918,0 31.41633992515406,-15.3945291685067,0 31.41646438752367,-15.39389267895048,0 31.41689909458082,-15.39334352155428,0 31.41744847704511,-15.39311415364376,0 31.41798503266626,-15.39338685730848,0 31.41792642260553,-15.39365505558007,0 31.41732590843177,-15.39476586198051,0 31.41715155514666,-15.39495778199857,0 31.41662410570585,-15.39529290441393,0 31.41630061478468,-15.39510638399895,0 31.41631179207004,-15.39460063422023,0 31.41682223757848,-15.39363588871714,0 31.41751616295606,-15.39304315230085,0 31.41809230729624,-15.3931615770309,0 31.41783686648961,-15.39401594214108,0 31.41733146987719,-15.3943497955899,0 31.4167041791088,-15.39417672267983,0 31.41662594044961,-15.39407126598913,0 31.41650709039137,-15.3934544551761,0 31.41653607966198,-15.39333018408472,0 31.41675360250176,-15.39298949922269,0 31.41682397118136,-15.39292768385363,0 31.41718677976822,-15.39281003796331,0 31.41785933048359,-15.39301217235423,0 31.4179402779067,-15.39347591156989,0 31.41726659089936,-15.39407899523751,0 31.41713802900097,-15.39414463383066,0 31.41648905620531,-15.39425592064646,0 31.41630392157401,-15.3939631455891,0 31.41642681416912,-15.39357405857307,0 31.41711448821485,-15.39269631915864,0 31.41728963419265,-15.39251420115572,0 31.41782410999819,-15.39216859796872,0 31.41807406710882,-15.39259913892146,0 31.4176598203547,-15.39370848549735,0 31.41737468075924,-15.39405807066399,0 31.41636366086252,-15.39491198061281,0 31.41588602321682,-15.39505179884467,0 31.41583435003971,-15.39502808570274,0 31.41575491721451,-15.39479826069245,0 31.41579334199755,-15.3946866991927,0 31.41615856749427,-15.39402064526956,0 31.41660813034979,-15.39369989776117,0 31.4171201467434,-15.39388634867257,0 31.41721213255864,-15.39401682335911,0 31.41679342923373,-15.39522129381537,0 31.4157762456824,-15.39588804859895,0 31.41531965424007,-15.39578008121492,0 31.41523868293537,-15.39570711559562,0 31.41527651247347,-15.39498867793967,0 31.41617741907231,-15.3935979216406,0 31.41680751607974,-15.39300284680861,0 31.41689150444219,-15.39295658249692,0 31.41738339490051,-15.39320725875805,0 31.41682934200407,-15.39471322853899,0 31.415610091359,-15.39582251360781,0 31.41482025669805,-15.39611730583785,0 31.41451455965037,-15.3958792566695,0 31.41449305672707,-15.39579297365708,0 31.41462371002657,-15.39526224020786,0 31.41543035240454,-15.39431903183962,0 31.41628984521767,-15.39398870418602,0 31.41674969396978,-15.39441463120695,0 31.41641313026705,-15.39512700889805,0 31.41588023426379,-15.39547470928958,0 31.41566818230196,-15.39556332511951,0 31.4150191698713,-15.39569913730276,0 31.4147281709557,-15.39555251074694,0 31.41471457859604,-15.39549612194773,0 31.41509097724073,-15.39480273343842,0 31.41624235176529,-15.39375692202544,0 31.41669927294758,-15.39358573366261,0 31.41676504153518,-15.39360322534991,0 31.41690539049745,-15.39378671439711,0 31.41631022733822,-15.39471441714308,0 31.41530052641444,-15.39539263541068,0 31.41509323497335,-15.39540170587606,0 31.41499932330711,-15.39519779561342,0 31.41501367441009,-15.39513052844393,0 31.41530582819724,-15.39461067909794,0 31.41606107470181,-15.39391958282777,0 31.41616696124297,-15.39387693749641,0 31.41648720864622,-15.39392171223093,0 31.41661186376495,-15.39455728449417,0 31.41597853921677,-15.39521502774105,0 31.41531962406998,-15.39538818992436,0 31.41519055047383,-15.39537761923143,0 31.41479985439197,-15.39514878396568,0 31.41477540509911,-15.3950547124889,0 31.41483739174115,-15.39451741437083,0 31.41550745705651,-15.39350838818032,0 31.41640098802732,-15.39285904909872,0 31.41678021370882,-15.3929140807242,0 31.41685255862561,-15.39300445839502,0 31.41648565814374,-15.39400085938932,0 31.41544723899255,-15.39490986338088,0 31.41528154633899,-15.39501195003574,0 31.41475202319972,-15.39515201331366,0 31.41465356979872,-15.39501835246681,0 31.41469345012355,-15.39485893680275,0 31.41472765296803,-15.39479128254485,0 31.41502505478172,-15.39446936427664,0 31.41511763956318,-15.39439600926642,0 31.41540697180007,-15.3942738595474,0 31.41544452068499,-15.39428360309274,0 31.41557541243919,-15.39446639273961,0 31.41525323907696,-15.39488108080771,0 31.41474845939283,-15.39513458990161,0 31.4144767171183,-15.39503682415933,0 31.41448340797463,-15.39476482951346,0 31.41489094488245,-15.39420490790418,0 31.4150513952844,-15.39406507414768,0 31.41543451025025,-15.39385676260156,0 31.4156104286026,-15.39394987078846,0 31.41562478639819,-15.39400821149526,0 31.41537502693776,-15.3945168693059,0 31.41477898221162,-15.39507239872597,0 31.41448481634495,-15.39516610405257,0 31.41446103565664,-15.39514214601904,0 31.41448116413742,-15.39480172921555,0 31.41452858810769,-15.3946937930678,0 31.41460099793842,-15.39455747969909,0 31.4147241632873,-15.39438371305229,0 31.41484093560376,-15.39422741741639,0 31.41522552269956,-15.39387359189019,0 31.41554376265309,-15.39387272158504,0 31.4155321322954,-15.39433460818412,0 31.41547044201591,-15.39448331157878,0 31.41472770195704,-15.39533267412321,0 31.4144341752016,-15.395417924394,0 31.41440272844186,-15.39539425008438,0 31.41440126338307,-15.39514457488058,0 31.41445570071766,-15.39504965300287,0 31.41489647778207,-15.39448481239709,0 31.41560283879651,-15.39394906006293,0 31.41601252815553,-15.39391941909319,0 31.4161034318074,-15.39421284738703,0 31.41606532942263,-15.39437055066872,0 31.4152071963905,-15.39536938460401,0 31.41446248913707,-15.39563340738234,0 31.4142356378209,-15.39530299102401,0 31.41440161049367,-15.39476883674452,0 31.41451151069976,-15.39458616268769,0 31.41507539919648,-15.39397065486525,0 31.41523685471233,-15.39390660295929,0 31.41531174311931,-15.39424222164632,0 31.41492820813714,-15.39497880762647,0 31.41482251616246,-15.39512590286217,0 31.4144792247324,-15.39539329142872,0 31.41431799935547,-15.39519902812077,0 31.41430303229924,-15.39498626388072,0 31.41433379812896,-15.39482932195529,0 31.4146356856554,-15.39403267067135,0 31.41474516274841,-15.39384710209958,0 31.41486006169153,-15.39369533456949,0 31.41527403416007,-15.39341910389092,0 31.41540081790881,-15.39339907813189,0 31.41580249134367,-15.39373154126782,0 31.41585698946408,-15.39389355161713,0 31.41563438641075,-15.39484641690404,0 31.41495518063071,-15.39557767606484,0 31.41483265516374,-15.39563627797289,0 31.41451587404037,-15.39562364987422,0 31.41444531611541,-15.39556438827693,0 31.41435951882705,-15.39518357383029,0 31.41452572604378,-15.39480296446393,0 31.41458767316477,-15.39471128220572,0 31.4150324775804,-15.39443923987123,0 31.41564366530978,-15.39463416467771,0 31.41554997142248,-15.39548422978253,0 31.41502011976958,-15.39601354189962,0 31.4148658698514,-15.39608695054842,0 31.41474636115338,-15.39613368539324,0 31.41440663527491,-15.39610156362737,0 31.4143068491146,-15.39582400163635,0 31.41462553165154,-15.39539719909815,0 31.41533988296666,-15.39506856515445,0 31.41565018025033,-15.3950664435441,0 31.4160960133604,-15.39555549168215,0 31.41612124299944,-15.39574975950224,0 31.41571474698259,-15.396692423521,0 31.41555180700162,-15.3968868720077,0 31.41474673869706,-15.39736021232129,0 31.41462433081871,-15.39737128405447,0 31.41438932304904,-15.3972867316614,0 31.4143443900255,-15.39693054049892,0 31.41457710564909,-15.39657131319101,0 31.41525482167255,-15.39601662010188,0 31.41590103301743,-15.3957784800038,0 31.41608888266277,-15.39578685467126,0 31.41624892693164,-15.39584031557835,0 31.41658457481599,-15.39675745246581,0 31.41652494578256,-15.39701453409384,0 31.4161013594421,-15.39801793948676,0 31.41550934628776,-15.39825894769935,0 31.41541485024597,-15.39823948946482,0 31.41506960691808,-15.39799697769561,0 31.41510035196407,-15.39753197286323,0 31.41517491895349,-15.39743991702117,0 31.41569927976524,-15.39707627281864,0 31.41579767397792,-15.39705386547583,0 31.41623220351905,-15.3972390119017,0 31.41620230908106,-15.39810445897275,0 31.41569358461201,-15.39849471899695,0 31.41545807677364,-15.39848038502642,0 31.4154041007662,-15.39845617177889,0 31.41534787847604,-15.39841514630903,0 31.4153058165227,-15.39808276513068,0 31.4153744442136,-15.39799633665331,0 31.41609088017936,-15.39757577915192,0 31.41629394449834,-15.39749673314298,0 31.41709029280528,-15.39752139140381,0 31.41734989616894,-15.39805102519837,0 31.41731257483968,-15.39819905227719,0 31.41690003828492,-15.39845905144415,0 31.41608792346587,-15.39843964521147,0 31.41414439580927,-15.39717388129581,0 31.4142160116359,-15.3965593969111,0 31.41418421536481,-15.39665955738845,0 31.41379025476834,-15.39769063620526,0 31.41366659319007,-15.39800700870738,0 31.41334863350918,-15.39886780981667,0 31.41332825620258,-15.39892606394117,0 31.41334256352319,-15.3988906330737,0 31.41335145302436,-15.39883483625928,0 31.413499075328,-15.39805897357023,0 31.41358782616548,-15.39784621306592,0 31.41365727512834,-15.39763360220624,0 31.41370194131385,-15.39748160182638,0 31.41379299529669,-15.39731331305105,0 31.41384371683409,-15.39717772509942,0 31.41386700325369,-15.39708540221558,0 31.41393622626745,-15.39695318663894,0 31.41379293657116,-15.39715665064679,0 31.41371617909267,-15.39719194099435,0 31.41374236594256,-15.39713566250727,0 31.41384155654471,-15.39699516517424,0 31.41390831407875,-15.39683771893163,0 31.41405010638878,-15.39660192019538,0 31.41464594607647,-15.39552418641986,0 31.41485909517436,-15.39527336400775,0 31.41505609566798,-15.39556311038854,0 31.41485559684154,-15.39647950150199,0 31.41411373440092,-15.3970347559668,0 31.41373621898192,-15.39707684881494,0 31.41323664625925,-15.39674924157349,0 31.41320395421699,-15.39646303128681,0 31.41403469313793,-15.3955003687683,0 31.41615927935232,-15.39454800458762,0 31.41687753539323,-15.39473321826774,0 31.41695336987562,-15.39481379233634,0 31.41652436395032,-15.39549764661592,0 31.41552661538489,-15.39605210531525,0 31.4151903379867,-15.39604177955542,0 31.41538111602255,-15.39558242420354,0 31.41555226297994,-15.39530460956706,0 31.41758308842822,-15.39328702330102,0 31.41832034044882,-15.39297055027888,0 31.41814846701523,-15.39381478677347,0 31.4178925182166,-15.39411097982866,0 31.41714410623953,-15.39480595543337,0 31.41704703816285,-15.39459126316846,0 31.4174910282474,-15.39337511450834,0 31.41837282469908,-15.39256473070181,0 31.41848874683923,-15.39256297990528,0 31.41896140568495,-15.39311557236186,0 31.4171235997754,-15.39495354271115,0 31.41583518040401,-15.39548907652444,0 31.41530492343067,-15.39521204126101,0 31.41558669640375,-15.39448190458082,0 31.41730982651892,-15.39285014709009,0 31.41888957641364,-15.39222161640377,0 31.41972509128821,-15.39281071386133,0 31.41797995139577,-15.39491920811512,0 31.41735193939253,-15.39541419398272,0 31.41541334919646,-15.39647612753073,0 31.41450710273631,-15.39630463357769,0 31.41474066813569,-15.39562625745858,0 31.41658285125877,-15.39315681338332,0 31.4170829197186,-15.39269137845937,0 31.41843184548684,-15.39204049896653,0 31.4185419354075,-15.39209425929002,0 31.41865001378875,-15.39217881721633,0 31.41871415777517,-15.39226594220858,0 31.41871904747561,-15.39239642450859,0 31.41867029948497,-15.39256605500989,0 31.41863229134258,-15.39274389594863,0 31.4173135717143,-15.39399965392537,0 31.41684547520143,-15.39428128407534,0 31.41639029474754,-15.39451890464894,0 31.41600179910754,-15.39465572417361,0 31.41564344367621,-15.39475520783785,0 31.41532695075802,-15.39481025678758,0 31.41514421343115,-15.3948127227824,0 31.41500327433527,-15.39478375744893,0 31.41471290427793,-15.39441408065134,0 31.41509690531363,-15.39376828205335,0 31.41567333277485,-15.39332091620724,0 31.41700003813212,-15.39282036764325,0 31.417512771888,-15.39279007108411,0 31.41774622222184,-15.39277833197008,0 31.41794415452041,-15.39284687627471,0 31.41812896190712,-15.39289165299038,0 31.41822222699492,-15.39348643857995,0 31.41807059874172,-15.39373018450926,0 31.41786844336059,-15.39394106541074,0 31.41604560620547,-15.39513300827191,0 31.41561264883264,-15.39529629641618,0 31.41534291484025,-15.39538388492533,0 31.41510792347179,-15.39543082213843,0 31.41455639147995,-15.39519632354174,0 31.41455771595514,-15.39509708095026,0 31.41547716084767,-15.39362153378873,0 31.41589956188841,-15.39314770994102,0 31.41946177219128,-15.39096664999852,0 31.42004029674826,-15.39078056632846,0 31.42206440355157,-15.39086010821383,0 31.42213045146053,-15.39109228229134,0 31.42173157037205,-15.39222584117759,0 31.41821341368767,-15.39480605492422,0 31.4176929852093,-15.39503413712152,0 31.41581328260373,-15.39541008267407,0 31.41509794014886,-15.39489030137981,0 31.4152625176867,-15.39410526470727,0 31.41613801606911,-15.39346892171226,0 31.41715364084695,-15.39354963021278,0 31.41739675165959,-15.3936513674628,0 31.4181998198222,-15.39440487180813,0 31.41798432279993,-15.39537575897057,0 31.41773014084447,-15.39561296921027,0 31.41579510526596,-15.39677145767258,0 31.41394326269321,-15.39702513953831,0 31.41326873891466,-15.39590350144209,0 31.41484786181814,-15.39370576978691,0 31.41532889842225,-15.39332853281655,0 31.41832190141547,-15.39212299428114,0 31.4197057356241,-15.39262950397987,0 31.41847814515916,-15.3943844888207,0 31.41607933284495,-15.39592456929298,0 31.41447437038024,-15.39600976562375,0 31.41432917426587,-15.39588830210624,0 31.41438457752067,-15.39487050243552,0 31.4159349872488,-15.39322116806578,0 31.41823227747075,-15.39278409008932,0 31.41940266353183,-15.39356193113506,0 31.41818464135767,-15.39512015798819,0 31.41590738428744,-15.39606697239369,0 31.41497875182881,-15.39566179463541,0 31.41556043000379,-15.39456571891144,0 31.41591784703818,-15.39412246530496,0 31.41798724313237,-15.39260740483976,0 31.41909913752135,-15.39264594880857,0 31.41960587525434,-15.39369368752903,0 31.41779271816759,-15.39553128166514,0 31.41633880818463,-15.39614309951686,0 31.41554587345549,-15.39557925991565,0 31.41647485240208,-15.39457720424319,0 31.41685143840104,-15.39429432960593,0 31.4191482988667,-15.39343529975277,0 31.41966206007168,-15.39381231422436,0 31.41888014659094,-15.39483723182462,0 31.41721767959589,-15.39577678243463,0 31.41640307841668,-15.39567168999465,0 31.41655571743926,-15.39476112570326,0 31.41778385509903,-15.39368112503333,0 31.41933820596117,-15.3937250259024,0 31.41939799922368,-15.39474632647801,0 31.41705505048562,-15.39682596979596,0 31.41457297731522,-15.39767309406665,0 31.41334058151805,-15.39673913329483,0 31.41394621923532,-15.39587063041409,0 31.41424175977041,-15.39570588059222,0 31.41717889071912,-15.39536537723184,0 31.41768936026056,-15.39571770079966,0 31.41718628973848,-15.39602468720384,0 31.41538804811042,-15.39683635306288,0 31.41471866951468,-15.39673383441863,0 31.41607422281129,-15.39525565247747,0 31.41668809577196,-15.39483467892302,0 31.42136368855484,-15.39296263285221,0 31.42197356027985,-15.39338332104881,0 31.42185589677159,-15.39353754403893,0 31.41844253947146,-15.39583966722646,0 31.41769471132049,-15.39621214716559,0 31.41574235437838,-15.396936933959,0 31.4151233802887,-15.39629733515714,0 31.41536520327539,-15.39560243894074,0 31.41625881221981,-15.39499387222341,0 31.41790123921804,-15.39481898947433,0 31.41829633071861,-15.39487390782161,0 31.4191010441227,-15.39551447563231,0 31.4185709153602,-15.39603385817014,0 31.41648829108432,-15.3969300228702,0 31.4150208415527,-15.39720457990245,0 31.41427717364192,-15.39659053761621,0 31.41537324778349,-15.39493801331849,0 31.41868745433551,-15.39317627207598,0 31.42045277986105,-15.39354130513429,0 31.42033968577529,-15.39439706428538,0 31.41851356302458,-15.39545752628608,0 31.41587145620213,-15.39626221335763,0 31.41498608679592,-15.39624837861426,0 31.41491189155825,-15.39619244067615,0 31.41538257783304,-15.39536870947037,0 31.41697220653781,-15.39418410977531,0 31.41744515241503,-15.39396288009209,0 31.4178846729262,-15.39429309547738,0 31.41793891545559,-15.39477374137492,0 31.41772358019301,-15.39494468818262,0 31.41693459549861,-15.39523581773767,0 31.41681641775951,-15.39527712953523,0 31.41707418100754,-15.39504859197868,0 31.41785193012709,-15.39461211866332,0 31.41955281533143,-15.39393935769864,0 31.42119435108705,-15.393324758466,0 31.42144109455063,-15.39327134172459,0 31.42095458158602,-15.39359580114901,0 31.41874404267132,-15.39496487734039,0 31.4174992822563,-15.39554953744889,0 31.41680377688467,-15.39564273628791,0 31.416741869538,-15.39555886153163,0 31.41743617854817,-15.39516938535286,0 31.41910071868469,-15.39446152570195,0 31.42003155211292,-15.39424036257315,0 31.42009581867651,-15.39434003675156,0 31.41980374788081,-15.39461072342273,0 31.41903820271095,-15.39498188291466,0 31.41735809065689,-15.3957016941963,0 31.4170170821777,-15.39576649277548,0 31.41701333493986,-15.39569301324883,0 31.41739570453626,-15.39553754513281,0 31.41760292159341,-15.39551575149102,0 31.41957641974677,-15.39536952377493,0 31.41959786494785,-15.39549413504256,0 31.4195312293519,-15.39661163453825,0 31.41933955643772,-15.39717120979594,0 31.41933836652276,-15.39712662736245,0 31.41943732495445,-15.39698505080505,0 31.41953732082559,-15.39681055742914,0 31.41962491455402,-15.39660457179152,0 31.42006450423963,-15.39535449716655,0 31.42023915595168,-15.3949639357793,0 31.42026076687458,-15.3949230650893,0 31.41952157811512,-15.39606514049929,0 31.41899313356002,-15.39662098707108,0 31.41760448447652,-15.39829844502501,0 31.41752403778399,-15.39839717685997,0 31.41745204253151,-15.39850755811493,0 31.41752519937675,-15.39830077969319,0 31.41799328443802,-15.3977181875979,0 31.41819058709072,-15.39749155298526,0 31.41837861842502,-15.39730708267452,0 31.41868897110805,-15.39709307604072,0 31.41994247844702,-15.39646493661088,0 31.42035175653358,-15.39636328667808,0 31.42038907213088,-15.39643504784191,0 31.41946558095287,-15.39671956395651,0 31.41829881374384,-15.39686848395549,0 31.41813811120898,-15.39686551469298,0 31.41795310026635,-15.39674036592645,0 31.419448817744,-15.39587774156351,0 31.42078802888069,-15.3953082596949,0 31.42083546212846,-15.39529428975007,0 31.41982931945361,-15.39601345530468,0 31.41819324213788,-15.39676476442845,0 31.418034316964,-15.39680571704343,0 31.41820603770045,-15.39661550006363,0 31.41875409704818,-15.3962278071888,0 31.42043141141637,-15.39589793664091,0 31.42081754042162,-15.39560545068664,0 31.42059815210285,-15.39575147713291,0 31.4204513770539,-15.39587580467584,0 31.41915905419735,-15.39677680266263,0 31.41859131427572,-15.39705789031172,0 31.41940883615099,-15.3965641985084,0 31.41961026082239,-15.39640482649383,0 31.42021315583978,-15.3960077368929,0 31.41919812793428,-15.39667687682622,0 31.4188080594536,-15.39684526760735,0 31.41592422898008,-15.39756095755091,0 31.41670406767198,-15.39703276849279,0 31.41723795950932,-15.39694940053643,0 31.41728323243153,-15.39699618310277,0 31.4171644529578,-15.39746673403835,0 31.41664038562503,-15.39793874411179,0 31.41621799149775,-15.39795868083652,0 31.41615595662709,-15.39767278281229,0 31.41657732107011,-15.39718931933029,0 31.4171414389722,-15.39693934709087,0 31.41759000299415,-15.39692194806465,0 31.41742733168186,-15.3973742991478,0 31.4168222914877,-15.39792726848509,0 31.41662037013914,-15.39801388741549,0 31.4164390075402,-15.39787092957061,0 31.41643116730154,-15.39780348692578,0 31.41665581005198,-15.39720324673825,0 31.41728122689326,-15.39673796179599,0 31.41751306574689,-15.39678060654605,0 31.41740402918345,-15.39723225197807,0 31.41733403979041,-15.39809692860962,0 31.41704033593182,-15.39853194983908,0 31.41695164300336,-15.39855192347522,0 31.41617549979839,-15.39862241816983,0 31.41603657302403,-15.39861475180958,0 31.41555225199764,-15.39865944429882,0 31.41545096271508,-15.39866705795219,0 31.41523797037506,-15.39872768859476,0 31.41543099382892,-15.39872077386783,0 31.41552883636015,-15.39870157436307,0 31.41574014201797,-15.39871055171891,0 31.41620575412797,-15.39873244530571,0 31.41630962052799,-15.39872251985644,0 31.41655095761209,-15.39870844781359,0 31.41625357008433,-15.39868302201275,0 31.41577155495752,-15.39862864347235,0 31.4156720913607,-15.39858524602888,0 31.41644559402861,-15.39861351875484,0 31.41683323153531,-15.39861896074612,0 31.4164589467044,-15.39850500601245,0 31.41589481593734,-15.39834823436159,0 31.41580008755698,-15.39832972774175,0 31.4157067629941,-15.39829890530851,0 31.41598394958044,-15.3983423917258,0 31.41609385180523,-15.39834521871423,0 31.41622034518431,-15.39835284837987,0 31.41542093249717,-15.39800670779525,0 31.41517501428214,-15.39794493831412,0 31.41445032945231,-15.39778681562159,0 31.41439924728596,-15.39777454932138,0 31.41476115428077,-15.39777652356609,0 31.41546595322016,-15.39789366324749,0 31.4155042551904,-15.3979228238517,0 31.41534044443332,-15.39785854634467,0 31.41475836298881,-15.39764111127443,0 31.41463679069666,-15.39762096699393,0 31.41470263002564,-15.39769176511512,0 31.41546654592229,-15.39821241469789,0 31.41551476439434,-15.39827763201656,0 31.41559806379326,-15.39834797779429,0 31.41553622464973,-15.398298207926,0 31.4144699452735,-15.3979862428543,0 31.41429835045373,-15.39796391800087,0 31.41477906169978,-15.39820055426905,0 31.4149433736502,-15.39830228564137,0 31.41560090290796,-15.39871248655274,0 31.41439768572959,-15.39829684474267,0 31.41385610523686,-15.39812076009005,0 31.41482614545231,-15.39834902376395,0 31.41529547140905,-15.39848406152914,0 31.41538738796664,-15.39848052740445,0 31.41544813598879,-15.39850582239519,0 31.41477430670072,-15.3983226744783,0 31.41381157121649,-15.39807423796745,0 31.41373867560524,-15.39804611007409,0 31.41406541017678,-15.39818794805202,0 31.4145730324194,-15.39837120517355,0 31.4132010740849,-15.39762362219571,0 31.41319779243637,-15.39752195785474,0 31.41319558722416,-15.39745364713398,0 31.41318026829609,-15.39736563334358,0 31.41310780087898,-15.39681703191097,0 31.41313978275321,-15.39672060904085,0 31.41419093077058,-15.39692364296651,0 31.41439178901364,-15.39697544772123,0 31.41490317255079,-15.39739061966567,0 31.41416276938218,-15.39758160618638,0 31.41413905952262,-15.39753994801891,0 31.41435988453787,-15.39740893286798,0 31.41570226342644,-15.39709696986452,0 31.4158245054506,-15.39710340143769,0 31.41634350966111,-15.3974734540772,0 31.41606517252873,-15.39801215561334,0 31.41452782056849,-15.39845006372037,0 31.41370040591384,-15.39815708589582,0 31.41405053686356,-15.39796045394469,0 31.41618567581776,-15.39795531498189,0 31.4166459442331,-15.39830226063389,0 31.41601615963097,-15.39860594538193,0 31.41481276600283,-15.39858010312214,0 31.41524390106232,-15.39839400031497,0 31.4154799666995,-15.39834843301375,0 31.4169401574052,-15.3984608002541,0 31.41682234707417,-15.39858151203083,0 31.41635562832297,-15.39872528768721,0 31.41614033819794,-15.39878488201578,0 31.41591277637667,-15.39882916316335,0 31.41457648822872,-15.39882025867537,0 31.41459202261751,-15.39876999095178,0 31.41610262765853,-15.39874230051521,0 31.41645161317484,-15.3989218265772,0 31.41636177639678,-15.39892798156096,0 31.41634501943098,-15.39891881484869,0 31.41578961142054,-15.39918756005434,0 31.4156556749791,-15.39918639236636,0 31.41441458594188,-15.39913693512508,0 31.41416295449648,-15.39912197498766,0 31.41361078314468,-15.39908053959042,0 31.41388359334351,-15.39904745231988,0 31.4152917422549,-15.39896596157182,0 31.41588652336515,-15.39893465550813,0 31.41573305632789,-15.39895002947005,0 31.4150625705141,-15.3989154514048,0 31.41393371755085,-15.39883501914404,0 31.41384781842169,-15.39882830710943,0 31.41456181532886,-15.39879839907256,0 31.4170102700959,-15.3986329382971,0 31.41720546759734,-15.39864371317151,0 31.41705652151843,-15.39867650940505,0 31.41693013919344,-15.39867754006812,0 31.41609813493897,-15.3987178571971,0 31.4159525181994,-15.39870760144082,0 31.41640686852333,-15.39868793372927,0 31.41660134143335,-15.39867088058608,0 31.41722220969603,-15.39869410743529,0 31.4171174198852,-15.398716933724,0 31.41565054309668,-15.39870280996913,0 31.41487535874737,-15.3986412396906,0 31.41516586900774,-15.39858020369712,0 31.41542701827897,-15.39856013697999,0 31.41761476030944,-15.39832395613921,0 31.41779392530894,-15.39831562290388,0 31.41794633444299,-15.39831173932826,0 31.41716840140658,-15.39843533695925,0 31.41555470752139,-15.39853353716774,0 31.41494991681597,-15.39853215478088,0 31.41514011225257,-15.3984988581725,0 31.41536896634249,-15.39849617189017,0 31.41664334235101,-15.39844939188633,0 31.41686474559115,-15.39846495656903,0 31.41571905793341,-15.39856315727351,0 31.41464261860014,-15.39862005493997,0 31.41324115490065,-15.39865554935839,0 31.41373526699385,-15.39856223087518,0 31.41727726073819,-15.39789397568531,0 31.41748028862517,-15.39784479623695,0 31.41793745840335,-15.39775826659241,0 31.41749221692323,-15.39780131328498,0 31.41560130141091,-15.39813095692065,0 31.41519133091179,-15.39815485252351,0 31.416622233625,-15.39793550652473,0 31.4181352921175,-15.39779883923086,0 31.41790697810021,-15.39782033253973,0 31.41563635009669,-15.39821245547399,0 31.41367626655515,-15.39845293101164,0 31.41487466395389,-15.39836407954341,0 31.41611787697516,-15.39832625761811,0 31.41638545483429,-15.39833815479392,0 31.41657688719795,-15.39833180595949,0 31.41692176352726,-15.39834436199066,0 31.41669354580724,-15.39830443641812,0 31.41540807473725,-15.39832643605016,0 31.41511365092336,-15.39834372871915,0 31.41736388732212,-15.39794046800365,0 31.41875900083665,-15.397744487465,0 31.41859520604724,-15.39774786512412,0 31.41772255912328,-15.39783281192506,0 31.41748525309929,-15.3978708996857,0 31.41666812649381,-15.39795040927804,0 31.4174538321777,-15.39779647625821,0 31.41841986761277,-15.39768319681617,0 31.41786968616185,-15.39773155425752,0 31.41676639550749,-15.3977777113313,0 31.41667872042268,-15.39777368803253,0 31.41727148441543,-15.39765105222891,0 31.41897901654576,-15.39733395832308,0 31.4176160940682,-15.39748416723301,0 31.41687928530231,-15.39754601045551,0 31.41740374014672,-15.39746642605529,0 31.41758389071798,-15.39742233729549,0 31.41738820435195,-15.39747042541847,0 31.41724238623157,-15.39748025481359,0 31.41665458665744,-15.39756434869567,0 31.41727904125291,-15.39749844416183,0 31.41740776796692,-15.39749296524502,0 31.41776015030355,-15.39747825105537,0 31.41732697464906,-15.39759600215693,0 31.41702318246679,-15.39769988724951,0 31.4169948380443,-15.39772054383716,0 31.41738138180894,-15.39763701367068,0 31.41862306913048,-15.3973236877879,0 31.41874982945594,-15.39729569383501,0 31.41829164300677,-15.39739790272777,0 31.41780269352963,-15.39748228966463,0 31.41858837106612,-15.39710195094692,0 31.41912034606205,-15.39687579428998,0 31.41857283403849,-15.39696066348629,0 31.41845111961825,-15.39697554524478,0 31.41788718550882,-15.39701434198003,0 31.41829730549649,-15.39688331949561,0 31.419784144036,-15.39642378516223,0 31.41969368751501,-15.39643067203553,0 31.41838154941307,-15.39674581082944,0 31.41821404725461,-15.39678846706812,0 31.41888081244767,-15.39655851058815,0 31.41946567654604,-15.39636352797349,0 31.41866053982369,-15.39654056428115,0 31.41829907952869,-15.39662043280642,0 31.41866348297475,-15.39649479786941,0 31.42077923313386,-15.39566694489863,0 31.4198215580123,-15.39593476590426,0 31.41836226235836,-15.39632075218994,0 31.41880424493046,-15.39621398920343,0 31.41898947139197,-15.39616316188116,0 31.4194304355573,-15.39604225545294,0 31.41918005721028,-15.39611090629038,0 31.41898947139197,-15.39616316188116,0 31.41803284515607,-15.39648569239983,0 31.41871789715307,-15.39640498162338,0 31.41897359524771,-15.39636741291305,0 31.41876554199988,-15.39642252989976,0 31.41864277714146,-15.39644013969922,0 31.41816697788421,-15.39646376284472,0 31.41888215347652,-15.39619258649152,0 31.42049015441764,-15.39556430885539,0 31.41903387792091,-15.39583744785464,0 31.4181411662457,-15.39589920504088,0 31.41769674598343,-15.39586720493159,0 31.41784602378611,-15.39579066879734,0 31.42026145223986,-15.39519441214748,0 31.42137303461059,-15.39517036468846,0 31.41979762197487,-15.39540134647292,0 31.41924115686417,-15.39540696605656,0 31.41909087310578,-15.39537252057601,0 31.41977688437829,-15.39504205715073,0 31.42086331614238,-15.39466361681746,0 31.42098589980214,-15.39464241220838,0 31.4211326034951,-15.39463138810557,0 31.42017839135963,-15.39489793340754,0 31.41919149924212,-15.39504691816952,0 31.4196384278327,-15.39490205433343,0 31.42039025189051,-15.39493373683553,0 31.41997244652646,-15.39506440265761,0 31.41949987567779,-15.39514621258194,0 31.41934820329273,-15.39514475208685,0 31.41949474423637,-15.39506504130491,0 31.42042643683924,-15.39476771415137,0 31.42084039563436,-15.39474078973893,0 31.42064360604906,-15.39487184262899,0 31.41848635675626,-15.39535512801776,0 31.41836920369297,-15.3953452022622,0 31.41808970387208,-15.39508854540651,0 31.41875028510713,-15.3947333014658,0 31.42036494289237,-15.39438862725829,0 31.4210687813811,-15.3942968569049,0 31.42240937989472,-15.39472111557437,0 31.4223608803687,-15.39482531240659,0 31.42059266732448,-15.39585325219263,0 31.41911091991117,-15.39597344706237,0 31.41899750051466,-15.39592694075803,0 31.4188630523685,-15.39557115148132,0 31.41892302512185,-15.39540871901916,0 31.41969648583614,-15.39427002017724,0 31.4204956728837,-15.3940979922,0 31.42106911679206,-15.39501828961092,0 31.42102329303669,-15.39511852459399,0 31.42009153749743,-15.39561261194125,0 31.41894317470239,-15.39535414564159,0 31.41915141915365,-15.39482873072107,0 31.42088516348681,-15.39426825556579,0 31.42160270877748,-15.39439362212002,0 31.42039181745678,-15.39495035814264,0 31.42016179137198,-15.39500515989189,0 31.41956576755356,-15.39497572487951,0 31.41996263426677,-15.39403726586949,0 31.42111441873735,-15.39300139781967,0 31.42230548987825,-15.39326737321698,0 31.4222922300438,-15.39342501219164,0 31.42079258879198,-15.39482539914106,0 31.41900177980818,-15.39515732027226,0 31.41879142778304,-15.39463645383326,0 31.41983955497884,-15.39364156917428,0 31.42065994428966,-15.39348388240948,0 31.42048310196208,-15.39396020625812,0 31.42028070139094,-15.39404853605066,0 31.41890482897276,-15.39431261086772,0 31.41860005674111,-15.39415613583668,0 31.4188967617811,-15.39404507595244,0 31.41911540351626,-15.39410017511268,0 31.41896965843903,-15.39420466028326,0 31.41881155828968,-15.39419519560611,0 31.41918787718839,-15.39386746773315,0 31.42046457837739,-15.39324707342884,0 31.42053285859707,-15.3933489334702,0 31.42043321837568,-15.39340401023641,0 31.41998101596622,-15.39355370370216,0 31.41951921788255,-15.39348228045682,0 31.41962114632303,-15.39317952302444,0 31.41992782201751,-15.39306039286241,0 31.42105365780417,-15.39343171666583,0 31.42081099797923,-15.39434603276641,0 31.41914401656353,-15.39507872540368,0 31.41864902046364,-15.39498039411687,0 31.41856336989618,-15.39483038580686,0 31.41974843908996,-15.39430376528199,0 31.41987295187748,-15.39426062079994,0 31.42022620193704,-15.39429560724784,0 31.41876122663566,-15.39553880096546,0 31.41720036366146,-15.39588685612207,0 31.41686811344009,-15.39568101653622,0 31.41722141094042,-15.39474624847638,0 31.41806177373698,-15.39402965378803,0 31.41965964180394,-15.39405766382182,0 31.42022241164646,-15.39505411041942,0 31.41798737121619,-15.39684655132678,0 31.41735944598442,-15.3971199373618,0 31.41571634138093,-15.39761085295915,0 31.41568752663713,-15.39711449727957,0 31.41653214311941,-15.39636959619561,0 31.41719784780338,-15.39640110025894,0 31.41727446596536,-15.39738915976683,0 31.4168035780996,-15.39788923146351,0 31.41659299959976,-15.39800952467359,0 31.41558771317048,-15.39814682911576,0 31.41530118705868,-15.39762376885257,0 31.41539863410665,-15.39744453489328,0 31.41613031911474,-15.39646332960661,0 31.41691017661046,-15.39675395915344,0 31.41715226837999,-15.39862842777428,0 31.41609628235331,-15.39955243843031,0 31.41425925402841,-15.39932858850628,0 31.41399869262581,-15.39916570097557,0 31.41373005123334,-15.39777552910041,0 31.41561158376258,-15.3959955139962,0 31.41702556205348,-15.39627834958747,0 31.41674606066638,-15.39790371437529,0 31.41528431980499,-15.3984488084168,0 31.41495163759391,-15.3983983368463,0 31.41419288823719,-15.39621656133561,0 31.41583641421458,-15.39368458583392,0 31.41604042132934,-15.39361291270477,0 31.41740240215252,-15.39508784760436,0 31.4173522660982,-15.39542943937566,0 31.41598368131405,-15.3971136291977,0 31.41576311530138,-15.39716068600666,0 31.41430217033424,-15.39662090753911,0 31.41468632984422,-15.39545321967621,0 31.41481344954533,-15.39533364914917,0 31.41658509492057,-15.39519216185669,0 31.417324390107,-15.39653746274796,0 31.41630064364166,-15.3973773133163,0 31.41529427351197,-15.39723526281919,0 31.41518086649297,-15.39716073736581,0 31.41531462637958,-15.39619249874428,0 31.41653165308468,-15.39543567146255,0 31.41731145048838,-15.39544306419081,0 31.41745782010871,-15.39554777098749,0 31.41770303334343,-15.3966339414463,0 31.41760365300199,-15.39684623932836,0 31.41586193434263,-15.39813623242187,0 31.41536064284258,-15.39824734174399,0 31.41300905590278,-15.3981526080413,0 31.41318052774461,-15.39698697777264,0 31.41341312212938,-15.39657765278983,0 31.41560958099785,-15.39448717854199,0 31.41788906676913,-15.39472729099269,0 31.4172740884748,-15.39797563796725,0 31.41530471252159,-15.39966669789987,0 31.41382947180292,-15.39886516609266,0 31.41373267981633,-15.39855171900339,0 31.41466442271745,-15.39596847213967,0 31.41637214703197,-15.39486082791916,0 31.41781507502084,-15.39754921655153,0 31.41726558647951,-15.39926268206814,0 31.41656356607444,-15.39933712237117,0 31.41636142554509,-15.39927097681769,0 31.41495954435064,-15.39782939351639,0 31.41592445213981,-15.39658131863128,0 31.41613762341632,-15.39650331051554,0 31.41709408577312,-15.39694127883224,0 31.41710879464939,-15.39711737850026,0 31.41650818494718,-15.39836119965969,0 31.41529625961671,-15.39863219165473,0 31.41516043343891,-15.39723180032928,0 31.41626513608852,-15.39586361854314,0 31.4173963944878,-15.39663183682353,0 31.41714925576229,-15.39842613510672,0 31.41573167855439,-15.39861124457943,0 31.41522920811969,-15.39740899824533,0 31.41672241726083,-15.39599346049586,0 31.41811940627358,-15.39652099440124,0 31.41717568634697,-15.39785136787847,0 31.41521961122953,-15.39802354198404,0 31.41455905979556,-15.39653677898247,0 31.41646346065591,-15.39444527919058,0 31.41829102444915,-15.39521191825354,0 31.41695770776019,-15.39830896134682,0 31.41655752073753,-15.39862786692214,0 31.4137324441336,-15.39902675977252,0 31.41285538476705,-15.39808504153364,0 31.41343507895182,-15.39708618865623,0 31.41537991461728,-15.39681181898974,0 31.41627021990509,-15.39824915316582,0 31.41528565247053,-15.39925789850702,0 31.41380929886602,-15.39833502163316,0 31.41475901628121,-15.39605648197381,0 31.41559638693275,-15.39576033590002,0 31.41586519081378,-15.39588163000056,0 31.41672454466672,-15.39770786909237,0 31.41670432655927,-15.39783411956794,0 31.41544767399417,-15.39805146462741,0 31.41344181033673,-15.39646738073878,0 31.41398013255675,-15.39484432006771,0 31.41585388071045,-15.39437239478719,0 31.41658284827292,-15.39577446198558,0 31.4154697505097,-15.3969874252946,0 31.4147593464026,-15.39709708239597,0 31.41484546628293,-15.39696873137653,0 31.41605621635819,-15.39737725663234,0 31.4172342394966,-15.39971626498011,0 31.41558038270089,-15.40067605875316,0 31.41289051827709,-15.39996321553996,0 31.41293425413862,-15.39921033621009,0 31.4147031261808,-15.39864622879254,0 31.41496900987193,-15.39866165457427,0 31.41650456360062,-15.4000655426338,0 31.41641059890441,-15.40084521436242,0 31.41522740587438,-15.40019851772431,0 31.41481159017005,-15.39850841538526,0 31.41487103339807,-15.39835262754406,0 31.41546386382546,-15.39820034487628,0 31.41621799208708,-15.40008204109571,0 31.41569367885353,-15.401221092429,0 31.41501083273929,-15.40104157920226,0 31.41499036327961,-15.40095559202172,0 31.41527442511532,-15.40024030041776,0 31.41631169141793,-15.40006885673381,0 31.41679995545839,-15.40058938802662,0 31.41558861697101,-15.40113154464315,0 31.41500560501532,-15.40072082552605,0 31.41608225693031,-15.39967509938973,0 31.41687811403201,-15.39947314035165,0 31.41651681996796,-15.3997877949005,0 31.41592699579851,-15.39995044732957,0 31.41607449242349,-15.39961646863966,0 31.41629958467011,-15.39950666099316,0 31.41645249113558,-15.40026655389738,0 31.41599582095743,-15.40055475543412,0 31.41608225693031,-15.39967509938973,0 31.41614323901295,-15.39954467883156,0 31.41637113349194,-15.39935848204245,0 31.41595195549446,-15.40011095928609,0 31.41583015681464,-15.40020259942365,0 31.41547473019704,-15.40025948429781,0 31.41572695488412,-15.39935725471338,0 31.41588721234666,-15.39917059463874,0 31.41599103220263,-15.39988097627116,0 31.41528936815437,-15.40023838842848,0 31.4152648300216,-15.39986264139772,0 31.41551869004335,-15.39961051366958,0 31.41558303898648,-15.39997217480665,0 31.41484111596004,-15.4008817830482,0 31.41460775222641,-15.40076742270617,0 31.41497920958986,-15.3999468204776,0 31.41519207780655,-15.39989580402378,0 31.41530367024986,-15.39998783926786,0 31.41552373046349,-15.40055683763411,0 31.41460692921733,-15.40043800523385,0 31.41361486860959,-15.39976377281576,0 31.41375269688172,-15.39940258191832,0 31.41486954692297,-15.39946980557835,0 31.41527542584137,-15.39989679500674,0 31.41514980343717,-15.39986598909216,0 31.41505520301641,-15.39926606010898,0 31.4152190195778,-15.39911062961565,0 31.41531388424273,-15.4003754930858,0 31.41425974412511,-15.40065140382816,0 31.41369034637346,-15.39990928132247,0 31.41456953361665,-15.39950461610388,0 31.41474838340951,-15.39952176522999,0 31.41523303187684,-15.39976014127947,0 31.41484324735025,-15.3997493730305,0 31.41414356532841,-15.39891682976855,0 31.41417942203759,-15.39861225955108,0 31.41442177279042,-15.39880686071543,0 31.41438048939709,-15.39972058461213,0 31.41411624482093,-15.39978794103324,0 31.41407256636746,-15.3997462516018,0 31.4140312536895,-15.39933141481938,0 31.4145024903711,-15.39946428734466,0 31.41491582925718,-15.40000136494006,0 31.41436541594181,-15.39994115683101,0 31.41347591437557,-15.39928707702713,0 31.41376457666062,-15.39902154985483,0 31.41424908769557,-15.39922689511843,0 31.41426158917535,-15.39937398022235,0 31.41338957269,-15.39930056490257,0 31.4132453265434,-15.39867592298418,0 31.41333338520854,-15.39856932718727,0 31.41452946148938,-15.39803340783198,0 31.41541396823055,-15.39864978242583,0 31.41514651199285,-15.39945755517848,0 31.41460449423401,-15.39941826945852,0 31.41454465872892,-15.39917892892667,0 31.4150659101163,-15.39935950284338,0 31.41554632485956,-15.4003188323781,0 31.4146741997433,-15.40043329445192,0 31.41362821752024,-15.3996340817343,0 31.41454595373666,-15.39869342689314,0 31.41545087154593,-15.39859253441159,0 31.41558521100411,-15.39891489284261,0 31.41451642645506,-15.39887654965097,0 31.41395624732772,-15.39818900098539,0 31.41448619849805,-15.39812597935151,0 31.41548285269468,-15.39904461681756,0 31.41522428808651,-15.39967810846127,0 31.41509164561247,-15.39953803389873,0 31.41512270505055,-15.39944843340234,0 31.41541625887148,-15.39892147519218,0 31.41562268701054,-15.39905669988833,0 31.41566233543601,-15.39977015288999,0 31.41538987844568,-15.3999414738708,0 31.41528660368981,-15.39913695195872,0 31.41565544075025,-15.39858858904092,0 31.41601445894482,-15.39904877100573,0 31.41590819867348,-15.39970544846975,0 31.41543888124648,-15.39950222422553,0 31.41557499235646,-15.39867999674641,0 31.41592848575359,-15.39854655751841,0 31.41627531323039,-15.39931203166895,0 31.41594940809951,-15.39989969864984,0 31.4155972609312,-15.39948855414543,0 31.41578522663051,-15.39861327391421,0 31.41629481592073,-15.39889135179632,0 31.41638252720971,-15.39988016858087,0 31.41599221788564,-15.39999849767492,0 31.41592699579851,-15.39995044732957,0 31.41561308260506,-15.39921824489124,0 31.41610716366848,-15.39848433330369,0 31.41639012482454,-15.39883289201251,0 31.41619518303977,-15.40077033367717,0 31.41542191644045,-15.40127706287966,0 31.41507515202116,-15.40117920961861,0 31.41471714503038,-15.4001184255119,0 31.41587799520369,-15.39897366302428,0 31.41724871333531,-15.39953886371772,0 31.41734699163611,-15.39978669739435,0 31.4168029472867,-15.40140647791301,0 31.41405098301781,-15.40158668274371,0 31.41266022624744,-15.40027944636531,0 31.4137053128035,-15.39870001240406,0 31.41609385180523,-15.39834521871423,0 31.41664592202406,-15.39921934275749,0 31.4155972609312,-15.39948855414543,0 31.41349067464527,-15.39821712124243,0 31.41496042212713,-15.39671135779681,0 31.41652697297058,-15.39717929018898,0 31.41658958022857,-15.39743297707342,0 31.41616143515868,-15.39881838765986,0 31.41596112738783,-15.39888318024148,0 31.41446442747606,-15.39841394019693,0 31.41474143346773,-15.39731932879347,0 31.41573996114537,-15.39773588455867,0 31.41571422943263,-15.39922515493611,0 31.41558918501195,-15.39925889888084,0 31.4139764868467,-15.39847931173757,0 31.41512270879743,-15.39660778025432,0 31.41556528839964,-15.39646978024488,0 31.41557733487584,-15.39675344618868,0 31.41553378161706,-15.39687471850746,0 31.41371468316387,-15.39779095046759,0 31.41356719928302,-15.39777216371808,0 31.41331772753648,-15.39638511098148,0 31.41369650874108,-15.39551164938278,0 31.41364417196091,-15.3954651133993,0 31.41326564821414,-15.39551061208149,0 31.41317209708442,-15.39564064801272,0 31.41312684057486,-15.39571104840136,0 31.41306350577774,-15.39583997373345,0 31.41353499465394,-15.39507516078964,0 31.4137268194763,-15.39471695869224,0 31.41428150156496,-15.39335019148235,0 31.41443781880477,-15.39290917649894,0 31.41484868524816,-15.39184296740767,0 31.41478893111508,-15.39192460809821,0 31.4147494662053,-15.3920102260594,0 31.41433157057238,-15.39298912749532,0 31.41420530932942,-15.39326089362463,0 31.41291359955947,-15.39602637844803,0 31.41260048357553,-15.39653025845415,0 31.41359611732478,-15.39515872523319,0 31.41460021035794,-15.39371683163674,0 31.41445228112911,-15.39409474468595,0 31.41356877259736,-15.3956691302473,0 31.41329935423074,-15.39602144361123,0 31.41338019633929,-15.39588697750766,0 31.41439508714666,-15.39371260847505,0 31.41451970921097,-15.39338036480074,0 31.41444489911171,-15.39360776809712,0 31.4143764774545,-15.3937757528592,0 31.41346396981287,-15.39576293210027,0 31.41311453673753,-15.39650699986035,0 31.41324143903494,-15.39622249697593,0 31.41382187492415,-15.39493958208868,0 31.41397993652354,-15.39446454933766,0 31.41456282961936,-15.39261914072907,0 31.41459612802449,-15.39253092906439,0 31.41455484216184,-15.39272314251871,0 31.41423359993364,-15.39396554202488,0 31.4135787728859,-15.39532919017273,0 31.41345790908517,-15.39552649145905,0 31.41382339944964,-15.39485518454186,0 31.41408097262261,-15.39416506038073,0 31.41420801700097,-15.39379701669033,0 31.41459700582358,-15.39257346757242,0 31.41437764001468,-15.39344500558607,0 31.41337791086594,-15.39558523992182,0 31.41306144601134,-15.3960083103299,0 31.41310848115354,-15.39586136376662,0 31.41382678929305,-15.39429642019794,0 31.41448167799713,-15.39293078379751,0 31.41399211681144,-15.39433287622678,0 31.41357966992702,-15.39515194127206,0 31.41370541361542,-15.39498899780148,0 31.41376703963896,-15.39489329914653,0 31.41465354909351,-15.39283332578968,0 31.41491932996832,-15.39218351883914,0 31.41460413306264,-15.39279972361829,0 31.41339100129772,-15.39537935202921,0 31.41294940262595,-15.39608926689275,0 31.41288068250148,-15.39617859122509,0 31.41317400799577,-15.39565303898403,0 31.41390586891833,-15.3942177963265,0 31.41460015157107,-15.39237459411693,0 31.41451693789847,-15.3925993877018,0 31.41449147350456,-15.39295463745595,0 31.41423213520958,-15.3946644488907,0 31.41423871348045,-15.39470451448125,0 31.41456962731756,-15.39399761663452,0 31.41480256842086,-15.39319463500734,0 31.41473313290475,-15.39346295919324,0 31.41469776165164,-15.39365934926159,0 31.41374731396217,-15.39565286340698,0 31.41366184896763,-15.39579227334014,0 31.41357774837628,-15.39592945690084,0 31.41392826153881,-15.39529618546535,0 31.41514886717278,-15.39266719409705,0 31.41550514282568,-15.39200972744492,0 31.41478224591455,-15.39365030355361,0 31.41369359220593,-15.3957003975605,0 31.41360518595829,-15.39581394721641,0 31.41390048794861,-15.39532114346222,0 31.4155575676821,-15.39264999751122,0 31.41582568418745,-15.39231272677021,0 31.41564287054826,-15.39266950262153,0 31.4150521383364,-15.39422582592071,0 31.41492270168334,-15.39451238609793,0 31.41492064043725,-15.39445601560017,0 31.4153459251215,-15.39329262480385,0 31.41596725288723,-15.3921909009112,0 31.4162863809841,-15.39172014504681,0 31.41613763516042,-15.39195339796358,0 31.41556739714076,-15.39276463491039,0 31.41541212492358,-15.39307365291817,0 31.41485273268085,-15.39398782115659,0 31.4152760716621,-15.39315061475962,0 31.41597485929182,-15.39210495292227,0 31.41567504416633,-15.39248652924288,0 31.41423674195348,-15.3940358425239,0 31.41418180313267,-15.39408995494781,0 31.41618640490407,-15.39285358589469,0 31.41886443745766,-15.39136819526375,0 31.41895689494755,-15.39132391359185,0 31.41799797019313,-15.39156654612238,0 31.41764940666433,-15.39165823484641,0 31.41611871067273,-15.39211241441436,0 31.41649042196664,-15.39200065230481,0 31.41797758383511,-15.39161251950438,0 31.41815401291551,-15.39155793541253,0 31.4171849662506,-15.39177562062671,0 31.41637107275476,-15.391929423697,0 31.41616425994944,-15.39198904398605,0 31.41580598418558,-15.39204569886955,0 31.41686682262485,-15.39206061754629,0 31.41830299642054,-15.39185969999556,0 31.41656492279796,-15.3920624036345,0 31.41620902197051,-15.39214756794247,0 31.41700685248674,-15.3921082841954,0 31.41723093819171,-15.39204606879375,0 31.41744794891013,-15.39198630378021,0 31.41790572775332,-15.39186034321852,0 31.41718660006253,-15.3920684853828,0 31.41598935989524,-15.39234274101578,0 31.41629111856439,-15.39226986326744,0 31.41744196909868,-15.39195523965271,0 31.41632878115896,-15.39223402355666,0 31.41618078828,-15.39224457318041,0 31.4163065685528,-15.39222896542779,0 31.41639328447448,-15.39223394270414,0 31.41789881123308,-15.39181134811166,0 31.41773579041178,-15.39191048209019,0 31.41627028675386,-15.39244515862556,0 31.41617205162075,-15.39247797624759,0 31.41607609019984,-15.39252618019868,0 31.41711660808937,-15.39225617631979,0 31.41771770221788,-15.39209133867383,0 31.41653801480311,-15.39244407517934,0 31.41553109730774,-15.39263271027357,0 31.41639505085089,-15.39256180434237,0 31.41760230743719,-15.39228392235049,0 31.41780284548961,-15.39223672601146,0 31.41759947763088,-15.39226834794256,0 31.41740425587188,-15.3922963573551,0 31.4160134575653,-15.39257103360034,0 31.41764843566764,-15.39212536917258,0 31.41822831659928,-15.391978194384,0 31.41800355015164,-15.39205305035647,0 31.41777545008599,-15.39213157397255,0 31.41629324890618,-15.3925627158437,0 31.41625976043905,-15.39257807523264,0 31.4181734250857,-15.3922894064499,0 31.41835596571136,-15.39229416904618,0 31.41825200425945,-15.39232244729657,0 31.41604962660015,-15.39273497860268,0 31.4158363594304,-15.39275917193721,0 31.41687962984912,-15.39264626959912,0 31.41740506035446,-15.39257726340942,0 31.41730034633888,-15.39260885427761,0 31.41712327463554,-15.39264248937563,0 31.41563621992793,-15.39283692233811,0 31.41706115259287,-15.39262463752341,0 31.41727290309998,-15.39260575609304,0 31.41749579181413,-15.39255120233135,0 31.41585892371039,-15.3928085659607,0 31.41568989521193,-15.39282698514888,0 31.41572756693787,-15.39282451232999,0 31.41730863017198,-15.39262059767062,0 31.41699163305857,-15.39270198828926,0 31.41567337097435,-15.39287942889528,0 31.41587651162363,-15.39284517891316,0 31.41752667750695,-15.39258315668464,0 31.41765373554692,-15.3925556504652,0 31.41671706053597,-15.39233883314543,0 31.41664472851963,-15.39224082176583,0 31.41694618907777,-15.39219003303754,0 31.41620108680982,-15.39238153535378,0 31.41607297761055,-15.39236546511472,0 31.41671414841682,-15.39230678438491,0 31.41659485611101,-15.39238270524593,0 31.41649531215153,-15.3924320797416,0 31.41609492464688,-15.39251678401618,0 31.41621060483948,-15.39245863304195,0 31.41667812727791,-15.39237480828717,0 31.41646336316911,-15.39253046232432,0 31.41622636208681,-15.39259339368826,0 31.41649984325754,-15.39247948314321,0 31.41678691072186,-15.39240467551222,0 31.41642298581769,-15.39253376822378,0 31.41562012864872,-15.39284438167018,0 31.41553477838161,-15.39286909813313,0 31.41535012682948,-15.39292534083275,0 31.41634018261026,-15.39266295389289,0 31.41658461449495,-15.39261345262179,0 31.41713253398049,-15.39246448923376,0 31.4158774234871,-15.39288952481317,0 31.4147492133371,-15.39323332996443,0 31.41495858903931,-15.39309310733273,0 31.41523567439097,-15.39291989799856,0 31.41921159543221,-15.39118371496559,0 31.41973169272958,-15.3911298164429,0 31.41914203083079,-15.39148842050842,0 31.41886368328077,-15.39161886183606,0 31.41668543769968,-15.39245450148635,0 31.41671414841682,-15.39230678438491,0 31.41884805853741,-15.39114142441844,0 31.42040575521271,-15.3905871573617,0 31.41994334017965,-15.39086940309667,0 31.41855222880781,-15.39147986982232,0 31.41803491478551,-15.39165416368824,0 31.41650639194014,-15.39195877451168,0 31.41702449246764,-15.39178996951232,0 31.4172072594524,-15.39176402318977,0 31.41761248249511,-15.39176477336248,0 31.41618469765353,-15.39212727027348,0 31.41575298602051,-15.39209003175874,0 31.41731535758705,-15.39165520204753,0 31.41767013554738,-15.39161211842077,0 31.41821911290559,-15.39158117499158,0 31.41655620235185,-15.39199988447739,0 31.41695151167793,-15.39174177443829,0 31.41812588992346,-15.39132124219568,0 31.41872107321583,-15.39121995820653,0 31.42002787205351,-15.39092029218928,0 31.41716518440266,-15.39154124760868,0 31.41700675976089,-15.39155510960627,0 31.41682705182766,-15.39145692305251,0 31.41884834781497,-15.39108500446203,0 31.41899711320913,-15.39106669757596,0 31.41857070642637,-15.39123596721836,0 31.41734148246311,-15.39139412878461,0 31.41819532669703,-15.39103098840898,0 31.41940034524395,-15.39071174305702,0 31.41840655992142,-15.3907945585144,0 31.41775844143172,-15.39080528662616,0 31.41765932406727,-15.39080496039359,0 31.4175360840383,-15.39080015862266,0 31.41912205947227,-15.39054540114939,0 31.41889980838881,-15.39058342368094,0 31.41719738801514,-15.39093229735226,0 31.41744229169199,-15.39083406531503,0 31.41916968570604,-15.39071393851091,0 31.41856337764299,-15.39088533959847,0 31.41830271416546,-15.39095865015081,0 31.4173533144,-15.39120858984856,0 31.41799752500744,-15.39100638902062,0 31.4194830053636,-15.39080380322584,0 31.41852015875486,-15.39096315789804,0 31.41807649830139,-15.39105605041306,0 31.41672803239589,-15.39124520421134,0 31.41685926747501,-15.39118986500747,0 31.41904677592781,-15.39064213455165,0 31.4188995664251,-15.390622007323,0 31.41597985411742,-15.3912753118537,0 31.41564433041503,-15.3913588519667,0 31.41747672058079,-15.39097919523778,0 31.41796726046189,-15.39093068646789,0 31.41689833630474,-15.39111475026251,0 31.41671446265434,-15.39111157557015,0 31.41813049007835,-15.3907119693845,0 31.41785951190208,-15.39082340796751,0 31.41756753991463,-15.3908925378839,0 31.41565572422531,-15.39131957151993,0 31.41615515423923,-15.39112233537283,0 31.41702704116619,-15.39082869812942,0 31.41720820569243,-15.39078102990834,0 31.41730414379126,-15.39083712699817,0 31.41714697902811,-15.3908696023093,0 31.41494068414097,-15.39161934962939,0 31.41483070573461,-15.39166815943871,0 31.41495285379617,-15.39159708916711,0 31.41683031154923,-15.39109887246842,0 31.41642335111544,-15.39124423253787,0 31.41548052246829,-15.39158460939414,0 31.41652169275094,-15.39129253847073,0 31.41697105415748,-15.39121803897085,0 31.41597963314138,-15.39166901106384,0 31.41584381995784,-15.39172658076019,0 31.41559418936762,-15.39181360170534,0 31.41625224600638,-15.39158476063276,0 31.41505541888713,-15.39209278215272,0 31.41423619576447,-15.39246814308799,0 31.41418523388963,-15.39248124292026,0 31.41422015985547,-15.39247704629746,0 31.41428741134339,-15.39245497970974,0 31.41550053257674,-15.39197958259466,0 31.41391320718753,-15.39316857856432,0 31.41328150447811,-15.39381510737724,0 31.41423076722537,-15.39284143400557,0 31.41422672797694,-15.39287151186255,0 31.41356174274402,-15.39332339436585,0 31.4135010770664,-15.39327389707817,0 31.41355238177356,-15.39319285411069,0 31.41391098245597,-15.39278266230665,0 31.41361741420408,-15.39390109175037,0 31.41339833893903,-15.39424001096578,0 31.41303194547704,-15.39479692031917,0 31.41384610306872,-15.39329945024845,0 31.41397249001529,-15.39309637673902,0 31.41423885579325,-15.39278121438134,0 31.41360345601875,-15.39366705514549,0 31.41345985007476,-15.39377904915538,0 31.41326854774348,-15.39386144908323,0 31.41382503242514,-15.39269140637578,0 31.41387416021333,-15.3926369369416,0 31.41386554008624,-15.39295903456609,0 31.41282923790949,-15.39475867479354,0 31.413036537805,-15.39421369039852,0 31.4131700755784,-15.39395076031405,0 31.41414616298912,-15.39261742611536,0 31.41390094254476,-15.39365350991249,0 31.41331713138635,-15.39458599411668,0 31.41321696655662,-15.39472585508757,0 31.41325854883738,-15.39444007576895,0 31.41443974808633,-15.39270907754277,0 31.41451335398089,-15.3932573287458,0 31.41313187519262,-15.39505983176993,0 31.41336138512574,-15.39444550912367,0 31.41445751914847,-15.39304230381023,0 31.41442633664975,-15.39386313644143,0 31.41419190491916,-15.39424200672377,0 31.41255423056208,-15.39605142779983,0 31.41302804375528,-15.39478548862456,0 31.41374288918674,-15.39361041015342,0 31.41390904791494,-15.39334973750588,0 31.41448268692721,-15.39322949792231,0 31.41303037801062,-15.39598161760476,0 31.41291861754526,-15.39606274509337,0 31.41284376726333,-15.39575840276218,0 31.41439469438806,-15.39314340192668,0 31.41480260724619,-15.39355782848234,0 31.41257754402108,-15.3968403870748,0 31.41244201873626,-15.39695786876634,0 31.41225498487526,-15.39679853736063,0 31.4123359803912,-15.3965903449758,0 31.41248613183688,-15.39630253080955,0 31.41397979250445,-15.39383286992456,0 31.41438128675579,-15.39428503302173,0 31.41420174558045,-15.39498954743503,0 31.41404933079126,-15.39526108238045,0 31.413036945369,-15.39603047428713,0 31.4130100937693,-15.3959380146225,0 31.41368340555003,-15.39381505828073,0 31.41383552415654,-15.39360457366513,0 31.41481472462779,-15.39338516272446,0 31.41419566711741,-15.39583097800394,0 31.41318775051379,-15.39644374097627,0 31.41335130132451,-15.3949791034609,0 31.41456747868175,-15.39426028835933,0 31.41472817577228,-15.39433504911046,0 31.41436515242794,-15.39610245406461,0 31.41346909297025,-15.39667064519525,0 31.41371887421965,-15.39577046062231,0 31.41419854771434,-15.39526981481403,0 31.4142919435071,-15.39523224612523,0 31.41481943575711,-15.39563801490904,0 31.41477829534414,-15.39580473983506,0 31.41410943771298,-15.39655656671843,0 31.41379986803349,-15.39603038715429,0 31.41402786314514,-15.39567925611637,0 31.41394516806435,-15.39641986651854,0 31.41352955927679,-15.3967623900845,0 31.41368911888727,-15.39644441395035,0 31.41387744442456,-15.39637904129255,0 31.41390588146726,-15.39714687125397,0 31.41332501723302,-15.39762208587077,0 31.41343224902509,-15.3969662558031,0 31.41408931912506,-15.3967794397035,0 31.41395349505831,-15.39783406755213,0 31.41290041636608,-15.39796393132483,0 31.412825181058,-15.39787555339755,0 31.41293759001464,-15.39718369577961,0 31.41350470036198,-15.39697945864471,0 31.41331570202636,-15.39773795443754,0 31.41326733185171,-15.39777395836965,0 31.41280580706163,-15.39724875418137,0 31.414020452318,-15.39539660878484,0 31.4141627238536,-15.3953672605222,0 31.41416692651184,-15.39666523599944,0 31.41283026456707,-15.39694603913066,0 31.41332303597866,-15.3956071222165,0 31.41369760282724,-15.39630105354515,0 31.4133267524691,-15.3967066155417,0 31.41367658472254,-15.39547912518325,0 31.41399885238079,-15.39591754839775,0 31.41342946270462,-15.39637065798528,0 31.41341086756459,-15.39570456882084,0 31.41366496871741,-15.39529381673793,0 31.41371829878745,-15.39524469283364,0 31.41399009213106,-15.39551780610057,0 31.4139747526226,-15.39563214158734,0 31.41341262382958,-15.39635129810515,0 31.41329934684101,-15.39582671319889,0 31.41387734771891,-15.39508287671812,0 31.41414308023391,-15.39697598706026,0 31.41278153273058,-15.39794232587387,0 31.41268525893019,-15.3978930269092,0 31.41268750995773,-15.39693426607973,0 31.41331183404494,-15.39712492891066,0 31.41309282775872,-15.39909342445496,0 31.41302984919032,-15.39912766267857,0 31.41297145539406,-15.39814085634145,0 31.41392226468334,-15.39731176437014,0 31.41402246041417,-15.39733119317786,0 31.41436152802018,-15.39803295186445,0 31.41348509349437,-15.39796199543391,0 31.41332232932625,-15.39703777530639,0 31.41460328157134,-15.39648292602136,0 31.41521583708538,-15.39663256450661,0 31.41538860859299,-15.39676883241684,0 31.41503219513994,-15.3980128125626,0 31.41487030484961,-15.39807169807408,0 31.41378352944087,-15.39781922807939,0 31.41379113856438,-15.39770199456553,0 31.41504827723248,-15.39672411092984,0 31.41602713999687,-15.39741166415831,0 31.41599635504692,-15.39760647565105,0 31.41476847664516,-15.39857585179845,0 31.41461044174708,-15.39860149402681,0 31.41431528111856,-15.3981839427167,0 31.41437906067763,-15.39808851839707,0 31.416286817839,-15.39716520072137,0 31.41645542983586,-15.39715852880608,0 31.41687898989743,-15.39795115927367,0 31.41657998240772,-15.39746268852709,0 31.41831398922017,-15.39569233721193,0 31.41851744749874,-15.39679927794324,0 31.41650816846061,-15.39793820585379,0 31.4171976805955,-15.39677249292991,0 31.41883551160671,-15.39716104758498,0 31.41760226535184,-15.39895547315561,0 31.41722838637671,-15.3984216915396,0 31.41968653436485,-15.39584266485767,0 31.41898627107728,-15.39706919796131,0 31.41675878358634,-15.39757716747088,0 31.41789651211906,-15.39591213975945,0 31.4180321379894,-15.39596242387059,0 31.41754560980138,-15.39776213412316,0 31.4186114402718,-15.39582040576702,0 31.41982884268498,-15.39542501748095,0 31.41980370975041,-15.39559705399564,0 31.41764547187201,-15.39684948730779,0 31.41766015960654,-15.39664557180599,0 31.42091209374963,-15.39372007334022,0 31.42103807654619,-15.39476642461251,0 31.41845258513106,-15.39674238749101,0 31.41991106314217,-15.39436852472829,0 31.42161714094472,-15.39332042132659,0 31.41757710817923,-15.39857880676403,0 31.41794181369674,-15.39712774152751,0 31.41967660608852,-15.39579682852388,0 31.41893824464618,-15.39817470088991,0 31.41720141766045,-15.39829184324809,0 31.42017615861362,-15.39547167799008,0 31.42094560776292,-15.39627627081766,0 31.41761796137967,-15.39828190473732,0 31.4198834591451,-15.39542522598549,0 31.42193236249638,-15.39399590682193,0 31.41815503968848,-15.39790614014336,0 31.41796683736152,-15.39802832902028,0 31.41828828759247,-15.39697199476081,0 31.42077593005311,-15.39425133408382,0 31.41845217491688,-15.39845379718032,0 31.41777064295122,-15.39879846970138,0 31.42017597772579,-15.39613203751374,0 31.42042228332875,-15.39675210909948,0 31.41818117484786,-15.39817965919995,0 31.41981890768878,-15.39552688285886,0 31.42185383646136,-15.39394805157769,0 31.41756466253002,-15.39866239105534,0 31.41625317889633,-15.39940457451603,0 31.41952055371323,-15.39566356672529,0 31.42029777622049,-15.39632853714752,0 31.41821134049673,-15.39865824507986,0 31.41862266258304,-15.39696330233643,0 31.42099938710881,-15.39524595848893,0 31.42082870023586,-15.39758015356721,0 31.41779417307628,-15.39909615474102,0 31.41774986567735,-15.39775802442326,0 31.41953897981855,-15.39688670303854,0 31.4194369812333,-15.39891671597121,0 31.41913941119349,-15.39919948481057,0 31.418181558701,-15.39958421826458,0 31.41810846503411,-15.39946555772269,0 31.42060166839889,-15.39649672614869,0 31.42214898044212,-15.39506542865326,0 31.4221819839797,-15.39519649799497,0 31.42125485290986,-15.39783695911414,0 31.41811352756216,-15.39920077714761,0 31.41808671972589,-15.39719118569262,0 31.4196057875284,-15.39610591532492,0 31.41971829929092,-15.39617130365919,0 31.41896759145407,-15.39902737372661,0 31.41870617334831,-15.39934362080295,0 31.41812613752692,-15.39979990355121,0 31.41809742739176,-15.399714612354,0 31.42075169244853,-15.39659216857981,0 31.42113658677434,-15.39600378496143,0 31.42239940955309,-15.39508057702905,0 31.42238998557995,-15.39522430353489,0 31.42057664794851,-15.39836199680609,0 31.41717603398365,-15.39981174423841,0 31.41711373892203,-15.39972197562176,0 31.41795766340382,-15.39775384171777,0 31.41950913612462,-15.3971056977004,0 31.41951319599588,-15.39728514635886,0 31.4175920621877,-15.4002674694039,0 31.4188081396603,-15.39747224219325,0 31.42214513901015,-15.39485395625241,0 31.41917317950843,-15.39878135719188,0 31.41870154105062,-15.39798611215376,0 31.42115593585662,-15.39578058191427,0 31.42119001347261,-15.39583803281052,0 31.41823287185367,-15.39919532998267,0 31.41814677369415,-15.3983799034853,0 31.4211692079482,-15.3958773681931,0 31.41838494163372,-15.3985755493877,0 31.41803641116847,-15.39772264488823,0 31.42152529645507,-15.39431026670855,0 31.421039150269,-15.39588061506769,0 31.41895045569917,-15.39632765697581,0 31.42142958710784,-15.39169449437268,0 31.42287821403058,-15.39097854276099,0 31.42186972034154,-15.39263930214471,0 31.42172297008487,-15.39275134267437,0 31.42109827611554,-15.39230961315492,0 31.42175519159519,-15.39114104062344,0 31.42218643437641,-15.39124741318015,0 31.42236325405605,-15.39139579785469,0 31.4215780294866,-15.3944374087186,0 31.42057656932387,-15.39365866049389,0 31.42054746816858,-15.39345244376237,0 31.42134487814383,-15.39216905558462,0 31.4215598170269,-15.39339730955815,0 31.41906761905661,-15.39307353912587,0 31.41986995151554,-15.39245722137752,0 31.4211753270313,-15.39277144969352,0 31.42046447277524,-15.39250563168843,0 31.42088053310431,-15.39197787585336,0 31.42150609791089,-15.39260395475564,0 31.42084588805063,-15.39236181137472,0 31.42112547078893,-15.39190605387167,0 31.42234772430982,-15.39294611457149,0 31.42126997724923,-15.39340816924692,0 31.42104575343673,-15.39337944106427,0 31.42030237138905,-15.39241350847337,0 31.4217048163914,-15.39159123700554,0 31.42188623524502,-15.39163252078359,0 31.42234772430982,-15.39294611457149,0 31.42226350962813,-15.39305231116413,0 31.42062515792251,-15.39303976981338,0 31.4205934914322,-15.39283051421832,0 31.42053360923001,-15.39190073199027,0 31.42236861424904,-15.39309232117207,0 31.42093095625605,-15.39323792474688,0 31.42107361464777,-15.39039099771768,0 31.42248940241721,-15.39071106824613,0 31.42150437005589,-15.39304144023895,0 31.41907423334681,-15.39232609859311,0 31.41945301527565,-15.39166312157159,0 31.42183673907098,-15.39457200003586,0 31.41988605955468,-15.39599806784966,0 31.41906162684462,-15.39430660009719,0 31.42036845372735,-15.39313769937858,0 31.42182000697939,-15.39530055132082,0 31.42167014202758,-15.39554974887463,0 31.41937551165573,-15.39643317039247,0 31.41908253858604,-15.39632324149338,0 31.41972092520799,-15.39272639156224,0 31.42241772196192,-15.39030836654081,0 31.42277186760395,-15.39368482827163,0 31.41983239353248,-15.39633219537671,0 31.4195808417138,-15.3962866903737,0 31.42007973402848,-15.39296609707918,0 31.42315515046068,-15.38961683780863,0 31.42333803257985,-15.38973198064474,0 31.42249489040707,-15.39489262179876,0 31.42100738549892,-15.39684417335788,0 31.42096832211771,-15.39621960890836,0 31.42168625241069,-15.39533900035605,0 31.42234633723585,-15.39532456796525,0 31.42242747339142,-15.39559795690787,0 31.42112936955943,-15.39714452148696,0 31.4206852104766,-15.39740249163282,0 31.41740643024826,-15.39827168324416,0 31.41743515306604,-15.39727907399561,0 31.42206010913976,-15.3941567456683,0 31.42236024626142,-15.39413490154582,0 31.42295788532062,-15.39553946882288,0 31.41732247937902,-15.39900910766243,0 31.41463023074681,-15.39871613375609,0 31.4171280621586,-15.39498295607908,0 31.4174968741074,-15.39469269112444,0 31.41805703046982,-15.39439210172962,0 31.41405466399871,-15.39822457430671,0 31.41402809604404,-15.39820709971627,0 31.41733660624722,-15.39739681287847,0 31.41700192971449,-15.39785399293273,0 31.41619694423663,-15.39825365933577,0 31.41604639775498,-15.39824331621438,0 31.41553472152477,-15.39788850800873,0 31.41571868417059,-15.39731879432334,0 31.41626935957642,-15.39691132423889,0 31.41753422703753,-15.39646700637241,0 31.41829293910794,-15.39665697866664,0 31.41830531778513,-15.39676571588919,0 31.41780956558467,-15.39741974798246,0 31.41687488412328,-15.39788474996064,0 31.41621946880952,-15.39781703588496,0 31.41604424506759,-15.39764853185358,0 31.41597782528671,-15.39752723299559,0 31.41614590472402,-15.39684165196746,0 31.41627467677085,-15.39666530087632,0 31.41726879731767,-15.39593105731479,0 31.41771840083908,-15.39611588601379,0 31.41772996787986,-15.39629879212715,0 31.41727004793374,-15.39740659533511,0 31.4171960228976,-15.39758197806147,0 31.416774685387,-15.39798920159834,0 31.41644390039836,-15.39792234341533,0 31.41622403163564,-15.39734362490486,0 31.41664659048525,-15.39664436749449,0 31.41750304909047,-15.39614151724217,0 31.41817518188135,-15.39649415419601,0 31.41763326490805,-15.39751793693245,0 31.4172560262537,-15.39792132268481,0 31.4171413564344,-15.3979917009007,0 31.41665222037836,-15.39800561557513,0 31.41656858938621,-15.39793671243129,0 31.41636856030044,-15.39738201007957,0 31.41641453493901,-15.39722253583462,0 31.41717452937679,-15.39643026387143,0 31.41773480971072,-15.39632994686217,0 31.41783739371725,-15.39639913767774,0 31.41776170717268,-15.3972307817616,0 31.41705665719844,-15.39821292476567,0 31.41646666121703,-15.39831403556263,0 31.41611880783827,-15.39786877839562,0 31.41649802705296,-15.39692774414767,0 31.41768293432755,-15.39616850174813,0 31.41859299332673,-15.39624473562997,0 31.41787945582667,-15.39747982865913,0 31.41700903191336,-15.39823406704901,0 31.41683823848116,-15.39831534917386,0 31.41633635697996,-15.39833590750412,0 31.41615520423071,-15.39795604217762,0 31.41658625510168,-15.39714039226883,0 31.41676958997274,-15.39694735217761,0 31.41805499298136,-15.39620427703896,0 31.41819706918648,-15.39616683345359,0 31.41868926237417,-15.39681245708765,0 31.41774673756818,-15.39818348036659,0 31.41687248286048,-15.39845272702552,0 31.41674751846738,-15.3984283502308,0 31.41620760282131,-15.39790521720912,0 31.41619232751135,-15.39778598882337,0 31.41653892001707,-15.3969762290306,0 31.418203241128,-15.3959443485265,0 31.41846865907268,-15.3958595742424,0 31.41913957209992,-15.39593301105767,0 31.41922848081578,-15.39606729563103,0 31.41827310388945,-15.39709436575485,0 31.41725262732195,-15.39744966721308,0 31.41684937583886,-15.39737689854741,0 31.41672049266277,-15.3973090317789,0 31.4163944796534,-15.39657951641494,0 31.41693466001626,-15.39520721078734,0 31.41818322883168,-15.39382048850628,0 31.41844213371943,-15.39364030008856,0 31.41862336696927,-15.39355768788115,0 31.41934264783816,-15.39373687550323,0 31.41860639530972,-15.39559064860055,0 31.41698965715652,-15.39680454728414,0 31.41679289149835,-15.39687943626135,0 31.41629798131086,-15.39679242124213,0 31.41604491890223,-15.39613186410388,0 31.41606150970673,-15.39592322024393,0 31.41665425616458,-15.39453746920841,0 31.4168206825202,-15.39425164562946,0 31.41749852140442,-15.39346394908911,0 31.41793773895184,-15.39328264305047,0 31.41814652009435,-15.39330002559984,0 31.41841503425753,-15.39469046485091,0 31.41707024533887,-15.39640449239303,0 31.41686922608227,-15.39657368393235,0 31.41634254008675,-15.39677280366042,0 31.41597364461179,-15.39630220799245,0 31.41595232830998,-15.39612140460583,0 31.41639430927479,-15.3948277690298,0 31.4171341156426,-15.39382278011375,0 31.41795922662623,-15.393942938764,0 31.41801730403156,-15.39418445306087,0 31.4179945299139,-15.39450701694356,0 31.41788410049607,-15.39488004078441,0 31.41696086643268,-15.39614993973761,0 31.41628894777656,-15.39665250065194,0 31.41592746259276,-15.39658868526486,0 31.41583644047395,-15.39628488643226,0 31.41597314703627,-15.39603185813105,0 31.41600800579445,-15.39600080269615,0 31.41606221781952,-15.39595810361911,0 31.41476850392148,-15.39641128940757,0 31.41498530645035,-15.39618987923538,0 31.41518503464799,-15.39603386793356,0 31.41541682211028,-15.39590484706918,0 31.41548509129596,-15.39587910890763,0 31.4156084466202,-15.3958424535568,0 31.41573286659864,-15.39584502778682,0 31.41578754128872,-15.39587912211835,0 31.41579388790313,-15.3959062369443,0 31.41576645370453,-15.39595959380227,0 31.41541411947472,-15.39617671999311,0 31.415238930716,-15.39623940487078,0 31.41512506882465,-15.39626872364514,0 31.41516072530638,-15.39617912710829,0 31.41551004240948,-15.39583170213676,0 31.41586016970743,-15.39550887486891,0 31.41598355320873,-15.39541585282019,0 31.41606795974125,-15.39535910022618,0 31.4160851059318,-15.39536804847789,0 31.41608755835163,-15.39544743084198,0 31.41603897448741,-15.39562978004225,0 31.4160171616489,-15.39569486470536,0 31.41593423477127,-15.39583172689627,0 31.41588918193385,-15.39587759624236,0 31.41587009691445,-15.39585459128296,0 31.41583914770048,-15.3956909062482,0 31.41584861831681,-15.39564166008692,0 31.4158872703105,-15.39553399490617,0 31.4159870288334,-15.39539848428348,0 31.41608113702873,-15.39531573394382,0 31.41614006983421,-15.39529675917018,0 31.41617791230377,-15.39531402797685,0 31.41616015038351,-15.39536473127973,0 31.41612167151852,-15.39541246768255,0 31.41603480097446,-15.39547944925067,0 31.41612254401483,-15.39534739082895,0 31.41616758283357,-15.39529638859584,0 31.41621875265199,-15.39522547069429,0 31.41625115368527,-15.39520632417081,0 31.41619526047191,-15.39529601600748,0 31.41605746055245,-15.39548087983523,0 31.41595811971212,-15.39559366153343,0 31.41455542432927,-15.39610424437104,0 31.41554085912794,-15.39514256426751,0 31.41540476912071,-15.39537145261857,0 31.41530612358479,-15.39552068555355,0 31.4150561685789,-15.39587568840697,0 31.41500573628536,-15.39595800927527,0 31.41509279375607,-15.39587833334064,0 31.41528703385512,-15.39569552894214,0 31.41558562492407,-15.39539311199767,0 31.415634757511,-15.39534539058032,0 31.41568862449506,-15.39528465638582,0 31.41567605130874,-15.39531624857126,0 31.4156060102454,-15.39548969648837,0 31.41533064463878,-15.39594234074322,0 31.41517373684476,-15.39613526162668,0 31.41481146877314,-15.39657333871539,0 31.41476527980981,-15.39662098960901,0 31.41482502146015,-15.39655003281739,0 31.41519561674355,-15.39605218520668,0 31.41542560785367,-15.39569346540357,0 31.4154877515748,-15.3955704946238,0 31.41538521558686,-15.39573404310337,0 31.41515584077905,-15.39601376177745,0 31.41508534719258,-15.39608886650319,0 31.41490399358369,-15.39625638713547,0 31.4149438712547,-15.39620059400373,0 31.41497978304518,-15.3961239826353,0 31.41627400058822,-15.3952637943876,0 31.4164747792128,-15.39508953882859,0 31.41651748438036,-15.39507151578152,0 31.4165510019806,-15.39515015569868,0 31.41655128940171,-15.39520750329158,0 31.41654326461383,-15.39534665489986,0 31.41654816302737,-15.39545631434241,0 31.41652800072476,-15.39550790074841,0 31.41636796674825,-15.39568940878839,0 31.41607738665103,-15.39589770756392,0 31.41589014516303,-15.39600030872519,0 31.41590297144153,-15.39590745772217,0 31.4161931466154,-15.39553464941257,0 31.41670323515577,-15.39507593588234,0 31.4171252069693,-15.39480690471125,0 31.41730770605736,-15.39477355738765,0 31.41736075286792,-15.39491666319453,0 31.41733146618864,-15.39499735492788,0 31.41715309725767,-15.39520703471184,0 31.41697179285646,-15.39536939627133,0 31.41640903804186,-15.3958449402715,0 31.41589627159931,-15.39617238308348,0 31.41564565252581,-15.39628563875504,0 31.41559510560419,-15.39630531668026,0 31.41558793867841,-15.39622548100552,0 31.41575971018943,-15.39601493283373,0 31.41602302867944,-15.39578481520441,0 31.41607251098046,-15.39574651857187,0 31.41613213876483,-15.39570444506225,0 31.41617242285429,-15.3957056843993,0 31.4161336655851,-15.39581235671056,0 31.41587124412326,-15.39609378419319,0 31.41542944884634,-15.39642507471737,0 31.41515967932417,-15.39657166981412,0 31.41511258818147,-15.39658839124995,0 31.41514089928133,-15.39650693672191,0 31.41548265179286,-15.39611753881629,0 31.41565953027854,-15.39594882851284,0 31.41597872588515,-15.39565277024815,0 31.41609466425226,-15.39558231944581,0 31.41607325655909,-15.39568431342122,0 31.41605472292811,-15.39573242010264,0 31.41593497451318,-15.39592615460162,0 31.41582965040501,-15.39605904647908,0 31.41586387499723,-15.39600418133162,0 31.41613258710585,-15.39567304300149,0 31.4163355718878,-15.39544283173576,0 31.4164081100665,-15.39537097309472,0 31.4164119276545,-15.39539160060278,0 31.41634059542892,-15.39558163941695,0 31.41595050927836,-15.39605385367802,0 31.41542331519295,-15.39649202835581,0 31.41523659136537,-15.39659251935877,0 31.41514863753515,-15.39653360968904,0 31.41582595436617,-15.39587032741449,0 31.41612584913221,-15.39563892021267,0 31.41686006424013,-15.39508867034851,0 31.41714750778301,-15.3949222920753,0 31.41718376652824,-15.39491977914391,0 31.41703652760946,-15.39511973623911,0 31.41648579028731,-15.39564330538895,0 31.41591215174457,-15.39609526630939,0 31.41578115536484,-15.39618873597216,0 31.41562159389768,-15.39628828687567,0 31.41573958725399,-15.39614992456884,0 31.41599475515834,-15.39588067813407,0 31.4161536735048,-15.39571235719417,0 31.41643496258001,-15.39543792204086,0 31.41652522639657,-15.39537035746165,0 31.41652678373201,-15.39541989966908,0 31.41628821303873,-15.3957435181268,0 31.41569635703461,-15.39628887957226,0 31.41527250293097,-15.39657064261354,0 31.41514171244527,-15.39662940011024,0 31.41513828340767,-15.39659780256233,0 31.41554348261318,-15.39614329544117,0 31.41571290888098,-15.39598290028316,0 31.416216123639,-15.39554733891402,0 31.41645454455989,-15.39538628904778,0 31.41651137484311,-15.39537565092759,0 31.41651609712098,-15.3954016973433,0 31.41638682457707,-15.39560253162886,0 31.41627443483212,-15.39574304398104,0 31.41572143151096,-15.39623509998406,0 31.41506691322629,-15.39664469902105,0 31.41471450784439,-15.39680933264314,0 31.41465131407216,-15.39683135527529,0 31.41467068360831,-15.39678340024479,0 31.41514368604477,-15.39643561240823,0 31.41541876538014,-15.39624259944996,0 31.41616807565044,-15.39571764915497,0 31.416433644904,-15.39554775801654,0 31.41646647501076,-15.39553034618766,0 31.41645951814311,-15.39557098156589,0 31.41643246227223,-15.39561852666777,0 31.41631665608301,-15.39576006134173,0 31.41620417718258,-15.39588606232562,0 31.4156495302245,-15.39635284177075,0 31.41514938291203,-15.39665578329041,0 31.41500433716322,-15.39671191559149,0 31.41499075424737,-15.39668401891378,0 31.41524903493357,-15.39642548830466,0 31.41539916001755,-15.3963065777013,0 31.41592317130469,-15.39593513356681,0 31.41614033066277,-15.39584594147579,0 31.41623673950678,-15.39583918746307,0 31.41628291826092,-15.39589118268088,0 31.41623253563902,-15.39602434799758,0 31.41601565674114,-15.39624722353631,0 31.41585291800699,-15.39635486298666,0 31.41536495902096,-15.39663516814723,0 31.4150981113464,-15.3967324073951,0 31.41504652244321,-15.39674471913418,0 31.41505840316721,-15.3967103719742,0 31.41513760647864,-15.39665471652521,0 31.41559709612378,-15.39636346736574,0 31.4161092768025,-15.39605774917264,0 31.41634140290131,-15.3959444344749,0 31.41640770100725,-15.39592343274743,0 31.41640501184558,-15.39597065705044,0 31.41619064180428,-15.39618640811015,0 31.41570087917912,-15.39651440169626,0 31.41518428410578,-15.39675607713547,0 31.41495651734396,-15.3968198095983,0 31.41485399184776,-15.39680193672461,0 31.41485034851057,-15.39677272493392,0 31.41501177821731,-15.39660746381218,0 31.41555345110404,-15.39625898046922,0 31.41617860578444,-15.39594036105233,0 31.41655326660594,-15.39582451668343,0 31.41667026904532,-15.39583492486064,0 31.41666658061214,-15.39589976493412,0 31.4164462063033,-15.39610605188181,0 31.41584395395067,-15.39645428492499,0 31.41547325347486,-15.39657791754025,0 31.41533305922107,-15.39656739623393,0 31.41537724652067,-15.39645724876334,0 31.41548966017688,-15.3963635179998,0 31.41600800579445,-15.39600080269615,0 31.41619174108659,-15.39587989204463,0 31.41664190408776,-15.39563881047846,0 31.41681285057493,-15.39558039567442,0 31.41685462909203,-15.39561071743853,0 31.41672046726652,-15.39577595118525,0 31.41626868804827,-15.39612858185663,0 31.41610544201616,-15.39622612305029,0 31.41570476679184,-15.39642792148887,0 31.4156082432236,-15.39645880690789,0 31.41558578810407,-15.39636673796845,0 31.41566200737141,-15.39627615075076,0 31.41613315872372,-15.39577653560124,0 31.41669063232976,-15.3952785983792,0 31.41709532325885,-15.39501748329617,0 31.41716427302431,-15.39498965443761,0 31.41725670484812,-15.39499588341753,0 31.41722896766937,-15.39516018929527,0 31.41686109805747,-15.39556364715044,0 31.4166719342779,-15.39572143537476,0 31.41607404764561,-15.39616709109179,0 31.4155796345636,-15.39639092664081,0 31.41539674096939,-15.39641267310738,0 31.41536067899046,-15.3963316061718,0 31.4154019945053,-15.39627021136594,0 31.4158796386331,-15.39583626671658,0 31.41671445441914,-15.39522319475127,0 31.41700240696659,-15.39505498571724,0 31.41746662463795,-15.39482276139176,0 31.41757831218051,-15.394816549767,0 31.41758109641791,-15.39484778628318,0 31.41742635910341,-15.39509148356551,0 31.4168223410223,-15.39561617041649,0 31.41589513393938,-15.39625363355324,0 31.4153370604059,-15.39649415606035,0 31.41525570022193,-15.39651231763599,0 31.4151922233052,-15.3965215184939,0 31.41508383633127,-15.39646990459165,0 31.41516497991053,-15.3963237576996,0 31.41560183356458,-15.39597395875764,0 31.41611012898301,-15.39566034399834,0 31.41647630102058,-15.39550487121192,0 31.41656391529048,-15.3955226074938,0 31.41656554123816,-15.39555524337176,0 31.41642668473744,-15.3957227477401,0 31.41608860083581,-15.39597949406768,0 31.41563698687042,-15.39622400154649,0 31.4154470485663,-15.39630962306006,0 31.41531014903567,-15.39633403668588,0 31.41522301323813,-15.39627068512089,0 31.41533279624809,-15.39609644099854,0 31.41547050376656,-15.3959690779871,0 31.41593283396276,-15.39560872218984,0 31.41646078730093,-15.39530029632642,0 31.41657871839428,-15.39524229644895,0 31.41680339159065,-15.3951705798978,0 31.41686283434593,-15.39517636203378,0 31.41685912927642,-15.39521307936687,0 31.41681574496348,-15.39526494561414,0 31.41656072649098,-15.39548490766942,0 31.41624196577677,-15.39568093462889,0 31.41607357799927,-15.39575127317091,0 31.41602650306266,-15.39576827465049,0 31.41611590509512,-15.39568948673666,0 31.41652018362186,-15.39538344106903,0 31.41666895920039,-15.39528695798996,0 31.41714030130981,-15.39501774888482,0 31.41720316675294,-15.39501104223617,0 31.41698802862262,-15.3952221028699,0 31.41673386568496,-15.39542801053904,0 31.41660962617102,-15.3955118870895,0 31.41670570360871,-15.39540408152954,0 31.41699343600426,-15.39512473581724,0 31.41709020112723,-15.39505003836847,0 31.4171562610503,-15.39499904427062,0 31.41720796957063,-15.39497201774938,0 31.41725972562755,-15.39493864602971,0 31.41725370537689,-15.39505272337768,0 31.41705565331216,-15.39527935635136,0 31.41684143420523,-15.39547442215941,0 31.41675795530378,-15.39552675827874,0 31.41675429781586,-15.39542634302055,0 31.41680361464019,-15.39534507111255,0 31.41691698094034,-15.39520227737018,0 
			</coordinates>
		</LineString>
		<atom:link rel="app" href="https://www.google.com/earth/about/versions/#earth-pro" title="Google Earth Pro 7.3.7.1155"></atom:link>
	</Placemark>
</Document>
</kml>
